transaction_id,customer_id,product_id,transaction_date,amount,status
1,C0655,P0164,2026-09-02,261.59,CANCELLED
2,C0115,P0396,2026-09-03,1916.07,CANCELLED
3,C0026,P0226,2026-09-05,1709.36,REFUNDED
4,C0760,P0344,2026-09-05,1333.08,COMPLETED
5,C0282,P0061,2026-09-05,2596.14,REFUNDED
6,C0251,P0140,2026-09-03,3249.22,REFUNDED
7,C0229,P0077,2026-09-02,2778.56,CANCELLED
8,C0143,P0081,2026-09-04,530.63,COMPLETED
9,C0755,P0141,2026-09-05,1063.58,REFUNDED
10,C0105,P0059,2026-09-01,579.5,CANCELLED
11,C0693,P0008,2026-09-02,3290.77,CANCELLED
12,C0759,P0491,2026-09-04,3813.4,CANCELLED
13,C0914,P0319,2026-09-01,250.22,COMPLETED
14,C0559,P0287,2026-09-01,1399.43,CANCELLED
15,C0090,P0264,2026-09-02,2695.44,CANCELLED
16,C0605,P0053,2026-09-05,4262.41,REFUNDED
17,C0433,P0106,2026-09-05,3536.64,REFUNDED
18,C0033,P0278,2026-09-05,827.32,COMPLETED
19,C0031,P0180,2026-09-05,4103.66,CANCELLED
20,C0096,P0282,2026-09-04,464.35,REFUNDED
21,C0224,P0164,2026-09-05,4259.99,CANCELLED
22,C0239,P0139,2026-09-01,517.09,REFUNDED
23,C0518,P0073,2026-09-05,4152.74,REFUNDED
24,C0617,P0483,2026-09-01,3921.45,CANCELLED
25,C0028,P0361,2026-09-05,1891.96,REFUNDED
26,C0575,P0412,2026-09-04,1515.56,REFUNDED
27,C0204,P0146,2026-09-05,3330.59,COMPLETED
28,C0734,P0294,2026-09-05,4423.01,CANCELLED
29,C0666,P0126,2026-09-04,3570.58,CANCELLED
30,C0719,P0088,2026-09-03,2714.72,REFUNDED
31,C0559,P0037,2026-09-03,4355.16,REFUNDED
32,C0430,P0160,2026-09-02,2740.03,COMPLETED
33,C0226,P0314,2026-09-05,2702.14,REFUNDED
34,C0460,P0457,2026-09-03,4957.6,COMPLETED
35,C0604,P0174,2026-09-02,1524.87,COMPLETED
36,C0285,P0277,2026-09-03,91.76,CANCELLED
37,C0829,P0228,2026-09-02,3829.7,REFUNDED
38,C0891,P0026,2026-09-03,593.19,CANCELLED
39,C0007,P0067,2026-09-02,1667.25,COMPLETED
40,C0778,P0015,2026-09-04,2803.55,CANCELLED
41,C0826,P0242,2026-09-03,339.51,REFUNDED
42,C0164,P0463,2026-09-01,1581.05,COMPLETED
43,C0715,P0346,2026-09-02,1562.69,REFUNDED
44,C0433,P0026,2026-09-04,711.15,CANCELLED
45,C0349,P0055,2026-09-04,4192.26,CANCELLED
46,C0285,P0197,2026-09-03,54.75,CANCELLED
47,C0160,P0028,2026-09-01,3983.33,CANCELLED
48,C0221,P0045,2026-09-03,929.42,CANCELLED
49,C0981,P0219,2026-09-05,4643.94,COMPLETED
50,C0782,P0201,2026-09-05,4582.05,REFUNDED
51,C0345,P0092,2026-09-01,2514.25,REFUNDED
52,C0105,P0361,2026-09-03,3209.49,REFUNDED
53,C0095,P0306,2026-09-04,2428.19,REFUNDED
54,C0390,P0457,2026-09-05,4167.95,CANCELLED
55,C0100,P0304,2026-09-02,2627.87,COMPLETED
56,C0368,P0323,2026-09-04,3890.89,COMPLETED
57,C0868,P0429,2026-09-04,4800.83,CANCELLED
58,C0353,P0354,2026-09-02,3207.14,CANCELLED
59,C0619,P0359,2026-09-05,1444.76,COMPLETED
60,C0271,P0229,2026-09-02,4357.57,CANCELLED
61,C0827,P0316,2026-09-05,3757.22,COMPLETED
62,C0045,P0183,2026-09-02,3886.6,CANCELLED
63,C0748,P0160,2026-09-04,637.82,REFUNDED
64,C0471,P0171,2026-09-05,2204.95,REFUNDED
65,C0550,P0419,2026-09-02,690.04,COMPLETED
66,C0128,P0102,2026-09-05,1516.16,COMPLETED
67,C0997,P0366,2026-09-03,942.45,COMPLETED
68,C0945,P0389,2026-09-03,3072.05,COMPLETED
69,C0388,P0344,2026-09-03,3588.55,REFUNDED
70,C0081,P0415,2026-09-03,2208.79,COMPLETED
71,C0566,P0274,2026-09-01,766.91,REFUNDED
72,C0301,P0041,2026-09-01,421.76,REFUNDED
73,C0850,P0499,2026-09-04,955.96,CANCELLED
74,C0644,P0473,2026-09-04,1562.91,REFUNDED
75,C0634,P0387,2026-09-05,366.62,COMPLETED
76,C0907,P0392,2026-09-02,1457.39,REFUNDED
77,C0883,P0239,2026-09-05,3078.08,CANCELLED
78,C0371,P0291,2026-09-04,2682.89,CANCELLED
79,C0592,P0068,2026-09-02,3989.4,REFUNDED
80,C0197,P0048,2026-09-02,608.2,CANCELLED
81,C0722,P0417,2026-09-04,3677.06,REFUNDED
82,C0072,P0411,2026-09-01,4691.42,REFUNDED
83,C0047,P0471,2026-09-02,4589.33,REFUNDED
84,C0678,P0358,2026-09-01,2863.34,REFUNDED
85,C0234,P0240,2026-09-04,4316.27,REFUNDED
86,C0792,P0050,2026-09-03,4335.91,CANCELLED
87,C0297,P0234,2026-09-05,495.74,REFUNDED
88,C0082,P0159,2026-09-04,4320.37,COMPLETED
89,C0876,P0351,2026-09-01,2260.24,COMPLETED
90,C0239,P0330,2026-09-02,4135.64,COMPLETED
91,C0888,P0364,2026-09-01,2060.94,COMPLETED
92,C0104,P0393,2026-09-04,3066.58,CANCELLED
93,C0390,P0239,2026-09-01,4884.98,REFUNDED
94,C0285,P0241,2026-09-02,1424.54,CANCELLED
95,C0465,P0119,2026-09-01,3468.74,COMPLETED
96,C0651,P0486,2026-09-02,527.85,REFUNDED
97,C0855,P0115,2026-09-05,846.37,REFUNDED
98,C0374,P0074,2026-09-05,3506.63,COMPLETED
99,C0167,P0441,2026-09-04,598.92,COMPLETED
100,C0380,P0459,2026-09-04,2770.29,REFUNDED
101,C0364,P0316,2026-09-03,332.21,CANCELLED
102,C0215,P0133,2026-09-02,4382.16,REFUNDED
103,C0687,P0468,2026-09-04,2140.13,REFUNDED
104,C0274,P0187,2026-09-05,153.64,COMPLETED
105,C0719,P0201,2026-09-02,3456.54,REFUNDED
106,C0960,P0094,2026-09-03,882.05,CANCELLED
107,C0700,P0359,2026-09-01,60.55,REFUNDED
108,C0664,P0470,2026-09-03,76.64,REFUNDED
109,C0074,P0341,2026-09-03,4684.42,COMPLETED
110,C0624,P0170,2026-09-05,3752.58,COMPLETED
111,C0651,P0404,2026-09-05,2719.24,COMPLETED
112,C0176,P0441,2026-09-05,1007.29,COMPLETED
113,C0547,P0452,2026-09-01,2010.35,REFUNDED
114,C0747,P0167,2026-09-01,4371.19,CANCELLED
115,C0251,P0233,2026-09-01,69.05,CANCELLED
116,C0168,P0250,2026-09-03,3177.45,COMPLETED
117,C0474,P0016,2026-09-04,1666.86,CANCELLED
118,C0389,P0034,2026-09-04,938.33,REFUNDED
119,C0277,P0244,2026-09-04,1259.15,CANCELLED
120,C0948,P0058,2026-09-04,2670.83,REFUNDED
121,C0656,P0180,2026-09-03,1212.97,COMPLETED
122,C0705,P0246,2026-09-04,3563.43,COMPLETED
123,C0571,P0237,2026-09-02,4679.82,CANCELLED
124,C0225,P0434,2026-09-02,2788.1,CANCELLED
125,C0702,P0088,2026-09-05,851.1,CANCELLED
126,C0333,P0145,2026-09-05,2118.75,REFUNDED
127,C0864,P0394,2026-09-01,4061.07,COMPLETED
128,C0787,P0179,2026-09-02,896.03,REFUNDED
129,C0795,P0310,2026-09-01,3902.85,REFUNDED
130,C0058,P0295,2026-09-05,3848.17,CANCELLED
131,C0235,P0066,2026-09-05,359.12,REFUNDED
132,C0842,P0261,2026-09-03,2282.95,COMPLETED
133,C0033,P0053,2026-09-04,2693.21,REFUNDED
134,C0825,P0208,2026-09-04,2189.37,REFUNDED
135,C0324,P0419,2026-09-03,4122.04,COMPLETED
136,C0411,P0366,2026-09-04,3793.62,COMPLETED
137,C0275,P0408,2026-09-02,4671.13,CANCELLED
138,C0068,P0055,2026-09-05,4296.08,CANCELLED
139,C0217,P0167,2026-09-05,927.69,REFUNDED
140,C0936,P0285,2026-09-03,2801.26,CANCELLED
141,C0966,P0333,2026-09-01,4453.2,REFUNDED
142,C0581,P0037,2026-09-02,4415.97,REFUNDED
143,C0898,P0406,2026-09-03,2532.93,REFUNDED
144,C0736,P0155,2026-09-04,4470.14,CANCELLED
145,C0323,P0273,2026-09-03,3382.22,CANCELLED
146,C0218,P0237,2026-09-01,4419.68,CANCELLED
147,C0672,P0206,2026-09-05,1059.04,CANCELLED
148,C0512,P0303,2026-09-05,4082.06,COMPLETED
149,C0406,P0212,2026-09-05,2067.17,CANCELLED
150,C0906,P0123,2026-09-05,3747.57,COMPLETED
151,C0937,P0318,2026-09-05,2553.01,REFUNDED
152,C0659,P0125,2026-09-04,3193.25,COMPLETED
153,C0470,P0281,2026-09-03,4422.2,CANCELLED
154,C0147,P0082,2026-09-03,4819.2,COMPLETED
155,C0272,P0499,2026-09-04,4569.6,CANCELLED
156,C0143,P0247,2026-09-03,3762.71,REFUNDED
157,C0253,P0197,2026-09-02,3851.42,REFUNDED
158,C0763,P0034,2026-09-02,926.31,CANCELLED
159,C0575,P0175,2026-09-01,2301.64,REFUNDED
160,C0552,P0107,2026-09-02,1276.77,CANCELLED
161,C0270,P0417,2026-09-04,2783.14,COMPLETED
162,C0765,P0356,2026-09-05,4827.4,COMPLETED
163,C0599,P0303,2026-09-03,587.87,CANCELLED
164,C0439,P0221,2026-09-05,4867.08,CANCELLED
165,C0920,P0402,2026-09-05,989.87,COMPLETED
166,C0598,P0223,2026-09-03,3335.93,CANCELLED
167,C0409,P0291,2026-09-01,3965.95,COMPLETED
168,C0371,P0404,2026-09-03,1045.57,CANCELLED
169,C0225,P0176,2026-09-03,1166.76,CANCELLED
170,C0142,P0279,2026-09-02,3063.43,REFUNDED
171,C0522,P0356,2026-09-01,540.79,COMPLETED
172,C0506,P0121,2026-09-03,2725.79,CANCELLED
173,C0094,P0089,2026-09-03,2565.1,CANCELLED
174,C0774,P0340,2026-09-04,4855.54,COMPLETED
175,C0049,P0343,2026-09-04,1779.17,REFUNDED
176,C0882,P0040,2026-09-02,974.83,COMPLETED
177,C0113,P0379,2026-09-02,3699.01,CANCELLED
178,C0157,P0477,2026-09-03,3655.2,CANCELLED
179,C0643,P0365,2026-09-03,363.34,CANCELLED
180,C0164,P0294,2026-09-05,2410.51,REFUNDED
181,C0812,P0429,2026-09-01,3555.82,REFUNDED
182,C0697,P0250,2026-09-02,3833.06,REFUNDED
183,C0433,P0059,2026-09-03,4707.82,REFUNDED
184,C0611,P0304,2026-09-02,147.93,REFUNDED
185,C0066,P0306,2026-09-01,4765.7,CANCELLED
186,C0395,P0238,2026-09-02,2437.28,REFUNDED
187,C0391,P0167,2026-09-05,1958.93,REFUNDED
188,C0611,P0285,2026-09-05,3270.68,REFUNDED
189,C0480,P0050,2026-09-02,2141.34,CANCELLED
190,C0542,P0421,2026-09-01,3164.29,CANCELLED
191,C0258,P0228,2026-09-05,1882.66,CANCELLED
192,C0995,P0091,2026-09-01,2930.91,CANCELLED
193,C0567,P0158,2026-09-05,81.06,CANCELLED
194,C0882,P0490,2026-09-05,4499.33,CANCELLED
195,C0966,P0208,2026-09-02,2714.22,REFUNDED
196,C0012,P0036,2026-09-01,547.23,CANCELLED
197,C0697,P0307,2026-09-04,3288.24,CANCELLED
198,C0739,P0056,2026-09-01,1368.69,CANCELLED
199,C0118,P0351,2026-09-03,3863.11,COMPLETED
200,C0699,P0417,2026-09-02,3124.79,COMPLETED
201,C0907,P0306,2026-09-03,2362.09,CANCELLED
202,C0550,P0395,2026-09-05,2250.74,COMPLETED
203,C0769,P0420,2026-09-04,2078.27,COMPLETED
204,C0274,P0195,2026-09-04,2330.19,REFUNDED
205,C0788,P0168,2026-09-05,2540.68,COMPLETED
206,C0657,P0254,2026-09-02,597.81,REFUNDED
207,C0349,P0331,2026-09-04,4851.19,REFUNDED
208,C0115,P0339,2026-09-03,2124.05,REFUNDED
209,C0301,P0032,2026-09-01,4273.48,COMPLETED
210,C0446,P0047,2026-09-01,3234.09,CANCELLED
211,C0162,P0112,2026-09-04,2728.04,COMPLETED
212,C0465,P0419,2026-09-04,1529.6,REFUNDED
213,C0004,P0072,2026-09-04,3320.67,CANCELLED
214,C0977,P0455,2026-09-03,932.07,REFUNDED
215,C0740,P0298,2026-09-01,3394.01,CANCELLED
216,C0897,P0463,2026-09-02,4953.84,COMPLETED
217,C0737,P0387,2026-09-03,4118.45,REFUNDED
218,C0270,P0326,2026-09-01,795.84,CANCELLED
219,C0996,P0415,2026-09-03,1984.41,CANCELLED
220,C0513,P0001,2026-09-01,1874.77,REFUNDED
221,C0781,P0388,2026-09-02,4769.04,COMPLETED
222,C0183,P0076,2026-09-01,2026.31,REFUNDED
223,C0520,P0339,2026-09-03,1953.14,REFUNDED
224,C0935,P0077,2026-09-02,895.53,COMPLETED
225,C0109,P0232,2026-09-05,4355.89,CANCELLED
226,C0892,P0273,2026-09-03,2894.99,CANCELLED
227,C0641,P0150,2026-09-03,516.29,COMPLETED
228,C0306,P0200,2026-09-04,1652.18,REFUNDED
229,C0862,P0316,2026-09-05,1060.49,REFUNDED
230,C0655,P0296,2026-09-01,3102.88,COMPLETED
231,C0520,P0229,2026-09-03,2986.22,COMPLETED
232,C0624,P0101,2026-09-01,4460.99,COMPLETED
233,C0204,P0106,2026-09-04,854.41,CANCELLED
234,C0157,P0349,2026-09-01,1664.44,REFUNDED
235,C0383,P0450,2026-09-05,3031.6,CANCELLED
236,C0781,P0163,2026-09-03,3372.25,CANCELLED
237,C0166,P0154,2026-09-02,3159.96,CANCELLED
238,C0553,P0292,2026-09-05,94.71,REFUNDED
239,C0977,P0407,2026-09-01,2249.47,COMPLETED
240,C0798,P0468,2026-09-01,1524.41,CANCELLED
241,C0945,P0348,2026-09-02,725.69,REFUNDED
242,C0544,P0156,2026-09-02,4315.18,REFUNDED
243,C0941,P0471,2026-09-05,161.25,CANCELLED
244,C0001,P0483,2026-09-04,1377.18,CANCELLED
245,C0614,P0480,2026-09-02,2402.14,COMPLETED
246,C0332,P0223,2026-09-02,3835.92,COMPLETED
247,C0501,P0368,2026-09-03,2089.43,CANCELLED
248,C0020,P0469,2026-09-04,2971.82,CANCELLED
249,C0115,P0177,2026-09-02,4985.23,REFUNDED
250,C0952,P0046,2026-09-04,361.5,CANCELLED
251,C0372,P0299,2026-09-02,2217.47,COMPLETED
252,C0900,P0005,2026-09-04,3112.74,REFUNDED
253,C0852,P0314,2026-09-03,2447.93,COMPLETED
254,C0827,P0262,2026-09-02,2834.06,REFUNDED
255,C0315,P0207,2026-09-02,2788.57,COMPLETED
256,C0246,P0434,2026-09-01,2996.68,COMPLETED
257,C0060,P0066,2026-09-05,1569.62,CANCELLED
258,C0247,P0437,2026-09-02,3414.59,COMPLETED
259,C0900,P0151,2026-09-01,1311.8,REFUNDED
260,C0581,P0032,2026-09-04,1792.12,CANCELLED
261,C0970,P0190,2026-09-01,3108.14,CANCELLED
262,C0081,P0462,2026-09-04,2876.34,REFUNDED
263,C0088,P0282,2026-09-05,2057.86,CANCELLED
264,C0750,P0496,2026-09-05,422.58,REFUNDED
265,C0498,P0028,2026-09-02,2569.84,COMPLETED
266,C0836,P0001,2026-09-02,4023.5,CANCELLED
267,C0071,P0361,2026-09-01,4019.81,COMPLETED
268,C0779,P0287,2026-09-04,4242.55,COMPLETED
269,C0546,P0421,2026-09-03,607.1,CANCELLED
270,C0785,P0184,2026-09-05,2337.11,COMPLETED
271,C0129,P0057,2026-09-04,1480.43,COMPLETED
272,C0132,P0441,2026-09-05,2318.76,REFUNDED
273,C0676,P0145,2026-09-02,4721.43,COMPLETED
274,C0487,P0444,2026-09-03,1749.65,CANCELLED
275,C0970,P0016,2026-09-04,2023.41,REFUNDED
276,C0563,P0121,2026-09-05,2928.55,CANCELLED
277,C0170,P0222,2026-09-02,4051.71,COMPLETED
278,C0272,P0360,2026-09-03,578.75,COMPLETED
279,C0541,P0303,2026-09-02,1935.06,COMPLETED
280,C0894,P0202,2026-09-03,3893.21,COMPLETED
281,C0622,P0321,2026-09-04,2691.84,CANCELLED
282,C0434,P0163,2026-09-04,1362.84,REFUNDED
283,C0988,P0365,2026-09-04,1614.38,COMPLETED
284,C0217,P0196,2026-09-05,3972.06,REFUNDED
285,C0952,P0208,2026-09-03,874.99,REFUNDED
286,C0553,P0196,2026-09-05,3218.05,CANCELLED
287,C0774,P0223,2026-09-04,4040.71,COMPLETED
288,C0748,P0280,2026-09-03,4385.4,REFUNDED
289,C0707,P0109,2026-09-01,1667.0,CANCELLED
290,C0206,P0340,2026-09-02,895.96,REFUNDED
291,C0731,P0089,2026-09-01,4186.69,REFUNDED
292,C0320,P0244,2026-09-03,4933.6,COMPLETED
293,C0409,P0072,2026-09-04,861.93,CANCELLED
294,C0688,P0097,2026-09-04,740.73,CANCELLED
295,C0666,P0285,2026-09-03,2320.47,CANCELLED
296,C0383,P0197,2026-09-02,2013.7,CANCELLED
297,C0449,P0432,2026-09-04,1484.9,CANCELLED
298,C0922,P0474,2026-09-01,3029.06,COMPLETED
299,C0530,P0185,2026-09-02,352.97,COMPLETED
300,C0463,P0431,2026-09-04,4207.34,COMPLETED
301,C0124,P0214,2026-09-03,936.75,COMPLETED
302,C0254,P0079,2026-09-01,2696.47,REFUNDED
303,C0231,P0148,2026-09-03,1300.68,COMPLETED
304,C0066,P0447,2026-09-04,2624.41,COMPLETED
305,C0347,P0344,2026-09-02,3862.35,REFUNDED
306,C0022,P0065,2026-09-04,52.7,REFUNDED
307,C0603,P0069,2026-09-04,4392.44,COMPLETED
308,C0568,P0006,2026-09-05,2887.02,CANCELLED
309,C0236,P0037,2026-09-04,990.27,REFUNDED
310,C0603,P0332,2026-09-02,3345.34,COMPLETED
311,C0226,P0009,2026-09-01,253.69,REFUNDED
312,C0008,P0074,2026-09-03,2438.21,CANCELLED
313,C0073,P0370,2026-09-03,3350.45,REFUNDED
314,C0725,P0454,2026-09-05,2727.24,COMPLETED
315,C0647,P0250,2026-09-02,1222.96,CANCELLED
316,C0061,P0337,2026-09-04,2995.27,CANCELLED
317,C0235,P0224,2026-09-01,2394.95,COMPLETED
318,C0070,P0500,2026-09-05,4175.37,CANCELLED
319,C0928,P0070,2026-09-03,3730.39,REFUNDED
320,C0033,P0044,2026-09-03,574.63,CANCELLED
321,C0881,P0071,2026-09-03,1770.78,CANCELLED
322,C0339,P0329,2026-09-04,4922.03,REFUNDED
323,C0073,P0413,2026-09-04,1220.98,REFUNDED
324,C0527,P0213,2026-09-04,789.42,CANCELLED
325,C0244,P0441,2026-09-04,4802.65,REFUNDED
326,C0286,P0234,2026-09-04,3952.1,CANCELLED
327,C0686,P0458,2026-09-03,4580.23,CANCELLED
328,C0498,P0404,2026-09-01,283.85,COMPLETED
329,C0220,P0357,2026-09-03,1103.63,CANCELLED
330,C0553,P0310,2026-09-04,3414.3,CANCELLED
331,C0136,P0477,2026-09-02,3615.01,CANCELLED
332,C0741,P0218,2026-09-03,3810.87,REFUNDED
333,C0958,P0320,2026-09-01,2046.32,CANCELLED
334,C0904,P0093,2026-09-03,2981.26,COMPLETED
335,C0585,P0233,2026-09-04,4353.72,REFUNDED
336,C0591,P0261,2026-09-04,3002.38,COMPLETED
337,C0485,P0218,2026-09-02,3242.99,COMPLETED
338,C0249,P0283,2026-09-05,135.57,REFUNDED
339,C0804,P0420,2026-09-02,4842.79,REFUNDED
340,C0485,P0231,2026-09-05,1819.31,REFUNDED
341,C0827,P0197,2026-09-02,1499.28,REFUNDED
342,C0417,P0182,2026-09-01,2811.89,COMPLETED
343,C0195,P0116,2026-09-05,3847.91,CANCELLED
344,C0097,P0096,2026-09-05,998.33,COMPLETED
345,C0100,P0218,2026-09-03,2219.46,COMPLETED
346,C0675,P0310,2026-09-02,2729.74,COMPLETED
347,C0442,P0004,2026-09-05,4231.12,REFUNDED
348,C0363,P0296,2026-09-05,4953.11,REFUNDED
349,C0434,P0256,2026-09-01,2188.37,REFUNDED
350,C0421,P0434,2026-09-01,2868.94,REFUNDED
351,C0479,P0375,2026-09-04,2538.14,CANCELLED
352,C0885,P0122,2026-09-01,2425.27,CANCELLED
353,C0747,P0365,2026-09-03,3619.02,REFUNDED
354,C0056,P0257,2026-09-03,146.55,COMPLETED
355,C0690,P0138,2026-09-05,635.66,CANCELLED
356,C0670,P0211,2026-09-01,2386.92,REFUNDED
357,C0662,P0475,2026-09-01,2101.5,CANCELLED
358,C0101,P0280,2026-09-05,3231.56,CANCELLED
359,C0063,P0296,2026-09-02,222.85,REFUNDED
360,C0413,P0188,2026-09-03,609.34,REFUNDED
361,C0746,P0018,2026-09-05,3763.1,REFUNDED
362,C0348,P0020,2026-09-02,2167.25,REFUNDED
363,C0820,P0291,2026-09-02,4448.35,CANCELLED
364,C0883,P0248,2026-09-05,658.23,COMPLETED
365,C0112,P0361,2026-09-04,1193.08,REFUNDED
366,C0255,P0189,2026-09-02,4598.72,REFUNDED
367,C0197,P0058,2026-09-03,1549.93,COMPLETED
368,C0195,P0298,2026-09-02,4846.2,REFUNDED
369,C0550,P0247,2026-09-03,701.06,REFUNDED
370,C0460,P0493,2026-09-03,2996.76,CANCELLED
371,C0144,P0354,2026-09-04,264.17,CANCELLED
372,C0433,P0041,2026-09-02,2445.54,COMPLETED
373,C0188,P0073,2026-09-05,3343.06,CANCELLED
374,C0286,P0374,2026-09-02,4775.73,COMPLETED
375,C0474,P0375,2026-09-01,2815.2,COMPLETED
376,C0256,P0270,2026-09-01,4649.17,COMPLETED
377,C0896,P0440,2026-09-01,4101.58,COMPLETED
378,C0946,P0385,2026-09-05,1902.41,REFUNDED
379,C0078,P0399,2026-09-01,1539.37,COMPLETED
380,C0454,P0144,2026-09-05,241.17,REFUNDED
381,C0828,P0239,2026-09-04,751.73,COMPLETED
382,C0883,P0265,2026-09-04,3901.69,REFUNDED
383,C0877,P0041,2026-09-01,628.3,REFUNDED
384,C0564,P0268,2026-09-02,4555.3,REFUNDED
385,C0101,P0456,2026-09-03,3075.85,CANCELLED
386,C0052,P0313,2026-09-03,2209.13,COMPLETED
387,C0668,P0046,2026-09-01,2414.55,REFUNDED
388,C0554,P0126,2026-09-02,1611.36,COMPLETED
389,C0857,P0242,2026-09-02,2156.08,COMPLETED
390,C0016,P0323,2026-09-01,932.39,REFUNDED
391,C0993,P0380,2026-09-03,4697.76,COMPLETED
392,C0096,P0340,2026-09-01,944.96,COMPLETED
393,C0949,P0492,2026-09-04,3064.49,COMPLETED
394,C0772,P0343,2026-09-04,1692.34,CANCELLED
395,C0870,P0040,2026-09-02,1116.5,CANCELLED
396,C0243,P0351,2026-09-03,3194.25,REFUNDED
397,C0171,P0325,2026-09-01,3316.54,CANCELLED
398,C0417,P0277,2026-09-01,2225.91,CANCELLED
399,C0498,P0409,2026-09-01,195.53,COMPLETED
400,C0493,P0297,2026-09-05,2519.57,CANCELLED
401,C0219,P0160,2026-09-04,2427.98,REFUNDED
402,C0886,P0314,2026-09-01,1974.55,CANCELLED
403,C0411,P0028,2026-09-01,2728.86,REFUNDED
404,C0925,P0463,2026-09-05,3439.43,CANCELLED
405,C0061,P0176,2026-09-05,1662.12,COMPLETED
406,C0169,P0274,2026-09-02,3006.57,CANCELLED
407,C0389,P0399,2026-09-01,3023.87,REFUNDED
408,C0003,P0006,2026-09-05,1664.98,REFUNDED
409,C0400,P0241,2026-09-04,527.13,REFUNDED
410,C0272,P0233,2026-09-02,4129.24,CANCELLED
411,C0949,P0263,2026-09-05,1197.21,COMPLETED
412,C0803,P0464,2026-09-03,1164.86,CANCELLED
413,C0804,P0241,2026-09-03,80.23,COMPLETED
414,C0466,P0294,2026-09-04,4160.66,REFUNDED
415,C0293,P0376,2026-09-05,4848.77,CANCELLED
416,C0434,P0170,2026-09-01,1472.98,REFUNDED
417,C0714,P0216,2026-09-03,3656.84,CANCELLED
418,C0981,P0181,2026-09-03,1129.9,COMPLETED
419,C0749,P0492,2026-09-04,872.81,REFUNDED
420,C0803,P0409,2026-09-02,4153.05,COMPLETED
421,C0570,P0151,2026-09-01,4502.38,COMPLETED
422,C0678,P0149,2026-09-03,328.97,COMPLETED
423,C0736,P0086,2026-09-05,3718.06,REFUNDED
424,C0499,P0019,2026-09-04,2002.21,CANCELLED
425,C0159,P0356,2026-09-04,3309.14,CANCELLED
426,C0195,P0473,2026-09-03,4735.2,REFUNDED
427,C0304,P0306,2026-09-04,4656.07,COMPLETED
428,C0223,P0384,2026-09-01,386.55,CANCELLED
429,C0992,P0156,2026-09-02,3599.8,CANCELLED
430,C0060,P0373,2026-09-04,2387.89,COMPLETED
431,C0594,P0402,2026-09-05,4619.52,REFUNDED
432,C0754,P0289,2026-09-03,3218.46,COMPLETED
433,C0556,P0134,2026-09-04,3184.87,CANCELLED
434,C0063,P0032,2026-09-03,2343.41,COMPLETED
435,C0766,P0323,2026-09-05,827.41,REFUNDED
436,C0322,P0243,2026-09-05,3873.38,REFUNDED
437,C0059,P0297,2026-09-02,2703.55,COMPLETED
438,C0052,P0087,2026-09-04,2750.61,COMPLETED
439,C0599,P0294,2026-09-01,1269.58,CANCELLED
440,C0489,P0027,2026-09-04,1765.2,REFUNDED
441,C0515,P0337,2026-09-04,1638.88,REFUNDED
442,C0942,P0150,2026-09-03,3391.78,CANCELLED
443,C0874,P0415,2026-09-05,2793.01,REFUNDED
444,C0544,P0378,2026-09-01,896.3,REFUNDED
445,C0162,P0320,2026-09-04,2943.06,CANCELLED
446,C0059,P0014,2026-09-02,1561.11,CANCELLED
447,C0984,P0147,2026-09-05,3422.28,COMPLETED
448,C0521,P0249,2026-09-01,1764.06,CANCELLED
449,C0083,P0043,2026-09-04,3578.37,CANCELLED
450,C0872,P0065,2026-09-02,1597.51,COMPLETED
451,C0191,P0259,2026-09-04,2060.1,COMPLETED
452,C0071,P0040,2026-09-03,4888.62,REFUNDED
453,C0610,P0436,2026-09-04,1672.07,COMPLETED
454,C0070,P0402,2026-09-05,1872.8,CANCELLED
455,C0692,P0143,2026-09-01,465.97,CANCELLED
456,C0883,P0130,2026-09-03,379.47,REFUNDED
457,C0241,P0068,2026-09-03,1713.14,REFUNDED
458,C0414,P0316,2026-09-02,308.52,COMPLETED
459,C0123,P0144,2026-09-01,4265.81,COMPLETED
460,C0965,P0141,2026-09-01,283.46,CANCELLED
461,C0912,P0440,2026-09-05,1577.14,CANCELLED
462,C0584,P0132,2026-09-02,509.09,COMPLETED
463,C0253,P0008,2026-09-02,2268.77,CANCELLED
464,C0593,P0380,2026-09-04,1570.92,REFUNDED
465,C0609,P0058,2026-09-05,2384.5,CANCELLED
466,C0041,P0310,2026-09-02,3835.19,REFUNDED
467,C0635,P0090,2026-09-01,3211.21,REFUNDED
468,C0084,P0466,2026-09-02,1815.28,CANCELLED
469,C0430,P0303,2026-09-04,748.67,COMPLETED
470,C0674,P0379,2026-09-05,2219.88,COMPLETED
471,C0598,P0078,2026-09-04,2668.18,COMPLETED
472,C0579,P0338,2026-09-05,3729.58,CANCELLED
473,C0536,P0229,2026-09-05,3674.63,COMPLETED
474,C0324,P0190,2026-09-02,605.07,REFUNDED
475,C0958,P0414,2026-09-01,3957.88,REFUNDED
476,C0268,P0090,2026-09-04,2333.16,REFUNDED
477,C0210,P0134,2026-09-03,1814.22,COMPLETED
478,C0686,P0401,2026-09-04,1536.39,COMPLETED
479,C0734,P0359,2026-09-03,4038.6,REFUNDED
480,C0322,P0121,2026-09-03,2876.83,CANCELLED
481,C0245,P0249,2026-09-02,1037.22,CANCELLED
482,C0272,P0093,2026-09-01,1482.46,COMPLETED
483,C0406,P0410,2026-09-03,4511.44,CANCELLED
484,C0135,P0271,2026-09-05,1055.71,REFUNDED
485,C0688,P0442,2026-09-05,1700.18,COMPLETED
486,C0661,P0017,2026-09-04,2467.24,CANCELLED
487,C0308,P0176,2026-09-01,2694.86,COMPLETED
488,C0469,P0044,2026-09-03,1150.12,REFUNDED
489,C0324,P0496,2026-09-02,667.82,COMPLETED
490,C0952,P0075,2026-09-05,1127.98,CANCELLED
491,C0770,P0305,2026-09-04,461.57,CANCELLED
492,C0959,P0479,2026-09-05,3948.2,CANCELLED
493,C0075,P0421,2026-09-04,3457.49,CANCELLED
494,C0010,P0079,2026-09-03,1236.25,CANCELLED
495,C0470,P0429,2026-09-02,3239.33,REFUNDED
496,C0637,P0254,2026-09-03,4596.3,REFUNDED
497,C0577,P0386,2026-09-04,4903.0,REFUNDED
498,C0103,P0212,2026-09-04,2164.26,REFUNDED
499,C0076,P0395,2026-09-05,235.3,REFUNDED
500,C0551,P0197,2026-09-05,2398.45,COMPLETED
501,C0219,P0122,2026-09-01,2697.99,REFUNDED
502,C0519,P0339,2026-09-01,916.66,CANCELLED
503,C0272,P0226,2026-09-04,4572.36,CANCELLED
504,C0136,P0372,2026-09-01,388.17,REFUNDED
505,C0956,P0327,2026-09-04,3982.3,COMPLETED
506,C0358,P0086,2026-09-02,2425.6,CANCELLED
507,C0903,P0108,2026-09-01,2402.33,COMPLETED
508,C0071,P0296,2026-09-02,97.73,COMPLETED
509,C0901,P0376,2026-09-05,4144.69,CANCELLED
510,C0251,P0432,2026-09-01,2202.23,CANCELLED
511,C0379,P0177,2026-09-02,1614.05,REFUNDED
512,C0292,P0028,2026-09-02,359.84,REFUNDED
513,C0162,P0329,2026-09-04,948.62,COMPLETED
514,C0449,P0136,2026-09-01,2253.59,CANCELLED
515,C0854,P0387,2026-09-01,1563.36,REFUNDED
516,C0557,P0420,2026-09-04,1667.24,CANCELLED
517,C0721,P0060,2026-09-04,3321.42,REFUNDED
518,C0310,P0027,2026-09-02,4636.58,CANCELLED
519,C0627,P0086,2026-09-05,3658.25,CANCELLED
520,C0827,P0238,2026-09-04,2439.02,REFUNDED
521,C0670,P0205,2026-09-02,4038.6,CANCELLED
522,C0542,P0244,2026-09-05,2583.7,COMPLETED
523,C0009,P0155,2026-09-04,552.56,REFUNDED
524,C0684,P0244,2026-09-04,2844.4,CANCELLED
525,C0837,P0383,2026-09-01,581.53,CANCELLED
526,C0568,P0486,2026-09-03,2153.04,CANCELLED
527,C0307,P0386,2026-09-01,2417.91,REFUNDED
528,C0955,P0473,2026-09-04,1498.06,COMPLETED
529,C0680,P0273,2026-09-03,4353.31,CANCELLED
530,C0107,P0120,2026-09-03,2507.99,CANCELLED
531,C0962,P0195,2026-09-05,3689.34,REFUNDED
532,C0900,P0350,2026-09-03,2241.33,REFUNDED
533,C0138,P0362,2026-09-05,1925.55,CANCELLED
534,C0271,P0200,2026-09-03,854.8,REFUNDED
535,C0119,P0243,2026-09-05,4054.91,REFUNDED
536,C0912,P0135,2026-09-02,2964.81,CANCELLED
537,C0110,P0075,2026-09-02,373.26,CANCELLED
538,C0761,P0272,2026-09-03,1586.44,REFUNDED
539,C0567,P0446,2026-09-05,1089.01,COMPLETED
540,C0160,P0223,2026-09-02,2010.47,COMPLETED
541,C0279,P0007,2026-09-05,2958.92,COMPLETED
542,C0289,P0148,2026-09-03,2899.18,REFUNDED
543,C0620,P0475,2026-09-05,4448.86,COMPLETED
544,C0216,P0409,2026-09-05,3164.07,REFUNDED
545,C0735,P0230,2026-09-03,2178.56,COMPLETED
546,C0352,P0196,2026-09-04,4859.76,REFUNDED
547,C0209,P0348,2026-09-04,1740.2,COMPLETED
548,C0704,P0162,2026-09-02,3067.48,CANCELLED
549,C0650,P0493,2026-09-03,2896.82,REFUNDED
550,C0874,P0272,2026-09-02,3961.97,REFUNDED
551,C0271,P0350,2026-09-02,3462.99,CANCELLED
552,C0518,P0490,2026-09-05,605.22,CANCELLED
553,C0501,P0022,2026-09-04,2684.72,REFUNDED
554,C0258,P0050,2026-09-01,2792.81,CANCELLED
555,C0928,P0470,2026-09-03,2424.47,REFUNDED
556,C0930,P0273,2026-09-04,2908.33,CANCELLED
557,C0867,P0327,2026-09-02,2679.89,COMPLETED
558,C0053,P0182,2026-09-02,1208.07,COMPLETED
559,C0095,P0490,2026-09-04,4659.06,REFUNDED
560,C0650,P0433,2026-09-01,3558.91,CANCELLED
561,C0434,P0222,2026-09-01,860.44,COMPLETED
562,C0850,P0313,2026-09-03,3536.15,COMPLETED
563,C0284,P0471,2026-09-02,2724.5,REFUNDED
564,C0046,P0334,2026-09-02,2077.51,REFUNDED
565,C0004,P0440,2026-09-01,2634.23,CANCELLED
566,C0342,P0140,2026-09-05,4527.78,CANCELLED
567,C0790,P0172,2026-09-04,892.5,REFUNDED
568,C0134,P0139,2026-09-03,1509.3,REFUNDED
569,C0653,P0137,2026-09-01,1420.83,REFUNDED
570,C0269,P0411,2026-09-01,4692.52,CANCELLED
571,C0166,P0051,2026-09-05,3893.57,COMPLETED
572,C0760,P0131,2026-09-04,1522.83,CANCELLED
573,C0453,P0336,2026-09-05,3767.86,CANCELLED
574,C0565,P0300,2026-09-02,4509.67,COMPLETED
575,C0723,P0201,2026-09-01,3366.46,CANCELLED
576,C0438,P0237,2026-09-03,3634.78,CANCELLED
577,C0575,P0396,2026-09-05,2935.05,COMPLETED
578,C0010,P0346,2026-09-02,2218.3,REFUNDED
579,C0115,P0384,2026-09-03,2827.15,REFUNDED
580,C0078,P0124,2026-09-01,4390.37,REFUNDED
581,C0968,P0376,2026-09-02,4128.23,CANCELLED
582,C0905,P0345,2026-09-03,4454.67,COMPLETED
583,C0708,P0302,2026-09-03,1676.54,COMPLETED
584,C0926,P0395,2026-09-04,3564.39,COMPLETED
585,C0153,P0100,2026-09-05,1775.22,COMPLETED
586,C0559,P0267,2026-09-03,2623.5,REFUNDED
587,C0037,P0173,2026-09-03,4729.97,COMPLETED
588,C0855,P0347,2026-09-05,3722.39,COMPLETED
589,C0379,P0354,2026-09-04,4220.81,COMPLETED
590,C0597,P0093,2026-09-03,304.14,REFUNDED
591,C0566,P0161,2026-09-05,760.12,REFUNDED
592,C0152,P0281,2026-09-05,2233.48,COMPLETED
593,C0441,P0006,2026-09-02,2939.84,REFUNDED
594,C0131,P0345,2026-09-01,3669.08,COMPLETED
595,C0043,P0005,2026-09-05,3065.55,COMPLETED
596,C0316,P0426,2026-09-02,4491.11,REFUNDED
597,C0374,P0035,2026-09-01,4236.36,REFUNDED
598,C0921,P0007,2026-09-02,4201.03,CANCELLED
599,C0956,P0211,2026-09-03,4109.01,COMPLETED
600,C0816,P0051,2026-09-02,1531.24,CANCELLED
601,C0996,P0269,2026-09-03,2725.22,COMPLETED
602,C0882,P0054,2026-09-05,3214.52,REFUNDED
603,C0041,P0351,2026-09-01,4541.15,COMPLETED
604,C0921,P0229,2026-09-02,2286.67,COMPLETED
605,C0367,P0180,2026-09-05,455.65,CANCELLED
606,C0216,P0113,2026-09-05,121.22,CANCELLED
607,C0699,P0372,2026-09-04,1674.42,REFUNDED
608,C0256,P0146,2026-09-03,2923.97,REFUNDED
609,C0683,P0129,2026-09-05,1531.28,COMPLETED
610,C0106,P0099,2026-09-05,4829.16,CANCELLED
611,C0363,P0018,2026-09-05,4630.93,REFUNDED
612,C0799,P0013,2026-09-03,4063.88,COMPLETED
613,C0574,P0318,2026-09-05,3960.04,COMPLETED
614,C0906,P0048,2026-09-04,3984.28,REFUNDED
615,C0896,P0030,2026-09-02,1070.25,REFUNDED
616,C0417,P0481,2026-09-02,2506.88,COMPLETED
617,C0998,P0305,2026-09-01,4375.55,COMPLETED
618,C0636,P0337,2026-09-02,2639.21,CANCELLED
619,C0768,P0458,2026-09-02,1986.53,COMPLETED
620,C0159,P0428,2026-09-01,2640.68,COMPLETED
621,C0948,P0112,2026-09-05,460.85,CANCELLED
622,C0953,P0487,2026-09-02,3644.29,CANCELLED
623,C0243,P0307,2026-09-02,3209.07,COMPLETED
624,C0886,P0327,2026-09-02,1089.1,CANCELLED
625,C0167,P0063,2026-09-04,2538.75,CANCELLED
626,C1000,P0363,2026-09-01,3772.33,CANCELLED
627,C0820,P0491,2026-09-03,4252.16,COMPLETED
628,C0831,P0062,2026-09-01,614.68,COMPLETED
629,C0182,P0045,2026-09-01,455.48,REFUNDED
630,C0903,P0439,2026-09-02,1266.52,REFUNDED
631,C0423,P0310,2026-09-05,4931.05,CANCELLED
632,C0026,P0067,2026-09-04,2483.84,CANCELLED
633,C0184,P0193,2026-09-04,2716.91,COMPLETED
634,C0755,P0337,2026-09-04,1411.76,REFUNDED
635,C0947,P0392,2026-09-03,4586.36,CANCELLED
636,C0341,P0461,2026-09-03,2903.37,COMPLETED
637,C0802,P0332,2026-09-05,4443.16,CANCELLED
638,C0954,P0290,2026-09-01,162.19,CANCELLED
639,C0422,P0412,2026-09-02,3984.89,CANCELLED
640,C0822,P0496,2026-09-05,3300.62,REFUNDED
641,C0686,P0095,2026-09-04,4339.01,CANCELLED
642,C0885,P0459,2026-09-04,4226.36,REFUNDED
643,C0753,P0057,2026-09-04,2885.65,REFUNDED
644,C0831,P0357,2026-09-04,4237.32,CANCELLED
645,C0255,P0095,2026-09-03,4175.3,CANCELLED
646,C0274,P0130,2026-09-03,2254.21,REFUNDED
647,C0164,P0151,2026-09-05,2906.61,REFUNDED
648,C0807,P0240,2026-09-03,1883.51,REFUNDED
649,C0719,P0339,2026-09-05,781.64,CANCELLED
650,C0111,P0480,2026-09-01,4314.14,CANCELLED
651,C0392,P0039,2026-09-05,4626.83,CANCELLED
652,C0894,P0328,2026-09-02,2946.75,CANCELLED
653,C0040,P0233,2026-09-02,1144.01,REFUNDED
654,C0880,P0473,2026-09-03,3957.13,CANCELLED
655,C0482,P0142,2026-09-02,492.68,REFUNDED
656,C0228,P0394,2026-09-04,4153.84,REFUNDED
657,C0205,P0219,2026-09-05,1599.75,CANCELLED
658,C0837,P0355,2026-09-04,2547.73,CANCELLED
659,C0941,P0463,2026-09-04,3766.75,COMPLETED
660,C0472,P0342,2026-09-03,3784.99,CANCELLED
661,C0359,P0395,2026-09-01,2350.16,CANCELLED
662,C0313,P0395,2026-09-05,3757.56,REFUNDED
663,C0841,P0166,2026-09-04,3855.57,COMPLETED
664,C0815,P0132,2026-09-03,3361.23,REFUNDED
665,C0893,P0083,2026-09-02,1016.04,REFUNDED
666,C0234,P0400,2026-09-01,3383.01,CANCELLED
667,C0229,P0038,2026-09-03,148.88,COMPLETED
668,C0025,P0142,2026-09-04,3734.85,REFUNDED
669,C0676,P0398,2026-09-03,653.21,REFUNDED
670,C0198,P0032,2026-09-04,1243.6,REFUNDED
671,C0409,P0196,2026-09-02,2943.24,COMPLETED
672,C0337,P0199,2026-09-05,101.65,CANCELLED
673,C0286,P0171,2026-09-05,4794.7,COMPLETED
674,C0886,P0031,2026-09-02,2686.56,CANCELLED
675,C0072,P0133,2026-09-04,4271.51,REFUNDED
676,C0991,P0490,2026-09-03,4924.56,CANCELLED
677,C0792,P0417,2026-09-02,1571.5,CANCELLED
678,C0286,P0136,2026-09-01,3249.28,COMPLETED
679,C0360,P0092,2026-09-02,1609.99,REFUNDED
680,C0657,P0226,2026-09-04,650.25,COMPLETED
681,C0522,P0036,2026-09-03,3631.36,REFUNDED
682,C0410,P0252,2026-09-05,259.2,CANCELLED
683,C0696,P0476,2026-09-02,342.4,COMPLETED
684,C0864,P0103,2026-09-01,2679.04,REFUNDED
685,C0550,P0313,2026-09-05,4140.44,CANCELLED
686,C0340,P0202,2026-09-03,3998.13,COMPLETED
687,C0962,P0092,2026-09-03,4285.15,REFUNDED
688,C0029,P0331,2026-09-01,3600.04,REFUNDED
689,C0119,P0252,2026-09-03,261.45,CANCELLED
690,C0899,P0056,2026-09-03,1672.31,COMPLETED
691,C0994,P0074,2026-09-05,4402.63,COMPLETED
692,C0268,P0277,2026-09-01,1531.72,CANCELLED
693,C0183,P0394,2026-09-05,3587.44,REFUNDED
694,C0595,P0221,2026-09-03,1072.59,REFUNDED
695,C0986,P0112,2026-09-01,394.91,REFUNDED
696,C0272,P0315,2026-09-03,1749.09,REFUNDED
697,C0040,P0330,2026-09-04,3500.94,COMPLETED
698,C0112,P0055,2026-09-04,3945.74,COMPLETED
699,C0611,P0468,2026-09-01,2506.14,CANCELLED
700,C0445,P0227,2026-09-03,1926.62,REFUNDED
701,C0354,P0367,2026-09-03,2040.18,CANCELLED
702,C0747,P0133,2026-09-01,4579.31,COMPLETED
703,C0806,P0053,2026-09-05,440.39,COMPLETED
704,C0322,P0018,2026-09-01,3466.53,REFUNDED
705,C0447,P0038,2026-09-04,2572.8,REFUNDED
706,C0621,P0037,2026-09-05,3017.94,REFUNDED
707,C0524,P0293,2026-09-04,2863.33,COMPLETED
708,C0119,P0373,2026-09-04,1084.48,COMPLETED
709,C0395,P0129,2026-09-02,1247.87,CANCELLED
710,C0922,P0398,2026-09-04,3112.48,CANCELLED
711,C0591,P0229,2026-09-05,3536.36,CANCELLED
712,C0195,P0010,2026-09-01,3151.83,CANCELLED
713,C0261,P0460,2026-09-01,2745.54,REFUNDED
714,C0046,P0255,2026-09-03,4878.37,CANCELLED
715,C0726,P0077,2026-09-01,4884.03,CANCELLED
716,C0447,P0335,2026-09-05,4215.69,COMPLETED
717,C0002,P0328,2026-09-02,2179.5,COMPLETED
718,C0533,P0001,2026-09-02,1865.25,COMPLETED
719,C0948,P0478,2026-09-02,4780.35,COMPLETED
720,C0826,P0020,2026-09-01,2279.3,REFUNDED
721,C0552,P0341,2026-09-04,1269.24,COMPLETED
722,C0704,P0200,2026-09-01,3270.77,CANCELLED
723,C0737,P0137,2026-09-01,4310.83,REFUNDED
724,C0963,P0078,2026-09-04,4111.04,CANCELLED
725,C0760,P0359,2026-09-01,1235.07,REFUNDED
726,C0755,P0169,2026-09-03,2462.35,CANCELLED
727,C0687,P0464,2026-09-01,970.39,CANCELLED
728,C0202,P0201,2026-09-05,1766.25,COMPLETED
729,C0373,P0295,2026-09-03,4392.24,COMPLETED
730,C0442,P0002,2026-09-02,551.25,REFUNDED
731,C0072,P0264,2026-09-05,1486.38,REFUNDED
732,C0972,P0363,2026-09-01,1994.79,REFUNDED
733,C0681,P0482,2026-09-03,3410.27,COMPLETED
734,C0943,P0395,2026-09-03,260.81,CANCELLED
735,C0339,P0252,2026-09-02,713.42,COMPLETED
736,C0639,P0245,2026-09-05,2564.89,COMPLETED
737,C0322,P0224,2026-09-03,1237.92,REFUNDED
738,C0680,P0207,2026-09-05,2456.49,CANCELLED
739,C0869,P0433,2026-09-01,2311.83,REFUNDED
740,C0128,P0373,2026-09-04,4283.54,COMPLETED
741,C0738,P0400,2026-09-04,2746.28,COMPLETED
742,C0922,P0416,2026-09-01,2138.03,REFUNDED
743,C0308,P0403,2026-09-01,3840.26,COMPLETED
744,C0520,P0036,2026-09-02,1922.14,COMPLETED
745,C0317,P0277,2026-09-05,73.2,REFUNDED
746,C0683,P0116,2026-09-02,4574.86,CANCELLED
747,C0419,P0002,2026-09-03,1510.18,CANCELLED
748,C0335,P0197,2026-09-01,2630.14,COMPLETED
749,C0413,P0489,2026-09-02,1919.67,REFUNDED
750,C0714,P0353,2026-09-04,1311.69,REFUNDED
751,C0303,P0419,2026-09-01,390.01,COMPLETED
752,C0568,P0400,2026-09-03,3538.74,REFUNDED
753,C0131,P0247,2026-09-05,2090.43,COMPLETED
754,C0197,P0063,2026-09-02,223.06,CANCELLED
755,C0431,P0291,2026-09-05,568.97,COMPLETED
756,C0681,P0275,2026-09-04,4995.92,CANCELLED
757,C0963,P0479,2026-09-02,2336.04,REFUNDED
758,C0389,P0184,2026-09-01,4746.51,COMPLETED
759,C0694,P0171,2026-09-03,3191.3,REFUNDED
760,C0767,P0350,2026-09-03,1063.45,CANCELLED
761,C0925,P0156,2026-09-05,2700.3,COMPLETED
762,C0179,P0206,2026-09-03,4099.77,COMPLETED
763,C0631,P0029,2026-09-01,4599.28,REFUNDED
764,C0583,P0324,2026-09-03,2077.49,COMPLETED
765,C0309,P0491,2026-09-04,1364.72,REFUNDED
766,C0416,P0332,2026-09-05,4877.8,COMPLETED
767,C0562,P0047,2026-09-01,4818.51,CANCELLED
768,C0854,P0188,2026-09-05,235.49,REFUNDED
769,C0001,P0274,2026-09-04,3362.93,REFUNDED
770,C0312,P0437,2026-09-01,2756.97,COMPLETED
771,C0294,P0492,2026-09-01,720.08,CANCELLED
772,C0216,P0175,2026-09-01,4901.64,CANCELLED
773,C0441,P0042,2026-09-02,90.95,REFUNDED
774,C0805,P0431,2026-09-01,756.41,CANCELLED
775,C0594,P0236,2026-09-02,2127.51,REFUNDED
776,C0622,P0390,2026-09-03,2139.99,REFUNDED
777,C0671,P0393,2026-09-05,4671.45,COMPLETED
778,C0330,P0149,2026-09-01,2570.1,REFUNDED
779,C0477,P0332,2026-09-02,557.12,COMPLETED
780,C0453,P0104,2026-09-01,3187.11,CANCELLED
781,C0453,P0091,2026-09-02,3398.34,CANCELLED
782,C0692,P0284,2026-09-03,2293.77,REFUNDED
783,C0219,P0021,2026-09-04,2667.9,CANCELLED
784,C0524,P0496,2026-09-01,2916.11,COMPLETED
785,C0485,P0197,2026-09-02,2980.29,COMPLETED
786,C0813,P0339,2026-09-03,3981.52,REFUNDED
787,C0923,P0098,2026-09-02,4636.5,COMPLETED
788,C0983,P0154,2026-09-02,2897.96,COMPLETED
789,C0816,P0357,2026-09-03,2896.91,CANCELLED
790,C0754,P0200,2026-09-01,272.27,CANCELLED
791,C0174,P0459,2026-09-04,2501.72,CANCELLED
792,C0675,P0055,2026-09-03,1337.63,COMPLETED
793,C0087,P0323,2026-09-02,3793.05,COMPLETED
794,C0291,P0353,2026-09-03,4591.34,REFUNDED
795,C0528,P0184,2026-09-02,4308.32,REFUNDED
796,C0680,P0250,2026-09-05,3152.15,COMPLETED
797,C0649,P0044,2026-09-03,3475.67,COMPLETED
798,C0635,P0454,2026-09-04,67.79,COMPLETED
799,C0344,P0324,2026-09-02,909.82,CANCELLED
800,C0096,P0225,2026-09-02,2553.0,REFUNDED
801,C0839,P0377,2026-09-03,3829.48,REFUNDED
802,C0975,P0098,2026-09-02,1427.19,COMPLETED
803,C0770,P0072,2026-09-02,3087.65,CANCELLED
804,C0241,P0019,2026-09-03,2299.01,REFUNDED
805,C0689,P0099,2026-09-03,1384.63,REFUNDED
806,C0318,P0013,2026-09-04,1633.51,CANCELLED
807,C0231,P0369,2026-09-03,4806.54,CANCELLED
808,C0826,P0304,2026-09-01,603.83,COMPLETED
809,C0204,P0123,2026-09-04,3549.21,COMPLETED
810,C0151,P0251,2026-09-03,4164.23,COMPLETED
811,C0026,P0200,2026-09-05,3846.25,REFUNDED
812,C0048,P0033,2026-09-03,2711.31,REFUNDED
813,C0251,P0406,2026-09-03,4469.15,REFUNDED
814,C0487,P0277,2026-09-05,722.13,CANCELLED
815,C0626,P0330,2026-09-04,2480.25,REFUNDED
816,C0871,P0158,2026-09-02,2294.89,COMPLETED
817,C0787,P0256,2026-09-01,4446.92,CANCELLED
818,C0075,P0274,2026-09-05,155.3,CANCELLED
819,C0467,P0495,2026-09-04,4840.78,REFUNDED
820,C0425,P0428,2026-09-02,4039.92,CANCELLED
821,C0908,P0416,2026-09-05,4801.28,COMPLETED
822,C0645,P0231,2026-09-05,4926.34,COMPLETED
823,C0590,P0495,2026-09-02,3954.74,CANCELLED
824,C0200,P0009,2026-09-04,3799.92,COMPLETED
825,C0736,P0019,2026-09-03,4203.76,CANCELLED
826,C0714,P0174,2026-09-03,4112.77,COMPLETED
827,C0394,P0029,2026-09-02,3889.52,COMPLETED
828,C0507,P0173,2026-09-03,3840.05,COMPLETED
829,C0410,P0404,2026-09-05,223.82,COMPLETED
830,C0250,P0370,2026-09-05,1560.08,COMPLETED
831,C0152,P0022,2026-09-03,1080.91,COMPLETED
832,C0672,P0208,2026-09-01,2544.19,REFUNDED
833,C0705,P0061,2026-09-05,2637.45,COMPLETED
834,C0006,P0109,2026-09-02,371.78,REFUNDED
835,C0915,P0414,2026-09-03,2492.42,REFUNDED
836,C0769,P0335,2026-09-02,2764.46,COMPLETED
837,C0882,P0342,2026-09-04,2243.78,REFUNDED
838,C0789,P0268,2026-09-03,3749.69,COMPLETED
839,C0907,P0235,2026-09-01,4810.91,COMPLETED
840,C0110,P0482,2026-09-01,1151.1,COMPLETED
841,C0798,P0348,2026-09-05,1208.48,COMPLETED
842,C0436,P0446,2026-09-02,2053.28,CANCELLED
843,C0225,P0448,2026-09-04,3816.86,REFUNDED
844,C0181,P0275,2026-09-02,2275.06,CANCELLED
845,C0824,P0077,2026-09-04,4155.53,REFUNDED
846,C0981,P0380,2026-09-05,516.75,COMPLETED
847,C0713,P0297,2026-09-03,3601.43,COMPLETED
848,C0531,P0120,2026-09-03,3044.96,REFUNDED
849,C0476,P0474,2026-09-05,3132.31,REFUNDED
850,C0052,P0037,2026-09-04,607.95,REFUNDED
851,C0571,P0019,2026-09-05,4759.99,COMPLETED
852,C0256,P0377,2026-09-01,1005.36,REFUNDED
853,C0940,P0073,2026-09-03,4138.23,REFUNDED
854,C0869,P0251,2026-09-01,4373.07,REFUNDED
855,C0125,P0335,2026-09-03,4848.16,REFUNDED
856,C0468,P0010,2026-09-01,972.13,REFUNDED
857,C0137,P0242,2026-09-02,682.2,COMPLETED
858,C0821,P0465,2026-09-04,709.54,REFUNDED
859,C0476,P0471,2026-09-04,1359.31,CANCELLED
860,C0684,P0317,2026-09-03,875.95,REFUNDED
861,C0544,P0024,2026-09-03,245.62,CANCELLED
862,C0573,P0125,2026-09-01,1346.73,CANCELLED
863,C0610,P0360,2026-09-02,3293.28,CANCELLED
864,C0325,P0333,2026-09-03,893.41,COMPLETED
865,C0973,P0067,2026-09-03,4355.96,COMPLETED
866,C0774,P0008,2026-09-02,4477.47,COMPLETED
867,C0913,P0089,2026-09-04,3075.5,REFUNDED
868,C0454,P0324,2026-09-05,3634.6,COMPLETED
869,C0628,P0026,2026-09-02,1812.69,REFUNDED
870,C0835,P0464,2026-09-01,2336.04,REFUNDED
871,C0737,P0158,2026-09-04,86.25,REFUNDED
872,C0914,P0421,2026-09-05,3801.91,COMPLETED
873,C0517,P0407,2026-09-04,378.11,REFUNDED
874,C0437,P0050,2026-09-05,330.16,COMPLETED
875,C0851,P0234,2026-09-05,3466.2,COMPLETED
876,C0929,P0313,2026-09-04,3462.86,REFUNDED
877,C0562,P0088,2026-09-04,4202.39,COMPLETED
878,C0457,P0428,2026-09-04,1396.95,COMPLETED
879,C0919,P0303,2026-09-02,2846.88,CANCELLED
880,C0163,P0033,2026-09-03,839.83,CANCELLED
881,C0762,P0419,2026-09-03,1887.6,REFUNDED
882,C0883,P0419,2026-09-05,3914.88,REFUNDED
883,C0487,P0055,2026-09-03,4208.93,REFUNDED
884,C0461,P0059,2026-09-04,3234.07,COMPLETED
885,C0266,P0255,2026-09-04,344.51,COMPLETED
886,C0770,P0305,2026-09-03,2439.47,CANCELLED
887,C0254,P0410,2026-09-01,3099.82,COMPLETED
888,C0861,P0316,2026-09-02,539.01,COMPLETED
889,C0653,P0113,2026-09-05,3189.74,CANCELLED
890,C0284,P0033,2026-09-01,764.99,REFUNDED
891,C0785,P0412,2026-09-04,3765.73,CANCELLED
892,C0797,P0104,2026-09-04,2742.73,CANCELLED
893,C0534,P0219,2026-09-03,2354.8,COMPLETED
894,C0497,P0173,2026-09-05,2957.54,CANCELLED
895,C0642,P0416,2026-09-04,3690.12,REFUNDED
896,C0245,P0428,2026-09-05,2399.61,REFUNDED
897,C0282,P0378,2026-09-01,3734.82,COMPLETED
898,C0451,P0348,2026-09-02,4915.67,CANCELLED
899,C0080,P0206,2026-09-05,4334.47,COMPLETED
900,C0731,P0167,2026-09-02,2892.96,COMPLETED
901,C0293,P0062,2026-09-03,1063.2,REFUNDED
902,C0241,P0500,2026-09-05,928.41,COMPLETED
903,C0279,P0351,2026-09-05,436.74,REFUNDED
904,C0344,P0295,2026-09-02,2505.24,REFUNDED
905,C0328,P0280,2026-09-05,1527.81,REFUNDED
906,C0915,P0071,2026-09-02,763.56,COMPLETED
907,C0554,P0165,2026-09-02,1483.58,REFUNDED
908,C0083,P0429,2026-09-03,1361.82,COMPLETED
909,C0142,P0494,2026-09-01,4455.87,REFUNDED
910,C0155,P0407,2026-09-01,3246.15,CANCELLED
911,C0237,P0110,2026-09-03,1109.23,CANCELLED
912,C0393,P0392,2026-09-02,2125.12,COMPLETED
913,C0711,P0024,2026-09-03,584.02,CANCELLED
914,C0157,P0304,2026-09-04,4150.76,COMPLETED
915,C0724,P0089,2026-09-04,305.51,COMPLETED
916,C0220,P0172,2026-09-02,1002.47,COMPLETED
917,C0066,P0033,2026-09-04,1943.73,REFUNDED
918,C0425,P0062,2026-09-01,2186.52,COMPLETED
919,C0418,P0141,2026-09-02,3453.33,COMPLETED
920,C0339,P0073,2026-09-02,1114.81,COMPLETED
921,C0556,P0388,2026-09-02,2400.71,COMPLETED
922,C0478,P0213,2026-09-03,789.08,CANCELLED
923,C0426,P0087,2026-09-03,2026.81,CANCELLED
924,C0064,P0357,2026-09-01,3487.57,REFUNDED
925,C0212,P0190,2026-09-02,890.68,CANCELLED
926,C0853,P0284,2026-09-02,4674.54,CANCELLED
927,C0431,P0085,2026-09-02,799.66,COMPLETED
928,C0399,P0225,2026-09-04,223.98,CANCELLED
929,C0927,P0125,2026-09-01,2993.06,COMPLETED
930,C0789,P0474,2026-09-02,3908.19,CANCELLED
931,C0599,P0298,2026-09-02,1220.41,REFUNDED
932,C0969,P0021,2026-09-05,4471.65,CANCELLED
933,C0713,P0069,2026-09-03,2099.82,CANCELLED
934,C0021,P0052,2026-09-01,720.93,CANCELLED
935,C0878,P0406,2026-09-04,2877.64,COMPLETED
936,C0902,P0434,2026-09-02,1023.14,REFUNDED
937,C0784,P0324,2026-09-03,4794.26,CANCELLED
938,C0590,P0314,2026-09-01,2937.79,CANCELLED
939,C0390,P0193,2026-09-04,99.38,CANCELLED
940,C0489,P0399,2026-09-05,2350.99,REFUNDED
941,C0007,P0081,2026-09-04,3044.33,COMPLETED
942,C0966,P0009,2026-09-02,198.62,CANCELLED
943,C0361,P0451,2026-09-04,524.11,REFUNDED
944,C0306,P0250,2026-09-04,1254.81,REFUNDED
945,C0772,P0042,2026-09-04,1701.01,CANCELLED
946,C0400,P0004,2026-09-02,3999.81,COMPLETED
947,C0874,P0004,2026-09-01,4830.2,COMPLETED
948,C0914,P0092,2026-09-04,178.68,COMPLETED
949,C0977,P0475,2026-09-02,2333.9,CANCELLED
950,C0856,P0046,2026-09-03,3095.91,REFUNDED
951,C0430,P0362,2026-09-02,492.9,COMPLETED
952,C0552,P0334,2026-09-04,3775.54,COMPLETED
953,C0766,P0304,2026-09-03,221.31,CANCELLED
954,C0753,P0455,2026-09-03,2284.78,COMPLETED
955,C0560,P0146,2026-09-04,843.23,COMPLETED
956,C0820,P0214,2026-09-05,590.33,REFUNDED
957,C0618,P0356,2026-09-04,2725.65,CANCELLED
958,C0920,P0414,2026-09-05,1934.34,REFUNDED
959,C0226,P0406,2026-09-01,254.22,REFUNDED
960,C0500,P0396,2026-09-03,2571.11,REFUNDED
961,C0225,P0244,2026-09-04,4428.77,COMPLETED
962,C0280,P0355,2026-09-05,3292.68,COMPLETED
963,C0447,P0065,2026-09-01,2503.29,REFUNDED
964,C0498,P0106,2026-09-02,968.91,REFUNDED
965,C0030,P0074,2026-09-05,173.51,REFUNDED
966,C0399,P0328,2026-09-02,4126.96,COMPLETED
967,C0345,P0139,2026-09-02,1615.26,CANCELLED
968,C0685,P0268,2026-09-03,4614.14,REFUNDED
969,C0696,P0231,2026-09-03,3878.7,CANCELLED
970,C0818,P0211,2026-09-03,3730.23,COMPLETED
971,C0415,P0123,2026-09-05,3972.12,COMPLETED
972,C0742,P0481,2026-09-01,4994.03,REFUNDED
973,C0170,P0090,2026-09-05,599.25,REFUNDED
974,C0861,P0313,2026-09-05,877.56,CANCELLED
975,C0479,P0355,2026-09-04,4048.33,COMPLETED
976,C0942,P0020,2026-09-01,4823.84,COMPLETED
977,C0131,P0306,2026-09-02,2396.11,CANCELLED
978,C0638,P0093,2026-09-02,81.13,CANCELLED
979,C0547,P0368,2026-09-04,1321.33,CANCELLED
980,C0028,P0256,2026-09-02,1262.15,COMPLETED
981,C0929,P0314,2026-09-01,316.28,COMPLETED
982,C0404,P0487,2026-09-02,4892.94,CANCELLED
983,C0607,P0046,2026-09-03,4134.01,REFUNDED
984,C0578,P0322,2026-09-04,3809.9,REFUNDED
985,C0679,P0424,2026-09-01,1501.02,CANCELLED
986,C0028,P0401,2026-09-03,3943.27,CANCELLED
987,C0086,P0155,2026-09-04,4516.84,REFUNDED
988,C0659,P0179,2026-09-02,959.15,CANCELLED
989,C0439,P0215,2026-09-04,763.91,CANCELLED
990,C0139,P0003,2026-09-02,3257.33,REFUNDED
991,C0888,P0286,2026-09-03,126.21,REFUNDED
992,C0473,P0121,2026-09-03,1744.49,COMPLETED
993,C0187,P0099,2026-09-04,1112.64,REFUNDED
994,C0052,P0061,2026-09-04,2959.18,COMPLETED
995,C0267,P0272,2026-09-01,3788.88,COMPLETED
996,C0389,P0049,2026-09-03,752.48,COMPLETED
997,C0336,P0317,2026-09-04,3676.21,REFUNDED
998,C0217,P0186,2026-09-02,4685.77,CANCELLED
999,C0466,P0442,2026-09-02,3665.61,COMPLETED
1000,C0335,P0390,2026-09-04,2937.54,COMPLETED
1001,C0346,P0277,2026-09-05,1560.2,CANCELLED
1002,C0780,P0260,2026-09-01,4125.3,COMPLETED
1003,C0901,P0113,2026-09-04,3999.29,REFUNDED
1004,C0389,P0238,2026-09-01,2398.58,REFUNDED
1005,C0285,P0395,2026-09-03,942.46,CANCELLED
1006,C0771,P0321,2026-09-01,3104.27,REFUNDED
1007,C0975,P0338,2026-09-04,1080.81,COMPLETED
1008,C0852,P0107,2026-09-01,954.03,COMPLETED
1009,C0432,P0142,2026-09-02,3225.69,REFUNDED
1010,C0259,P0028,2026-09-03,1797.96,CANCELLED
1011,C0855,P0100,2026-09-02,517.15,COMPLETED
1012,C0084,P0058,2026-09-05,4618.6,CANCELLED
1013,C0482,P0408,2026-09-05,2378.11,REFUNDED
1014,C0020,P0077,2026-09-04,440.57,COMPLETED
1015,C0768,P0351,2026-09-04,2354.81,REFUNDED
1016,C0553,P0433,2026-09-01,4100.79,CANCELLED
1017,C0054,P0496,2026-09-04,3614.99,COMPLETED
1018,C0975,P0467,2026-09-04,169.33,COMPLETED
1019,C0359,P0243,2026-09-04,4854.84,COMPLETED
1020,C0230,P0255,2026-09-01,712.99,COMPLETED
1021,C0666,P0091,2026-09-03,4742.69,CANCELLED
1022,C0071,P0082,2026-09-04,4144.45,COMPLETED
1023,C0800,P0344,2026-09-03,1827.5,COMPLETED
1024,C0981,P0473,2026-09-01,2723.25,CANCELLED
1025,C0668,P0023,2026-09-05,604.14,CANCELLED
1026,C0042,P0028,2026-09-04,233.42,REFUNDED
1027,C0773,P0331,2026-09-05,573.56,CANCELLED
1028,C0032,P0187,2026-09-03,2896.11,CANCELLED
1029,C0973,P0146,2026-09-04,596.68,CANCELLED
1030,C0254,P0108,2026-09-03,4777.66,REFUNDED
1031,C0205,P0223,2026-09-05,2708.27,REFUNDED
1032,C0860,P0129,2026-09-03,4614.83,REFUNDED
1033,C0021,P0172,2026-09-01,500.05,REFUNDED
1034,C0637,P0316,2026-09-02,4036.84,REFUNDED
1035,C0157,P0413,2026-09-04,2725.44,COMPLETED
1036,C0245,P0456,2026-09-05,2052.79,REFUNDED
1037,C0130,P0389,2026-09-04,3799.37,REFUNDED
1038,C0485,P0233,2026-09-01,1463.4,COMPLETED
1039,C0686,P0023,2026-09-02,3052.92,COMPLETED
1040,C0118,P0054,2026-09-01,2702.51,CANCELLED
1041,C0578,P0380,2026-09-03,2097.44,CANCELLED
1042,C0971,P0027,2026-09-05,2420.9,REFUNDED
1043,C0224,P0474,2026-09-03,2168.4,REFUNDED
1044,C0477,P0276,2026-09-02,4400.1,COMPLETED
1045,C0717,P0091,2026-09-05,4904.29,REFUNDED
1046,C0263,P0081,2026-09-05,3388.6,CANCELLED
1047,C0786,P0403,2026-09-04,678.16,COMPLETED
1048,C0378,P0015,2026-09-04,2344.86,COMPLETED
1049,C0172,P0249,2026-09-01,4995.68,REFUNDED
1050,C0621,P0264,2026-09-04,4543.88,CANCELLED
1051,C0622,P0060,2026-09-03,2525.99,REFUNDED
1052,C0987,P0037,2026-09-01,1382.71,REFUNDED
1053,C0766,P0459,2026-09-01,2308.12,COMPLETED
1054,C0736,P0121,2026-09-04,167.0,REFUNDED
1055,C0118,P0370,2026-09-04,3758.55,CANCELLED
1056,C0797,P0228,2026-09-03,2219.69,REFUNDED
1057,C0839,P0304,2026-09-01,3303.88,CANCELLED
1058,C0168,P0297,2026-09-05,4883.29,REFUNDED
1059,C0988,P0167,2026-09-03,4884.77,CANCELLED
1060,C0319,P0215,2026-09-03,592.2,CANCELLED
1061,C0111,P0102,2026-09-04,211.02,CANCELLED
1062,C0593,P0383,2026-09-03,1493.3,COMPLETED
1063,C0027,P0347,2026-09-03,4239.54,COMPLETED
1064,C0952,P0460,2026-09-01,696.62,REFUNDED
1065,C0320,P0167,2026-09-05,2214.06,COMPLETED
1066,C0590,P0118,2026-09-03,265.88,REFUNDED
1067,C0694,P0399,2026-09-02,2048.14,CANCELLED
1068,C0930,P0057,2026-09-03,3698.04,COMPLETED
1069,C0982,P0167,2026-09-03,3832.25,COMPLETED
1070,C0385,P0117,2026-09-04,4669.79,CANCELLED
1071,C0407,P0051,2026-09-01,3854.25,REFUNDED
1072,C0965,P0122,2026-09-04,4714.82,COMPLETED
1073,C0733,P0378,2026-09-03,1047.92,COMPLETED
1074,C0204,P0212,2026-09-03,3059.25,CANCELLED
1075,C0078,P0446,2026-09-01,3665.29,CANCELLED
1076,C0607,P0103,2026-09-05,682.89,REFUNDED
1077,C0708,P0193,2026-09-01,1027.03,REFUNDED
1078,C0851,P0457,2026-09-03,1663.88,COMPLETED
1079,C0643,P0113,2026-09-01,1190.78,REFUNDED
1080,C0249,P0038,2026-09-05,2724.65,REFUNDED
1081,C0105,P0242,2026-09-04,2573.81,CANCELLED
1082,C0714,P0300,2026-09-02,1388.57,COMPLETED
1083,C0792,P0249,2026-09-02,4725.52,CANCELLED
1084,C0309,P0028,2026-09-01,243.41,REFUNDED
1085,C0871,P0456,2026-09-05,830.72,REFUNDED
1086,C0701,P0224,2026-09-01,1158.81,COMPLETED
1087,C0615,P0075,2026-09-02,4829.05,COMPLETED
1088,C0825,P0111,2026-09-02,2080.58,COMPLETED
1089,C0124,P0476,2026-09-04,1407.89,REFUNDED
1090,C0816,P0313,2026-09-04,978.08,COMPLETED
1091,C0580,P0233,2026-09-03,3586.36,COMPLETED
1092,C0802,P0092,2026-09-03,98.16,CANCELLED
1093,C0043,P0199,2026-09-04,376.29,REFUNDED
1094,C0356,P0192,2026-09-05,874.17,COMPLETED
1095,C0546,P0070,2026-09-02,3730.23,CANCELLED
1096,C0439,P0235,2026-09-05,2483.76,CANCELLED
1097,C0678,P0369,2026-09-05,4697.06,CANCELLED
1098,C0380,P0100,2026-09-04,784.5,CANCELLED
1099,C0071,P0324,2026-09-01,122.0,REFUNDED
1100,C0519,P0184,2026-09-01,4518.18,CANCELLED
1101,C0664,P0500,2026-09-03,57.38,CANCELLED
1102,C0350,P0139,2026-09-03,1080.28,CANCELLED
1103,C0013,P0104,2026-09-01,1128.13,CANCELLED
1104,C0870,P0172,2026-09-02,351.75,REFUNDED
1105,C0431,P0066,2026-09-05,139.96,CANCELLED
1106,C0843,P0017,2026-09-01,2619.04,REFUNDED
1107,C0502,P0355,2026-09-04,1280.9,CANCELLED
1108,C0109,P0292,2026-09-05,1493.87,REFUNDED
1109,C0444,P0031,2026-09-01,3585.87,CANCELLED
1110,C0984,P0144,2026-09-03,2046.37,COMPLETED
1111,C0371,P0070,2026-09-03,1234.4,CANCELLED
1112,C0651,P0057,2026-09-04,600.59,COMPLETED
1113,C0913,P0437,2026-09-04,73.9,CANCELLED
1114,C0849,P0239,2026-09-01,2604.98,COMPLETED
1115,C0471,P0235,2026-09-02,2880.1,COMPLETED
1116,C0725,P0215,2026-09-03,3901.82,COMPLETED
1117,C0157,P0088,2026-09-01,4996.4,CANCELLED
1118,C0446,P0390,2026-09-04,650.52,COMPLETED
1119,C0181,P0176,2026-09-01,639.6,COMPLETED
1120,C0752,P0113,2026-09-02,4001.69,CANCELLED
1121,C0535,P0454,2026-09-05,164.56,CANCELLED
1122,C0989,P0152,2026-09-03,4776.98,CANCELLED
1123,C0667,P0310,2026-09-03,4259.45,COMPLETED
1124,C0277,P0081,2026-09-05,1953.19,REFUNDED
1125,C0631,P0405,2026-09-05,3777.19,CANCELLED
1126,C0828,P0407,2026-09-05,3157.49,CANCELLED
1127,C0942,P0327,2026-09-02,4110.98,CANCELLED
1128,C0552,P0488,2026-09-01,737.38,COMPLETED
1129,C0794,P0314,2026-09-03,2497.64,COMPLETED
1130,C0496,P0464,2026-09-05,4672.4,CANCELLED
1131,C0477,P0088,2026-09-04,3723.71,CANCELLED
1132,C0447,P0296,2026-09-02,2930.76,REFUNDED
1133,C0846,P0497,2026-09-04,2683.07,CANCELLED
1134,C0749,P0284,2026-09-03,3878.01,COMPLETED
1135,C0607,P0438,2026-09-02,3647.44,REFUNDED
1136,C0275,P0118,2026-09-03,3713.06,COMPLETED
1137,C0331,P0045,2026-09-05,3107.99,COMPLETED
1138,C0873,P0211,2026-09-01,1971.61,REFUNDED
1139,C0252,P0439,2026-09-05,2731.8,CANCELLED
1140,C0851,P0268,2026-09-04,3678.62,CANCELLED
1141,C0958,P0251,2026-09-02,1536.0,COMPLETED
1142,C0089,P0442,2026-09-03,4945.51,CANCELLED
1143,C0286,P0111,2026-09-03,4757.23,CANCELLED
1144,C0903,P0303,2026-09-01,4716.87,COMPLETED
1145,C0462,P0243,2026-09-04,4339.67,REFUNDED
1146,C0250,P0429,2026-09-02,2760.69,COMPLETED
1147,C0769,P0237,2026-09-01,2426.14,REFUNDED
1148,C0476,P0143,2026-09-04,1327.17,CANCELLED
1149,C0584,P0008,2026-09-02,1262.47,REFUNDED
1150,C0625,P0374,2026-09-03,300.78,COMPLETED
1151,C0685,P0220,2026-09-03,4610.73,REFUNDED
1152,C0389,P0377,2026-09-04,4088.88,CANCELLED
1153,C0345,P0447,2026-09-05,4863.58,COMPLETED
1154,C0030,P0127,2026-09-03,2599.5,COMPLETED
1155,C0507,P0127,2026-09-01,3437.27,CANCELLED
1156,C0872,P0168,2026-09-02,1282.75,REFUNDED
1157,C0333,P0223,2026-09-02,637.77,CANCELLED
1158,C0187,P0297,2026-09-01,529.07,COMPLETED
1159,C0500,P0114,2026-09-03,4183.41,COMPLETED
1160,C0218,P0457,2026-09-02,4767.81,CANCELLED
1161,C0364,P0475,2026-09-01,458.29,CANCELLED
1162,C0817,P0303,2026-09-05,525.8,COMPLETED
1163,C0265,P0485,2026-09-03,4417.78,COMPLETED
1164,C0349,P0077,2026-09-05,1625.79,CANCELLED
1165,C0287,P0468,2026-09-04,3327.66,COMPLETED
1166,C0902,P0294,2026-09-05,2798.72,COMPLETED
1167,C0611,P0460,2026-09-04,1878.43,REFUNDED
1168,C0719,P0003,2026-09-05,1332.73,REFUNDED
1169,C0902,P0214,2026-09-03,2531.18,COMPLETED
1170,C0283,P0023,2026-09-05,3808.19,CANCELLED
1171,C0570,P0021,2026-09-04,4816.12,REFUNDED
1172,C0011,P0241,2026-09-04,1579.78,REFUNDED
1173,C0530,P0376,2026-09-05,4865.25,COMPLETED
1174,C0971,P0394,2026-09-01,986.11,CANCELLED
1175,C0196,P0259,2026-09-03,1335.88,CANCELLED
1176,C0088,P0018,2026-09-03,4246.93,CANCELLED
1177,C0248,P0218,2026-09-03,109.59,REFUNDED
1178,C0738,P0272,2026-09-03,1846.94,REFUNDED
1179,C0417,P0202,2026-09-04,1653.51,CANCELLED
1180,C0501,P0246,2026-09-02,1233.91,CANCELLED
1181,C0569,P0415,2026-09-04,2093.72,CANCELLED
1182,C0777,P0409,2026-09-04,198.36,CANCELLED
1183,C0247,P0357,2026-09-02,1642.18,COMPLETED
1184,C0708,P0421,2026-09-05,4720.08,REFUNDED
1185,C0488,P0051,2026-09-02,3055.69,CANCELLED
1186,C0662,P0232,2026-09-04,1289.4,REFUNDED
1187,C0729,P0254,2026-09-03,2930.92,COMPLETED
1188,C0503,P0124,2026-09-04,3535.07,CANCELLED
1189,C0459,P0043,2026-09-01,4322.99,REFUNDED
1190,C0812,P0286,2026-09-05,2188.12,CANCELLED
1191,C0018,P0386,2026-09-01,783.94,COMPLETED
1192,C0096,P0007,2026-09-04,315.66,CANCELLED
1193,C0302,P0355,2026-09-05,339.87,CANCELLED
1194,C0227,P0375,2026-09-03,732.84,COMPLETED
1195,C0415,P0209,2026-09-01,4412.11,CANCELLED
1196,C0709,P0487,2026-09-02,3619.04,COMPLETED
1197,C0250,P0112,2026-09-05,4060.06,COMPLETED
1198,C0314,P0068,2026-09-03,3546.38,CANCELLED
1199,C0680,P0184,2026-09-03,2718.42,REFUNDED
1200,C0596,P0152,2026-09-03,503.43,CANCELLED
1201,C0378,P0123,2026-09-03,2559.63,REFUNDED
1202,C0485,P0332,2026-09-04,4607.22,REFUNDED
1203,C0567,P0047,2026-09-04,3280.46,CANCELLED
1204,C0544,P0009,2026-09-01,2591.03,CANCELLED
1205,C0353,P0246,2026-09-02,3002.49,CANCELLED
1206,C0436,P0343,2026-09-05,3846.94,REFUNDED
1207,C0764,P0157,2026-09-05,4842.32,CANCELLED
1208,C0564,P0083,2026-09-02,788.99,REFUNDED
1209,C0339,P0361,2026-09-05,4458.88,CANCELLED
1210,C0361,P0236,2026-09-03,746.66,CANCELLED
1211,C0720,P0440,2026-09-05,2677.85,COMPLETED
1212,C0465,P0293,2026-09-04,2528.95,COMPLETED
1213,C0278,P0383,2026-09-04,396.64,COMPLETED
1214,C0314,P0299,2026-09-01,1347.3,COMPLETED
1215,C0258,P0013,2026-09-03,1657.57,COMPLETED
1216,C0237,P0500,2026-09-05,722.92,COMPLETED
1217,C0124,P0233,2026-09-04,1175.64,REFUNDED
1218,C0739,P0238,2026-09-02,4568.08,CANCELLED
1219,C0198,P0396,2026-09-04,3204.01,REFUNDED
1220,C0324,P0071,2026-09-05,1003.63,COMPLETED
1221,C0123,P0448,2026-09-02,1592.29,COMPLETED
1222,C0761,P0361,2026-09-04,4757.62,CANCELLED
1223,C0549,P0208,2026-09-05,1150.23,COMPLETED
1224,C0974,P0095,2026-09-01,4978.94,COMPLETED
1225,C0781,P0405,2026-09-01,136.11,REFUNDED
1226,C0707,P0447,2026-09-04,1508.56,CANCELLED
1227,C0190,P0190,2026-09-02,839.38,REFUNDED
1228,C0197,P0321,2026-09-02,518.77,CANCELLED
1229,C0222,P0238,2026-09-01,3869.37,CANCELLED
1230,C0757,P0361,2026-09-05,4754.57,REFUNDED
1231,C0496,P0325,2026-09-03,2780.72,COMPLETED
1232,C0284,P0001,2026-09-02,1693.48,REFUNDED
1233,C0742,P0441,2026-09-02,2767.31,COMPLETED
1234,C0604,P0322,2026-09-04,3448.76,REFUNDED
1235,C0779,P0037,2026-09-05,4694.43,REFUNDED
1236,C0538,P0198,2026-09-04,3160.29,CANCELLED
1237,C0612,P0458,2026-09-03,3942.19,REFUNDED
1238,C0290,P0354,2026-09-02,4874.04,COMPLETED
1239,C0103,P0171,2026-09-04,1762.46,CANCELLED
1240,C0853,P0272,2026-09-05,138.6,REFUNDED
1241,C0199,P0017,2026-09-03,3344.52,COMPLETED
1242,C0304,P0152,2026-09-03,4466.66,REFUNDED
1243,C0233,P0219,2026-09-03,616.39,CANCELLED
1244,C0370,P0386,2026-09-01,206.95,REFUNDED
1245,C0184,P0139,2026-09-03,2350.01,COMPLETED
1246,C0310,P0358,2026-09-05,905.82,REFUNDED
1247,C0015,P0485,2026-09-05,324.14,CANCELLED
1248,C0726,P0314,2026-09-05,2161.03,REFUNDED
1249,C0547,P0278,2026-09-04,166.48,REFUNDED
1250,C0130,P0295,2026-09-02,472.0,CANCELLED
1251,C0281,P0407,2026-09-04,2829.71,COMPLETED
1252,C0047,P0107,2026-09-04,2635.74,REFUNDED
1253,C0998,P0404,2026-09-04,2318.49,COMPLETED
1254,C0056,P0351,2026-09-03,196.64,CANCELLED
1255,C0567,P0042,2026-09-04,3630.86,COMPLETED
1256,C0300,P0318,2026-09-02,3740.91,REFUNDED
1257,C0715,P0451,2026-09-02,920.12,REFUNDED
1258,C0967,P0172,2026-09-04,4918.87,REFUNDED
1259,C0130,P0377,2026-09-03,679.4,COMPLETED
1260,C0654,P0478,2026-09-01,3688.29,CANCELLED
1261,C0890,P0029,2026-09-05,4629.89,REFUNDED
1262,C0771,P0264,2026-09-03,2164.72,CANCELLED
1263,C0503,P0485,2026-09-04,1786.7,COMPLETED
1264,C0106,P0466,2026-09-02,669.21,REFUNDED
1265,C0894,P0346,2026-09-01,3291.58,COMPLETED
1266,C0013,P0187,2026-09-04,1359.24,COMPLETED
1267,C0588,P0455,2026-09-05,2685.14,COMPLETED
1268,C0292,P0027,2026-09-04,1902.59,CANCELLED
1269,C0481,P0057,2026-09-04,2513.9,REFUNDED
1270,C0491,P0197,2026-09-04,2175.45,CANCELLED
1271,C0452,P0188,2026-09-02,3769.58,COMPLETED
1272,C0349,P0239,2026-09-01,1160.72,COMPLETED
1273,C0189,P0317,2026-09-05,4083.74,CANCELLED
1274,C0989,P0021,2026-09-02,4461.47,REFUNDED
1275,C0053,P0188,2026-09-02,4571.56,REFUNDED
1276,C0259,P0188,2026-09-05,3781.9,CANCELLED
1277,C0964,P0090,2026-09-05,1594.68,REFUNDED
1278,C0883,P0332,2026-09-05,3640.76,CANCELLED
1279,C0490,P0287,2026-09-01,4854.69,COMPLETED
1280,C0117,P0361,2026-09-05,1562.03,REFUNDED
1281,C0842,P0035,2026-09-05,929.64,CANCELLED
1282,C0067,P0288,2026-09-04,764.42,CANCELLED
1283,C0411,P0364,2026-09-01,2227.04,COMPLETED
1284,C0504,P0397,2026-09-03,4938.5,COMPLETED
1285,C0076,P0105,2026-09-05,4268.04,REFUNDED
1286,C0591,P0071,2026-09-02,1534.24,CANCELLED
1287,C0645,P0172,2026-09-02,4134.83,COMPLETED
1288,C0703,P0123,2026-09-05,174.51,CANCELLED
1289,C0055,P0277,2026-09-04,3129.09,REFUNDED
1290,C0156,P0059,2026-09-01,1697.84,CANCELLED
1291,C0153,P0333,2026-09-03,83.88,REFUNDED
1292,C0831,P0245,2026-09-01,2521.14,REFUNDED
1293,C0577,P0378,2026-09-05,3730.43,REFUNDED
1294,C0972,P0481,2026-09-04,3148.31,CANCELLED
1295,C0312,P0386,2026-09-05,1064.54,REFUNDED
1296,C0088,P0298,2026-09-05,3672.85,COMPLETED
1297,C0255,P0447,2026-09-02,2484.5,CANCELLED
1298,C0122,P0492,2026-09-02,787.06,COMPLETED
1299,C0572,P0360,2026-09-04,1212.65,REFUNDED
1300,C0783,P0108,2026-09-03,2813.75,CANCELLED
1301,C0427,P0386,2026-09-02,2138.19,CANCELLED
1302,C0621,P0382,2026-09-02,2481.29,CANCELLED
1303,C0611,P0390,2026-09-04,2078.67,REFUNDED
1304,C0810,P0116,2026-09-02,886.93,REFUNDED
1305,C0634,P0165,2026-09-03,4704.0,CANCELLED
1306,C0232,P0181,2026-09-02,3796.47,CANCELLED
1307,C0795,P0460,2026-09-03,3759.79,REFUNDED
1308,C0536,P0137,2026-09-01,674.78,CANCELLED
1309,C0390,P0258,2026-09-01,2321.29,CANCELLED
1310,C0462,P0349,2026-09-02,4765.93,COMPLETED
1311,C0931,P0217,2026-09-05,2001.49,COMPLETED
1312,C0454,P0142,2026-09-04,4934.98,REFUNDED
1313,C0305,P0028,2026-09-04,2571.47,REFUNDED
1314,C0881,P0033,2026-09-02,4244.15,CANCELLED
1315,C0603,P0191,2026-09-05,3532.78,REFUNDED
1316,C0440,P0177,2026-09-04,1967.76,REFUNDED
1317,C0313,P0232,2026-09-02,1787.86,CANCELLED
1318,C0583,P0249,2026-09-02,3509.01,CANCELLED
1319,C0636,P0257,2026-09-04,2030.94,COMPLETED
1320,C0062,P0270,2026-09-05,805.58,CANCELLED
1321,C0625,P0425,2026-09-01,693.61,CANCELLED
1322,C0984,P0063,2026-09-05,4918.65,COMPLETED
1323,C0758,P0241,2026-09-03,4784.14,REFUNDED
1324,C0102,P0364,2026-09-02,3125.94,COMPLETED
1325,C0971,P0273,2026-09-02,2237.55,COMPLETED
1326,C0782,P0348,2026-09-04,4989.06,COMPLETED
1327,C0213,P0423,2026-09-01,4268.89,CANCELLED
1328,C0641,P0273,2026-09-01,2237.89,REFUNDED
1329,C0217,P0461,2026-09-01,4288.48,REFUNDED
1330,C0271,P0150,2026-09-04,1384.33,COMPLETED
1331,C0677,P0232,2026-09-05,3136.55,REFUNDED
1332,C0084,P0318,2026-09-04,2392.86,CANCELLED
1333,C0161,P0189,2026-09-04,4157.85,COMPLETED
1334,C0246,P0410,2026-09-01,3328.84,CANCELLED
1335,C0178,P0345,2026-09-04,2912.0,CANCELLED
1336,C0566,P0485,2026-09-03,3213.6,CANCELLED
1337,C0077,P0355,2026-09-05,1839.95,REFUNDED
1338,C0161,P0415,2026-09-01,230.67,REFUNDED
1339,C0003,P0482,2026-09-05,4876.09,CANCELLED
1340,C0419,P0453,2026-09-05,588.82,REFUNDED
1341,C0462,P0034,2026-09-01,2575.79,CANCELLED
1342,C0706,P0097,2026-09-04,2527.96,REFUNDED
1343,C0609,P0457,2026-09-04,2442.69,COMPLETED
1344,C0482,P0453,2026-09-01,1541.62,COMPLETED
1345,C0299,P0235,2026-09-03,770.59,CANCELLED
1346,C0034,P0045,2026-09-04,1214.7,REFUNDED
1347,C0238,P0042,2026-09-01,4327.27,COMPLETED
1348,C0296,P0201,2026-09-03,4067.89,CANCELLED
1349,C0724,P0460,2026-09-04,1572.62,REFUNDED
1350,C0290,P0092,2026-09-05,1570.83,COMPLETED
1351,C0720,P0148,2026-09-04,2125.42,REFUNDED
1352,C0881,P0491,2026-09-04,3707.66,COMPLETED
1353,C0465,P0490,2026-09-01,1923.1,COMPLETED
1354,C0073,P0040,2026-09-01,804.18,CANCELLED
1355,C0704,P0056,2026-09-02,596.79,CANCELLED
1356,C0240,P0085,2026-09-03,480.06,REFUNDED
1357,C0947,P0142,2026-09-05,3963.62,REFUNDED
1358,C0271,P0058,2026-09-01,2192.48,REFUNDED
1359,C0807,P0357,2026-09-02,1301.25,CANCELLED
1360,C0811,P0076,2026-09-03,3704.36,REFUNDED
1361,C0641,P0255,2026-09-04,1813.59,COMPLETED
1362,C0604,P0078,2026-09-03,1816.74,REFUNDED
1363,C0678,P0448,2026-09-02,2895.42,REFUNDED
1364,C0824,P0105,2026-09-02,901.73,COMPLETED
1365,C0957,P0267,2026-09-04,4850.99,COMPLETED
1366,C0203,P0488,2026-09-02,3316.63,COMPLETED
1367,C0436,P0322,2026-09-03,1418.24,CANCELLED
1368,C0118,P0012,2026-09-01,1451.12,COMPLETED
1369,C0558,P0151,2026-09-03,4100.88,CANCELLED
1370,C0231,P0214,2026-09-01,3843.75,REFUNDED
1371,C0664,P0497,2026-09-04,550.32,COMPLETED
1372,C0153,P0350,2026-09-04,3565.77,COMPLETED
1373,C0931,P0278,2026-09-02,2490.64,REFUNDED
1374,C0273,P0478,2026-09-03,1018.05,REFUNDED
1375,C0847,P0068,2026-09-03,2774.63,REFUNDED
1376,C0146,P0243,2026-09-03,2679.42,CANCELLED
1377,C0074,P0178,2026-09-04,2344.82,REFUNDED
1378,C0062,P0216,2026-09-03,62.48,REFUNDED
1379,C0170,P0228,2026-09-04,3360.02,CANCELLED
1380,C0812,P0378,2026-09-03,1205.83,CANCELLED
1381,C0315,P0331,2026-09-05,1165.47,CANCELLED
1382,C0610,P0011,2026-09-03,3401.98,COMPLETED
1383,C0767,P0150,2026-09-05,3955.33,REFUNDED
1384,C0845,P0097,2026-09-01,2527.19,REFUNDED
1385,C0583,P0033,2026-09-02,4326.8,COMPLETED
1386,C0944,P0012,2026-09-02,4041.14,COMPLETED
1387,C0296,P0447,2026-09-05,3633.88,CANCELLED
1388,C0450,P0411,2026-09-03,2664.76,REFUNDED
1389,C0128,P0119,2026-09-01,1422.28,CANCELLED
1390,C0480,P0428,2026-09-02,4016.79,REFUNDED
1391,C0706,P0486,2026-09-03,2707.36,CANCELLED
1392,C0312,P0267,2026-09-05,4965.71,COMPLETED
1393,C0717,P0331,2026-09-03,2055.5,REFUNDED
1394,C0413,P0172,2026-09-03,4337.55,CANCELLED
1395,C0966,P0211,2026-09-03,140.52,COMPLETED
1396,C0279,P0297,2026-09-02,4241.37,REFUNDED
1397,C0513,P0176,2026-09-05,4091.97,REFUNDED
1398,C0553,P0336,2026-09-03,4965.17,REFUNDED
1399,C0506,P0331,2026-09-04,949.64,COMPLETED
1400,C0449,P0403,2026-09-04,846.94,CANCELLED
1401,C0083,P0168,2026-09-03,4396.91,REFUNDED
1402,C0613,P0249,2026-09-02,1589.46,CANCELLED
1403,C0041,P0304,2026-09-02,3299.73,COMPLETED
1404,C0911,P0341,2026-09-02,1430.88,REFUNDED
1405,C0443,P0357,2026-09-05,4020.63,COMPLETED
1406,C0753,P0272,2026-09-03,973.12,REFUNDED
1407,C0331,P0432,2026-09-04,4322.79,COMPLETED
1408,C0619,P0281,2026-09-03,636.4,CANCELLED
1409,C0257,P0228,2026-09-02,2037.17,COMPLETED
1410,C0027,P0235,2026-09-01,1589.23,REFUNDED
1411,C0094,P0156,2026-09-02,3732.67,REFUNDED
1412,C0235,P0291,2026-09-05,2663.07,CANCELLED
1413,C0985,P0068,2026-09-03,70.75,REFUNDED
1414,C0691,P0460,2026-09-02,4732.54,CANCELLED
1415,C0857,P0405,2026-09-05,2508.52,CANCELLED
1416,C0882,P0157,2026-09-01,547.38,REFUNDED
1417,C0590,P0088,2026-09-03,3663.4,CANCELLED
1418,C0602,P0405,2026-09-03,4367.86,REFUNDED
1419,C0974,P0134,2026-09-05,1956.0,REFUNDED
1420,C0022,P0117,2026-09-05,4937.9,COMPLETED
1421,C0784,P0248,2026-09-04,1053.05,REFUNDED
1422,C0689,P0191,2026-09-04,359.29,COMPLETED
1423,C0842,P0498,2026-09-05,3509.39,COMPLETED
1424,C0276,P0148,2026-09-02,569.92,COMPLETED
1425,C0591,P0395,2026-09-03,2261.27,CANCELLED
1426,C0042,P0433,2026-09-02,4148.96,CANCELLED
1427,C0782,P0025,2026-09-05,3133.34,CANCELLED
1428,C0775,P0076,2026-09-05,4566.47,CANCELLED
1429,C0180,P0181,2026-09-03,295.02,REFUNDED
1430,C0482,P0146,2026-09-05,492.85,CANCELLED
1431,C0532,P0234,2026-09-03,1416.31,REFUNDED
1432,C0668,P0490,2026-09-04,4694.87,CANCELLED
1433,C0453,P0086,2026-09-04,1088.79,COMPLETED
1434,C0939,P0317,2026-09-02,4598.97,COMPLETED
1435,C0285,P0474,2026-09-05,2400.48,CANCELLED
1436,C0186,P0083,2026-09-04,628.04,REFUNDED
1437,C0600,P0365,2026-09-02,579.34,REFUNDED
1438,C0447,P0275,2026-09-04,3464.8,COMPLETED
1439,C0651,P0147,2026-09-04,3750.32,REFUNDED
1440,C0834,P0094,2026-09-01,2968.99,REFUNDED
1441,C0504,P0499,2026-09-01,2359.84,COMPLETED
1442,C0993,P0090,2026-09-03,3278.55,REFUNDED
1443,C0094,P0430,2026-09-02,2103.96,CANCELLED
1444,C0482,P0363,2026-09-03,3914.34,COMPLETED
1445,C0357,P0355,2026-09-02,569.56,REFUNDED
1446,C0419,P0464,2026-09-02,3170.19,REFUNDED
1447,C0342,P0342,2026-09-02,1970.37,REFUNDED
1448,C0329,P0407,2026-09-03,4640.2,CANCELLED
1449,C0687,P0079,2026-09-05,3814.77,COMPLETED
1450,C0108,P0083,2026-09-01,4702.54,REFUNDED
1451,C0879,P0122,2026-09-02,3434.53,COMPLETED
1452,C0165,P0060,2026-09-03,3103.35,CANCELLED
1453,C0338,P0022,2026-09-04,3768.72,REFUNDED
1454,C0422,P0163,2026-09-04,302.1,REFUNDED
1455,C0711,P0295,2026-09-05,2561.27,COMPLETED
1456,C0508,P0065,2026-09-01,537.68,COMPLETED
1457,C0296,P0226,2026-09-05,3257.67,CANCELLED
1458,C0679,P0134,2026-09-02,4234.73,COMPLETED
1459,C0968,P0190,2026-09-02,3198.86,COMPLETED
1460,C0411,P0095,2026-09-03,4116.3,CANCELLED
1461,C0834,P0106,2026-09-01,1676.85,CANCELLED
1462,C0779,P0288,2026-09-04,1855.06,CANCELLED
1463,C0564,P0363,2026-09-01,96.66,CANCELLED
1464,C0038,P0018,2026-09-03,646.38,CANCELLED
1465,C0466,P0341,2026-09-05,1069.86,REFUNDED
1466,C0091,P0163,2026-09-01,2215.87,REFUNDED
1467,C0323,P0177,2026-09-03,1156.11,COMPLETED
1468,C0259,P0076,2026-09-05,2674.04,COMPLETED
1469,C0332,P0191,2026-09-05,3545.54,REFUNDED
1470,C0119,P0230,2026-09-05,162.04,REFUNDED
1471,C0994,P0277,2026-09-01,4616.99,COMPLETED
1472,C0792,P0500,2026-09-01,2812.65,COMPLETED
1473,C0414,P0084,2026-09-04,3396.18,REFUNDED
1474,C0886,P0274,2026-09-05,4193.75,CANCELLED
1475,C0527,P0155,2026-09-05,2636.8,CANCELLED
1476,C0845,P0063,2026-09-02,67.14,CANCELLED
1477,C0002,P0472,2026-09-02,731.13,COMPLETED
1478,C0674,P0013,2026-09-03,2366.51,REFUNDED
1479,C0891,P0208,2026-09-02,3814.24,CANCELLED
1480,C0556,P0477,2026-09-02,3589.54,CANCELLED
1481,C0474,P0256,2026-09-02,2366.34,COMPLETED
1482,C0424,P0394,2026-09-04,4730.19,REFUNDED
1483,C0056,P0075,2026-09-02,573.63,REFUNDED
1484,C0193,P0486,2026-09-01,186.08,REFUNDED
1485,C0531,P0235,2026-09-05,3466.78,REFUNDED
1486,C0371,P0476,2026-09-03,599.79,REFUNDED
1487,C0638,P0164,2026-09-05,3097.07,CANCELLED
1488,C0775,P0080,2026-09-03,4880.94,REFUNDED
1489,C0511,P0003,2026-09-01,815.41,COMPLETED
1490,C0641,P0497,2026-09-02,4474.1,COMPLETED
1491,C0453,P0379,2026-09-01,3400.39,CANCELLED
1492,C0779,P0280,2026-09-02,4401.62,REFUNDED
1493,C0053,P0500,2026-09-05,2960.99,REFUNDED
1494,C0209,P0260,2026-09-03,4939.83,CANCELLED
1495,C0274,P0170,2026-09-01,1294.01,CANCELLED
1496,C0563,P0332,2026-09-02,2477.53,REFUNDED
1497,C0135,P0362,2026-09-02,647.04,REFUNDED
1498,C0950,P0152,2026-09-02,1029.93,REFUNDED
1499,C0295,P0243,2026-09-05,1727.3,CANCELLED
1500,C0449,P0459,2026-09-05,1172.09,CANCELLED
1501,C0902,P0149,2026-09-04,2264.67,COMPLETED
1502,C0716,P0497,2026-09-04,2125.17,COMPLETED
1503,C0497,P0484,2026-09-01,4323.29,CANCELLED
1504,C0125,P0387,2026-09-05,4503.37,REFUNDED
1505,C0030,P0294,2026-09-01,84.52,REFUNDED
1506,C0997,P0342,2026-09-03,4001.43,COMPLETED
1507,C0646,P0076,2026-09-01,2757.8,REFUNDED
1508,C0624,P0410,2026-09-02,3385.0,COMPLETED
1509,C0819,P0290,2026-09-04,3595.77,CANCELLED
1510,C0246,P0374,2026-09-01,1863.37,COMPLETED
1511,C0727,P0465,2026-09-04,1791.9,COMPLETED
1512,C0163,P0473,2026-09-01,4342.3,CANCELLED
1513,C0319,P0227,2026-09-04,2527.48,COMPLETED
1514,C0565,P0174,2026-09-02,122.92,COMPLETED
1515,C0015,P0353,2026-09-01,3274.09,COMPLETED
1516,C0566,P0058,2026-09-05,3362.19,REFUNDED
1517,C0418,P0375,2026-09-05,1501.14,REFUNDED
1518,C0096,P0246,2026-09-02,4002.09,REFUNDED
1519,C0231,P0461,2026-09-05,718.02,COMPLETED
1520,C0862,P0021,2026-09-04,4387.88,REFUNDED
1521,C0935,P0072,2026-09-03,4821.84,COMPLETED
1522,C0117,P0348,2026-09-05,853.23,COMPLETED
1523,C0473,P0283,2026-09-01,4129.99,CANCELLED
1524,C0970,P0060,2026-09-05,1983.98,CANCELLED
1525,C0121,P0158,2026-09-04,238.35,REFUNDED
1526,C0664,P0013,2026-09-01,4966.91,REFUNDED
1527,C0853,P0206,2026-09-04,3032.2,COMPLETED
1528,C0158,P0317,2026-09-02,3828.92,REFUNDED
1529,C0511,P0431,2026-09-05,2779.86,CANCELLED
1530,C0956,P0113,2026-09-05,4242.23,REFUNDED
1531,C0734,P0229,2026-09-04,1334.93,CANCELLED
1532,C0299,P0183,2026-09-01,3348.59,CANCELLED
1533,C0522,P0048,2026-09-03,148.62,REFUNDED
1534,C0723,P0168,2026-09-04,4014.19,COMPLETED
1535,C0280,P0029,2026-09-05,3427.09,COMPLETED
1536,C0426,P0312,2026-09-03,1814.71,REFUNDED
1537,C0855,P0329,2026-09-04,2212.81,CANCELLED
1538,C0495,P0100,2026-09-02,3465.96,CANCELLED
1539,C0484,P0299,2026-09-03,1267.24,REFUNDED
1540,C0250,P0270,2026-09-05,4256.04,COMPLETED
1541,C0468,P0114,2026-09-04,4576.23,REFUNDED
1542,C0565,P0401,2026-09-05,1855.15,COMPLETED
1543,C0149,P0480,2026-09-03,3755.41,REFUNDED
1544,C0393,P0393,2026-09-03,4393.49,REFUNDED
1545,C0196,P0143,2026-09-03,753.09,CANCELLED
1546,C0944,P0101,2026-09-05,1643.18,CANCELLED
1547,C0614,P0012,2026-09-02,3692.21,COMPLETED
1548,C0521,P0043,2026-09-03,4201.71,CANCELLED
1549,C0765,P0276,2026-09-03,4478.51,CANCELLED
1550,C0901,P0435,2026-09-05,4126.08,CANCELLED
1551,C0140,P0229,2026-09-05,1972.56,REFUNDED
1552,C0885,P0347,2026-09-03,71.84,REFUNDED
1553,C0072,P0344,2026-09-04,4642.33,COMPLETED
1554,C0283,P0491,2026-09-01,1127.05,COMPLETED
1555,C0792,P0045,2026-09-02,1851.69,REFUNDED
1556,C0809,P0500,2026-09-04,4897.16,COMPLETED
1557,C0875,P0263,2026-09-01,4777.21,COMPLETED
1558,C0425,P0202,2026-09-03,3261.45,COMPLETED
1559,C0349,P0100,2026-09-05,3845.88,REFUNDED
1560,C0957,P0252,2026-09-04,4469.3,REFUNDED
1561,C0807,P0163,2026-09-04,824.88,CANCELLED
1562,C0520,P0309,2026-09-02,4250.25,COMPLETED
1563,C0274,P0310,2026-09-02,3528.94,REFUNDED
1564,C0841,P0262,2026-09-01,3489.45,REFUNDED
1565,C0003,P0484,2026-09-04,3119.01,COMPLETED
1566,C0290,P0029,2026-09-03,4335.23,CANCELLED
1567,C0744,P0466,2026-09-01,2910.54,COMPLETED
1568,C0306,P0342,2026-09-04,1478.36,COMPLETED
1569,C0858,P0185,2026-09-03,4283.63,CANCELLED
1570,C0602,P0204,2026-09-05,2541.78,REFUNDED
1571,C0594,P0076,2026-09-02,1140.93,COMPLETED
1572,C0676,P0367,2026-09-02,100.58,REFUNDED
1573,C0502,P0438,2026-09-01,4568.73,REFUNDED
1574,C0887,P0219,2026-09-02,3706.02,REFUNDED
1575,C0153,P0190,2026-09-02,3023.4,REFUNDED
1576,C0458,P0198,2026-09-03,4056.97,CANCELLED
1577,C0552,P0191,2026-09-05,4079.53,REFUNDED
1578,C0496,P0007,2026-09-03,1616.14,REFUNDED
1579,C0354,P0146,2026-09-03,1181.73,CANCELLED
1580,C0341,P0177,2026-09-05,779.43,REFUNDED
1581,C0566,P0180,2026-09-04,1873.09,COMPLETED
1582,C0782,P0158,2026-09-01,402.78,COMPLETED
1583,C0557,P0229,2026-09-03,2407.54,COMPLETED
1584,C0387,P0448,2026-09-05,1855.41,CANCELLED
1585,C0467,P0288,2026-09-02,4047.34,REFUNDED
1586,C0956,P0045,2026-09-05,2772.75,COMPLETED
1587,C0330,P0111,2026-09-02,1971.27,REFUNDED
1588,C0891,P0373,2026-09-03,1489.47,REFUNDED
1589,C0194,P0455,2026-09-02,3578.93,COMPLETED
1590,C0715,P0228,2026-09-02,1263.09,CANCELLED
1591,C0245,P0380,2026-09-04,3355.35,REFUNDED
1592,C0586,P0213,2026-09-02,4681.8,CANCELLED
1593,C0393,P0412,2026-09-02,4319.38,REFUNDED
1594,C0240,P0227,2026-09-05,1201.73,COMPLETED
1595,C0877,P0148,2026-09-02,2772.26,REFUNDED
1596,C0795,P0084,2026-09-03,512.69,REFUNDED
1597,C0421,P0413,2026-09-05,1662.97,REFUNDED
1598,C0045,P0373,2026-09-04,4109.92,CANCELLED
1599,C0326,P0497,2026-09-05,4408.3,CANCELLED
1600,C0763,P0460,2026-09-04,1416.88,REFUNDED
1601,C0485,P0218,2026-09-03,2518.41,CANCELLED
1602,C0723,P0374,2026-09-02,1334.9,REFUNDED
1603,C0936,P0459,2026-09-03,4968.44,CANCELLED
1604,C0831,P0213,2026-09-04,2478.39,CANCELLED
1605,C0391,P0072,2026-09-03,4110.3,REFUNDED
1606,C0396,P0428,2026-09-03,2946.78,COMPLETED
1607,C0680,P0301,2026-09-02,2151.21,REFUNDED
1608,C0812,P0307,2026-09-03,4797.82,CANCELLED
1609,C0841,P0045,2026-09-03,1634.28,CANCELLED
1610,C0668,P0074,2026-09-03,1271.57,COMPLETED
1611,C0156,P0107,2026-09-03,1717.95,CANCELLED
1612,C0508,P0156,2026-09-04,3735.08,CANCELLED
1613,C0988,P0244,2026-09-03,4576.25,REFUNDED
1614,C0038,P0445,2026-09-04,600.28,CANCELLED
1615,C0130,P0269,2026-09-05,2752.74,CANCELLED
1616,C0515,P0172,2026-09-04,427.98,CANCELLED
1617,C0989,P0034,2026-09-04,2272.75,CANCELLED
1618,C0605,P0478,2026-09-01,2488.76,CANCELLED
1619,C0340,P0492,2026-09-04,4045.54,COMPLETED
1620,C0891,P0303,2026-09-01,713.23,CANCELLED
1621,C0103,P0388,2026-09-04,2981.76,CANCELLED
1622,C0896,P0193,2026-09-03,3837.13,CANCELLED
1623,C0866,P0046,2026-09-02,2513.87,CANCELLED
1624,C0451,P0004,2026-09-04,537.39,REFUNDED
1625,C0103,P0210,2026-09-03,1843.29,CANCELLED
1626,C0539,P0328,2026-09-01,816.08,COMPLETED
1627,C0933,P0469,2026-09-02,4277.71,REFUNDED
1628,C0468,P0140,2026-09-02,3215.48,REFUNDED
1629,C0016,P0213,2026-09-03,3824.01,COMPLETED
1630,C0740,P0090,2026-09-03,4069.89,REFUNDED
1631,C0148,P0285,2026-09-03,2336.21,COMPLETED
1632,C0420,P0237,2026-09-01,1174.06,CANCELLED
1633,C0892,P0364,2026-09-03,1947.59,REFUNDED
1634,C0671,P0291,2026-09-04,809.87,CANCELLED
1635,C0994,P0387,2026-09-04,3944.5,CANCELLED
1636,C0159,P0469,2026-09-03,2203.9,CANCELLED
1637,C0077,P0071,2026-09-05,3703.82,REFUNDED
1638,C0481,P0103,2026-09-05,4954.34,CANCELLED
1639,C0801,P0096,2026-09-02,3869.92,COMPLETED
1640,C0993,P0427,2026-09-02,2143.11,COMPLETED
1641,C0272,P0196,2026-09-05,2339.75,COMPLETED
1642,C0347,P0149,2026-09-05,749.66,CANCELLED
1643,C0639,P0284,2026-09-04,1822.61,CANCELLED
1644,C0710,P0252,2026-09-03,2235.64,COMPLETED
1645,C0408,P0022,2026-09-01,185.22,COMPLETED
1646,C0666,P0422,2026-09-01,1057.69,COMPLETED
1647,C0083,P0424,2026-09-02,4143.2,COMPLETED
1648,C0873,P0155,2026-09-02,2346.03,CANCELLED
1649,C0337,P0428,2026-09-03,1840.19,COMPLETED
1650,C0873,P0300,2026-09-04,4037.27,CANCELLED
1651,C0691,P0156,2026-09-05,3785.76,REFUNDED
1652,C0880,P0253,2026-09-04,2429.39,COMPLETED
1653,C0547,P0287,2026-09-01,4974.79,COMPLETED
1654,C0390,P0379,2026-09-04,3775.56,COMPLETED
1655,C0978,P0238,2026-09-04,2431.71,COMPLETED
1656,C0325,P0115,2026-09-02,3627.17,REFUNDED
1657,C0642,P0014,2026-09-03,1121.74,CANCELLED
1658,C0736,P0406,2026-09-05,2459.05,REFUNDED
1659,C0909,P0002,2026-09-05,1569.13,CANCELLED
1660,C0778,P0079,2026-09-04,1179.94,CANCELLED
1661,C0500,P0135,2026-09-01,128.93,COMPLETED
1662,C0894,P0154,2026-09-01,969.28,CANCELLED
1663,C0555,P0490,2026-09-01,2239.39,CANCELLED
1664,C0037,P0328,2026-09-03,4115.62,COMPLETED
1665,C0633,P0428,2026-09-03,4210.66,COMPLETED
1666,C0071,P0326,2026-09-05,2541.11,COMPLETED
1667,C0241,P0242,2026-09-03,1655.37,REFUNDED
1668,C0647,P0064,2026-09-04,2322.14,REFUNDED
1669,C0701,P0335,2026-09-03,946.29,COMPLETED
1670,C0944,P0341,2026-09-01,296.56,CANCELLED
1671,C0295,P0458,2026-09-04,2834.98,CANCELLED
1672,C0233,P0148,2026-09-02,1695.04,COMPLETED
1673,C0765,P0214,2026-09-01,3864.36,REFUNDED
1674,C0093,P0092,2026-09-03,2002.41,CANCELLED
1675,C0445,P0252,2026-09-04,2663.98,COMPLETED
1676,C0101,P0465,2026-09-02,4907.26,CANCELLED
1677,C0779,P0353,2026-09-02,4472.84,COMPLETED
1678,C0649,P0331,2026-09-05,970.39,CANCELLED
1679,C0721,P0126,2026-09-03,2605.16,REFUNDED
1680,C0894,P0015,2026-09-05,1536.27,CANCELLED
1681,C0103,P0062,2026-09-02,276.18,COMPLETED
1682,C0455,P0392,2026-09-05,2112.27,REFUNDED
1683,C0171,P0142,2026-09-01,1290.82,COMPLETED
1684,C0711,P0253,2026-09-04,100.91,CANCELLED
1685,C0307,P0497,2026-09-02,3280.88,CANCELLED
1686,C0926,P0035,2026-09-03,1917.37,CANCELLED
1687,C0030,P0307,2026-09-05,1074.03,REFUNDED
1688,C0048,P0382,2026-09-05,2417.26,CANCELLED
1689,C0333,P0186,2026-09-03,384.61,CANCELLED
1690,C0816,P0298,2026-09-05,4182.43,COMPLETED
1691,C0058,P0247,2026-09-05,1072.31,COMPLETED
1692,C0301,P0290,2026-09-03,1724.37,CANCELLED
1693,C0368,P0224,2026-09-01,3646.81,REFUNDED
1694,C0384,P0445,2026-09-02,4836.13,REFUNDED
1695,C0442,P0133,2026-09-01,2034.39,COMPLETED
1696,C0150,P0322,2026-09-03,2116.97,CANCELLED
1697,C0251,P0352,2026-09-03,734.9,REFUNDED
1698,C0544,P0244,2026-09-04,3038.52,REFUNDED
1699,C0422,P0499,2026-09-02,1128.55,REFUNDED
1700,C0580,P0356,2026-09-02,2668.62,COMPLETED
1701,C0699,P0419,2026-09-03,3624.08,COMPLETED
1702,C0812,P0062,2026-09-04,4187.68,REFUNDED
1703,C0185,P0192,2026-09-02,3056.54,CANCELLED
1704,C0175,P0263,2026-09-04,2061.86,COMPLETED
1705,C0180,P0376,2026-09-03,3375.52,CANCELLED
1706,C0081,P0295,2026-09-03,199.54,REFUNDED
1707,C0625,P0009,2026-09-02,1353.07,CANCELLED
1708,C0892,P0433,2026-09-03,4596.69,REFUNDED
1709,C0392,P0133,2026-09-03,2640.41,COMPLETED
1710,C0635,P0084,2026-09-05,1997.25,COMPLETED
1711,C0700,P0298,2026-09-01,3413.15,COMPLETED
1712,C0247,P0030,2026-09-02,923.01,CANCELLED
1713,C0510,P0075,2026-09-01,3484.91,CANCELLED
1714,C0935,P0164,2026-09-04,3911.85,COMPLETED
1715,C0598,P0237,2026-09-04,3898.23,COMPLETED
1716,C0147,P0450,2026-09-04,1335.56,CANCELLED
1717,C0238,P0355,2026-09-04,1766.92,COMPLETED
1718,C0473,P0070,2026-09-01,175.73,COMPLETED
1719,C0654,P0183,2026-09-05,2647.89,REFUNDED
1720,C0261,P0084,2026-09-01,4179.51,CANCELLED
1721,C0471,P0028,2026-09-05,3871.41,REFUNDED
1722,C0262,P0140,2026-09-03,2397.61,CANCELLED
1723,C0683,P0185,2026-09-01,2909.67,COMPLETED
1724,C0010,P0215,2026-09-05,3723.91,REFUNDED
1725,C0921,P0326,2026-09-04,4787.12,COMPLETED
1726,C0824,P0467,2026-09-01,1670.49,CANCELLED
1727,C0477,P0490,2026-09-05,4276.08,COMPLETED
1728,C0923,P0183,2026-09-03,2173.87,COMPLETED
1729,C0295,P0025,2026-09-05,1323.99,CANCELLED
1730,C0694,P0149,2026-09-04,93.73,REFUNDED
1731,C0560,P0150,2026-09-03,999.67,COMPLETED
1732,C0162,P0272,2026-09-05,3298.38,COMPLETED
1733,C0076,P0328,2026-09-03,1642.26,CANCELLED
1734,C0453,P0480,2026-09-01,2278.65,REFUNDED
1735,C0968,P0040,2026-09-01,3696.89,COMPLETED
1736,C0354,P0264,2026-09-05,2525.95,COMPLETED
1737,C0602,P0100,2026-09-01,4415.09,COMPLETED
1738,C0307,P0393,2026-09-05,2524.07,COMPLETED
1739,C0655,P0322,2026-09-01,1728.05,COMPLETED
1740,C0986,P0094,2026-09-05,1310.72,REFUNDED
1741,C0435,P0392,2026-09-02,2209.85,CANCELLED
1742,C0707,P0049,2026-09-05,431.02,REFUNDED
1743,C0257,P0307,2026-09-01,3537.1,REFUNDED
1744,C0468,P0386,2026-09-05,186.73,REFUNDED
1745,C0866,P0086,2026-09-04,4164.31,COMPLETED
1746,C0310,P0279,2026-09-05,2658.5,COMPLETED
1747,C0204,P0166,2026-09-02,778.45,REFUNDED
1748,C0394,P0447,2026-09-01,945.59,REFUNDED
1749,C0874,P0162,2026-09-04,1089.79,REFUNDED
1750,C0495,P0424,2026-09-03,2042.08,CANCELLED
1751,C0110,P0433,2026-09-04,4194.6,COMPLETED
1752,C0243,P0351,2026-09-04,2304.44,REFUNDED
1753,C0391,P0410,2026-09-02,1070.9,COMPLETED
1754,C0586,P0155,2026-09-03,345.2,CANCELLED
1755,C0368,P0139,2026-09-01,921.52,COMPLETED
1756,C0589,P0351,2026-09-02,4721.28,COMPLETED
1757,C0303,P0358,2026-09-05,778.76,REFUNDED
1758,C0717,P0353,2026-09-03,561.27,CANCELLED
1759,C0303,P0186,2026-09-04,3819.8,COMPLETED
1760,C0023,P0050,2026-09-05,4187.79,CANCELLED
1761,C0850,P0274,2026-09-04,4159.15,COMPLETED
1762,C0675,P0297,2026-09-01,3273.68,COMPLETED
1763,C0406,P0181,2026-09-04,2475.97,COMPLETED
1764,C0282,P0422,2026-09-05,3053.4,COMPLETED
1765,C0009,P0074,2026-09-03,4845.12,REFUNDED
1766,C0580,P0007,2026-09-01,577.71,COMPLETED
1767,C0886,P0071,2026-09-05,863.69,REFUNDED
1768,C0703,P0266,2026-09-04,3908.22,REFUNDED
1769,C0797,P0145,2026-09-01,830.19,REFUNDED
1770,C0763,P0191,2026-09-01,4421.05,REFUNDED
1771,C0997,P0399,2026-09-02,1891.15,COMPLETED
1772,C0051,P0249,2026-09-03,1480.3,REFUNDED
1773,C0933,P0211,2026-09-04,4193.89,CANCELLED
1774,C0621,P0175,2026-09-02,2050.53,CANCELLED
1775,C0764,P0472,2026-09-03,2789.62,CANCELLED
1776,C0509,P0467,2026-09-02,210.29,REFUNDED
1777,C0853,P0084,2026-09-05,919.82,COMPLETED
1778,C0926,P0053,2026-09-03,562.65,COMPLETED
1779,C0925,P0112,2026-09-05,2152.91,CANCELLED
1780,C0294,P0080,2026-09-04,2913.99,REFUNDED
1781,C0795,P0258,2026-09-02,1076.29,CANCELLED
1782,C0819,P0114,2026-09-05,4289.57,REFUNDED
1783,C0236,P0426,2026-09-03,936.9,REFUNDED
1784,C0622,P0097,2026-09-05,196.46,COMPLETED
1785,C0822,P0408,2026-09-02,941.91,CANCELLED
1786,C0361,P0460,2026-09-02,2095.38,CANCELLED
1787,C0225,P0287,2026-09-02,4807.35,COMPLETED
1788,C0652,P0315,2026-09-02,2864.76,CANCELLED
1789,C0195,P0354,2026-09-03,2770.49,COMPLETED
1790,C0636,P0426,2026-09-02,523.49,REFUNDED
1791,C0257,P0488,2026-09-01,4897.53,REFUNDED
1792,C0695,P0270,2026-09-01,1367.4,REFUNDED
1793,C0774,P0434,2026-09-05,3409.11,REFUNDED
1794,C0739,P0273,2026-09-05,1379.76,REFUNDED
1795,C0786,P0365,2026-09-01,4152.69,CANCELLED
1796,C0676,P0283,2026-09-02,349.72,REFUNDED
1797,C0698,P0360,2026-09-05,2754.52,REFUNDED
1798,C0859,P0388,2026-09-03,4348.34,COMPLETED
1799,C0141,P0411,2026-09-01,2280.36,CANCELLED
1800,C0644,P0059,2026-09-03,4423.51,CANCELLED
1801,C0100,P0214,2026-09-03,3809.39,REFUNDED
1802,C0926,P0236,2026-09-02,4611.88,REFUNDED
1803,C0643,P0470,2026-09-02,4040.81,CANCELLED
1804,C0662,P0040,2026-09-02,447.91,REFUNDED
1805,C0041,P0060,2026-09-03,4623.06,COMPLETED
1806,C0317,P0420,2026-09-02,2255.96,REFUNDED
1807,C0808,P0068,2026-09-04,3903.74,REFUNDED
1808,C0452,P0473,2026-09-03,4446.45,CANCELLED
1809,C0035,P0009,2026-09-02,3441.99,CANCELLED
1810,C0594,P0246,2026-09-02,4709.74,CANCELLED
1811,C0374,P0179,2026-09-03,1491.47,REFUNDED
1812,C0750,P0160,2026-09-01,1031.51,CANCELLED
1813,C0135,P0354,2026-09-02,964.51,CANCELLED
1814,C0093,P0186,2026-09-04,4183.9,CANCELLED
1815,C0932,P0072,2026-09-01,958.52,REFUNDED
1816,C0303,P0419,2026-09-04,4588.26,REFUNDED
1817,C0335,P0227,2026-09-01,1914.84,COMPLETED
1818,C0766,P0456,2026-09-04,1158.19,COMPLETED
1819,C0426,P0306,2026-09-02,610.01,CANCELLED
1820,C0180,P0268,2026-09-04,4051.28,CANCELLED
1821,C0206,P0391,2026-09-01,841.55,REFUNDED
1822,C0136,P0497,2026-09-04,1429.25,REFUNDED
1823,C0806,P0176,2026-09-04,2245.83,REFUNDED
1824,C0553,P0089,2026-09-04,4895.5,COMPLETED
1825,C0898,P0364,2026-09-02,4583.6,CANCELLED
1826,C0995,P0156,2026-09-02,76.38,REFUNDED
1827,C0375,P0015,2026-09-04,1150.35,REFUNDED
1828,C0544,P0382,2026-09-05,2835.97,COMPLETED
1829,C0514,P0418,2026-09-01,3720.09,CANCELLED
1830,C0936,P0061,2026-09-01,3793.35,CANCELLED
1831,C0280,P0114,2026-09-02,1659.23,COMPLETED
1832,C0851,P0066,2026-09-05,351.28,CANCELLED
1833,C0169,P0439,2026-09-05,4410.83,COMPLETED
1834,C0264,P0356,2026-09-05,3098.12,REFUNDED
1835,C0936,P0073,2026-09-01,3083.1,COMPLETED
1836,C0845,P0353,2026-09-02,4933.87,REFUNDED
1837,C0967,P0117,2026-09-02,1659.0,CANCELLED
1838,C0494,P0158,2026-09-01,3509.46,COMPLETED
1839,C0991,P0065,2026-09-04,1133.97,REFUNDED
1840,C0826,P0108,2026-09-05,3043.32,REFUNDED
1841,C0303,P0067,2026-09-03,679.74,CANCELLED
1842,C0765,P0041,2026-09-03,3518.54,REFUNDED
1843,C0892,P0218,2026-09-04,4956.97,REFUNDED
1844,C0347,P0354,2026-09-02,2491.62,CANCELLED
1845,C0824,P0391,2026-09-02,2727.54,REFUNDED
1846,C0118,P0402,2026-09-01,480.68,COMPLETED
1847,C0480,P0058,2026-09-05,4479.3,CANCELLED
1848,C0987,P0040,2026-09-03,633.47,REFUNDED
1849,C0078,P0010,2026-09-04,1968.7,COMPLETED
1850,C0145,P0397,2026-09-03,1772.91,REFUNDED
1851,C0773,P0248,2026-09-05,286.4,REFUNDED
1852,C0990,P0388,2026-09-01,4875.95,COMPLETED
1853,C0232,P0221,2026-09-04,2837.9,REFUNDED
1854,C0881,P0022,2026-09-01,2174.73,REFUNDED
1855,C0693,P0101,2026-09-01,670.92,COMPLETED
1856,C0742,P0056,2026-09-04,2180.71,COMPLETED
1857,C0691,P0017,2026-09-04,2127.92,REFUNDED
1858,C0407,P0407,2026-09-04,2005.91,CANCELLED
1859,C0991,P0338,2026-09-01,1689.08,REFUNDED
1860,C0867,P0263,2026-09-03,899.65,REFUNDED
1861,C0824,P0304,2026-09-03,4321.91,CANCELLED
1862,C0571,P0031,2026-09-03,2787.18,REFUNDED
1863,C0375,P0241,2026-09-01,1553.43,REFUNDED
1864,C0093,P0061,2026-09-04,4887.29,REFUNDED
1865,C0810,P0466,2026-09-03,2961.15,COMPLETED
1866,C0405,P0130,2026-09-02,1360.64,REFUNDED
1867,C0015,P0023,2026-09-01,3757.15,COMPLETED
1868,C0271,P0034,2026-09-04,2952.6,COMPLETED
1869,C0550,P0155,2026-09-04,165.8,REFUNDED
1870,C0127,P0342,2026-09-01,3627.79,CANCELLED
1871,C0466,P0006,2026-09-03,2553.04,COMPLETED
1872,C0378,P0387,2026-09-03,2753.35,COMPLETED
1873,C0689,P0050,2026-09-01,1541.7,COMPLETED
1874,C0767,P0401,2026-09-02,63.81,COMPLETED
1875,C0689,P0064,2026-09-02,3753.51,REFUNDED
1876,C0269,P0472,2026-09-02,4968.9,REFUNDED
1877,C0599,P0309,2026-09-05,3780.01,CANCELLED
1878,C0391,P0106,2026-09-01,4240.11,REFUNDED
1879,C0843,P0301,2026-09-02,157.42,REFUNDED
1880,C0654,P0462,2026-09-05,270.74,CANCELLED
1881,C0963,P0103,2026-09-02,100.64,CANCELLED
1882,C0381,P0095,2026-09-02,3588.6,CANCELLED
1883,C0111,P0344,2026-09-04,561.25,COMPLETED
1884,C0692,P0180,2026-09-01,4801.16,REFUNDED
1885,C0240,P0015,2026-09-01,4229.99,REFUNDED
1886,C0483,P0047,2026-09-05,2995.36,REFUNDED
1887,C0026,P0075,2026-09-02,871.22,COMPLETED
1888,C0635,P0434,2026-09-03,3869.65,COMPLETED
1889,C0906,P0383,2026-09-03,4525.39,CANCELLED
1890,C0966,P0483,2026-09-05,3894.32,COMPLETED
1891,C0575,P0143,2026-09-04,4725.26,CANCELLED
1892,C0336,P0486,2026-09-02,4416.48,CANCELLED
1893,C0938,P0297,2026-09-04,1229.07,CANCELLED
1894,C0625,P0179,2026-09-02,211.24,REFUNDED
1895,C0227,P0181,2026-09-02,1332.29,REFUNDED
1896,C0664,P0083,2026-09-05,2883.49,REFUNDED
1897,C0065,P0438,2026-09-02,221.24,CANCELLED
1898,C0651,P0257,2026-09-02,1164.59,REFUNDED
1899,C0844,P0400,2026-09-03,4498.82,REFUNDED
1900,C0476,P0374,2026-09-01,1775.05,COMPLETED
1901,C0932,P0314,2026-09-02,1002.52,CANCELLED
1902,C0718,P0124,2026-09-01,1071.14,REFUNDED
1903,C0310,P0259,2026-09-04,82.47,CANCELLED
1904,C0665,P0292,2026-09-02,880.47,COMPLETED
1905,C0419,P0035,2026-09-03,1819.73,CANCELLED
1906,C0120,P0051,2026-09-04,251.65,CANCELLED
1907,C0144,P0420,2026-09-03,4057.46,CANCELLED
1908,C0047,P0297,2026-09-03,4534.05,CANCELLED
1909,C0969,P0391,2026-09-05,4036.54,COMPLETED
1910,C0039,P0008,2026-09-03,1753.06,CANCELLED
1911,C0312,P0271,2026-09-01,4868.46,REFUNDED
1912,C0505,P0112,2026-09-01,611.93,REFUNDED
1913,C0119,P0367,2026-09-03,4429.44,REFUNDED
1914,C0100,P0099,2026-09-01,1169.9,REFUNDED
1915,C0241,P0494,2026-09-04,1721.34,CANCELLED
1916,C0909,P0145,2026-09-01,1676.38,COMPLETED
1917,C0551,P0088,2026-09-02,3603.67,COMPLETED
1918,C0139,P0462,2026-09-04,4492.44,REFUNDED
1919,C0398,P0387,2026-09-01,1168.88,REFUNDED
1920,C0465,P0276,2026-09-05,2053.86,CANCELLED
1921,C0380,P0003,2026-09-04,2546.25,REFUNDED
1922,C0687,P0499,2026-09-05,2794.2,REFUNDED
1923,C0973,P0372,2026-09-05,2823.3,COMPLETED
1924,C0761,P0051,2026-09-02,3490.96,REFUNDED
1925,C0714,P0474,2026-09-02,1080.35,COMPLETED
1926,C0969,P0110,2026-09-01,1008.52,COMPLETED
1927,C0554,P0472,2026-09-01,3890.04,REFUNDED
1928,C0430,P0259,2026-09-03,1004.1,CANCELLED
1929,C0602,P0436,2026-09-02,852.9,COMPLETED
1930,C0761,P0363,2026-09-01,4256.52,CANCELLED
1931,C0745,P0244,2026-09-04,2000.87,COMPLETED
1932,C0159,P0188,2026-09-01,857.9,CANCELLED
1933,C0907,P0358,2026-09-01,2162.44,CANCELLED
1934,C0425,P0302,2026-09-04,85.85,COMPLETED
1935,C0671,P0095,2026-09-04,2710.15,COMPLETED
1936,C0102,P0226,2026-09-04,1766.76,COMPLETED
1937,C0854,P0345,2026-09-05,3745.77,CANCELLED
1938,C0502,P0491,2026-09-04,2714.91,CANCELLED
1939,C0631,P0055,2026-09-02,3243.29,REFUNDED
1940,C0418,P0093,2026-09-05,656.12,CANCELLED
1941,C0962,P0428,2026-09-01,4166.68,COMPLETED
1942,C0975,P0182,2026-09-03,3953.87,REFUNDED
1943,C0287,P0195,2026-09-04,3775.66,CANCELLED
1944,C0034,P0218,2026-09-04,497.81,CANCELLED
1945,C0707,P0110,2026-09-03,4404.53,COMPLETED
1946,C0380,P0264,2026-09-02,334.78,REFUNDED
1947,C0223,P0117,2026-09-03,3911.37,REFUNDED
1948,C0455,P0209,2026-09-05,3769.22,CANCELLED
1949,C0456,P0058,2026-09-03,1994.47,COMPLETED
1950,C0974,P0390,2026-09-05,4542.98,REFUNDED
1951,C0242,P0161,2026-09-01,3078.06,REFUNDED
1952,C0876,P0064,2026-09-04,3093.2,CANCELLED
1953,C0372,P0239,2026-09-04,4759.33,REFUNDED
1954,C0102,P0057,2026-09-05,633.63,CANCELLED
1955,C0703,P0267,2026-09-02,1251.5,REFUNDED
1956,C0377,P0070,2026-09-02,2507.24,CANCELLED
1957,C0558,P0254,2026-09-02,1030.54,COMPLETED
1958,C0924,P0391,2026-09-05,2431.55,COMPLETED
1959,C0661,P0185,2026-09-02,1579.5,REFUNDED
1960,C0368,P0361,2026-09-02,1889.89,REFUNDED
1961,C0063,P0148,2026-09-02,842.26,CANCELLED
1962,C0408,P0286,2026-09-01,4536.75,CANCELLED
1963,C0283,P0370,2026-09-01,1950.46,REFUNDED
1964,C0195,P0021,2026-09-04,2996.72,CANCELLED
1965,C0992,P0043,2026-09-03,4341.47,CANCELLED
1966,C0126,P0168,2026-09-05,3222.54,CANCELLED
1967,C0972,P0253,2026-09-01,2853.47,CANCELLED
1968,C0869,P0060,2026-09-02,4513.35,REFUNDED
1969,C0844,P0198,2026-09-02,1742.39,REFUNDED
1970,C0466,P0146,2026-09-03,4930.62,CANCELLED
1971,C0094,P0234,2026-09-02,534.06,COMPLETED
1972,C0679,P0308,2026-09-03,705.57,COMPLETED
1973,C0218,P0377,2026-09-03,2007.84,CANCELLED
1974,C0658,P0160,2026-09-04,426.27,COMPLETED
1975,C0655,P0352,2026-09-05,1183.95,REFUNDED
1976,C0612,P0500,2026-09-05,2434.01,CANCELLED
1977,C0995,P0431,2026-09-05,1198.99,COMPLETED
1978,C0022,P0228,2026-09-05,2033.87,COMPLETED
1979,C0052,P0116,2026-09-03,4723.56,COMPLETED
1980,C0806,P0284,2026-09-02,4282.11,COMPLETED
1981,C0342,P0209,2026-09-03,1406.64,REFUNDED
1982,C0250,P0149,2026-09-04,1626.58,COMPLETED
1983,C0129,P0438,2026-09-03,3355.51,COMPLETED
1984,C0806,P0220,2026-09-02,2568.04,REFUNDED
1985,C0579,P0097,2026-09-05,4593.16,COMPLETED
1986,C0211,P0439,2026-09-01,1296.78,REFUNDED
1987,C0071,P0036,2026-09-04,559.28,CANCELLED
1988,C0850,P0459,2026-09-01,4533.25,COMPLETED
1989,C0784,P0431,2026-09-02,3521.04,CANCELLED
1990,C0568,P0411,2026-09-02,4457.26,REFUNDED
1991,C0213,P0244,2026-09-01,2157.33,CANCELLED
1992,C0601,P0481,2026-09-02,2270.42,COMPLETED
1993,C0222,P0348,2026-09-01,3843.94,REFUNDED
1994,C0833,P0189,2026-09-02,180.93,REFUNDED
1995,C0891,P0092,2026-09-02,2876.86,COMPLETED
1996,C0239,P0007,2026-09-04,833.78,CANCELLED
1997,C0337,P0346,2026-09-03,3722.04,REFUNDED
1998,C0793,P0252,2026-09-01,2688.58,CANCELLED
1999,C0152,P0345,2026-09-05,1379.47,REFUNDED
2000,C0808,P0054,2026-09-04,4379.07,CANCELLED
2001,C0923,P0203,2026-09-04,1388.89,COMPLETED
2002,C0611,P0225,2026-09-03,995.71,REFUNDED
2003,C0003,P0268,2026-09-02,3540.5,REFUNDED
2004,C0284,P0338,2026-09-05,360.83,COMPLETED
2005,C0880,P0347,2026-09-04,3470.86,COMPLETED
2006,C0149,P0044,2026-09-04,4307.3,REFUNDED
2007,C0134,P0062,2026-09-02,1805.4,COMPLETED
2008,C0554,P0074,2026-09-04,1623.09,CANCELLED
2009,C0257,P0203,2026-09-05,1390.98,REFUNDED
2010,C0818,P0206,2026-09-03,3612.99,CANCELLED
2011,C0179,P0356,2026-09-05,740.89,CANCELLED
2012,C0113,P0303,2026-09-04,2930.34,REFUNDED
2013,C0677,P0053,2026-09-01,570.08,COMPLETED
2014,C0888,P0380,2026-09-03,1226.93,REFUNDED
2015,C0027,P0474,2026-09-05,4214.52,COMPLETED
2016,C0135,P0457,2026-09-03,2611.25,CANCELLED
2017,C0016,P0087,2026-09-03,2236.0,REFUNDED
2018,C0367,P0034,2026-09-02,4590.76,CANCELLED
2019,C0809,P0187,2026-09-03,2331.93,COMPLETED
2020,C0808,P0500,2026-09-03,741.3,COMPLETED
2021,C0244,P0102,2026-09-04,2357.38,REFUNDED
2022,C0603,P0174,2026-09-05,4870.43,COMPLETED
2023,C0332,P0103,2026-09-04,1903.09,COMPLETED
2024,C0017,P0305,2026-09-01,3719.18,REFUNDED
2025,C0179,P0433,2026-09-03,4306.85,COMPLETED
2026,C0272,P0207,2026-09-05,808.96,CANCELLED
2027,C0054,P0063,2026-09-03,512.45,REFUNDED
2028,C0130,P0120,2026-09-01,2749.02,REFUNDED
2029,C0760,P0430,2026-09-03,3555.57,CANCELLED
2030,C0432,P0218,2026-09-04,1309.14,CANCELLED
2031,C0539,P0372,2026-09-01,3999.58,REFUNDED
2032,C0117,P0256,2026-09-05,1640.61,REFUNDED
2033,C0764,P0143,2026-09-02,4662.27,COMPLETED
2034,C0066,P0392,2026-09-01,3966.52,REFUNDED
2035,C0488,P0366,2026-09-02,2973.97,CANCELLED
2036,C0460,P0393,2026-09-04,3692.97,COMPLETED
2037,C0797,P0298,2026-09-01,4847.18,REFUNDED
2038,C0371,P0304,2026-09-01,1547.43,COMPLETED
2039,C0526,P0140,2026-09-05,2736.52,CANCELLED
2040,C0608,P0388,2026-09-03,2488.56,CANCELLED
2041,C0112,P0405,2026-09-02,2185.54,CANCELLED
2042,C0463,P0411,2026-09-03,3188.53,CANCELLED
2043,C0516,P0330,2026-09-03,4156.1,REFUNDED
2044,C0227,P0483,2026-09-04,1031.46,REFUNDED
2045,C0969,P0205,2026-09-04,1084.4,REFUNDED
2046,C0630,P0183,2026-09-05,1210.67,REFUNDED
2047,C0045,P0244,2026-09-01,892.27,COMPLETED
2048,C0745,P0342,2026-09-05,2968.36,REFUNDED
2049,C0803,P0309,2026-09-02,2813.04,CANCELLED
2050,C0931,P0487,2026-09-04,1803.74,REFUNDED
2051,C0888,P0208,2026-09-05,1821.94,CANCELLED
2052,C0675,P0249,2026-09-02,3106.68,REFUNDED
2053,C0534,P0262,2026-09-02,332.94,CANCELLED
2054,C0309,P0143,2026-09-02,1734.45,REFUNDED
2055,C0470,P0076,2026-09-01,3596.24,CANCELLED
2056,C0659,P0394,2026-09-02,3344.29,COMPLETED
2057,C0988,P0233,2026-09-03,4802.17,CANCELLED
2058,C0032,P0056,2026-09-05,1410.94,CANCELLED
2059,C0063,P0063,2026-09-05,4422.93,COMPLETED
2060,C0491,P0129,2026-09-02,1701.04,REFUNDED
2061,C0868,P0251,2026-09-05,2542.11,REFUNDED
2062,C0412,P0255,2026-09-05,3932.72,COMPLETED
2063,C0437,P0119,2026-09-05,3689.44,REFUNDED
2064,C0703,P0322,2026-09-01,2675.5,COMPLETED
2065,C0111,P0483,2026-09-05,4156.23,CANCELLED
2066,C0503,P0069,2026-09-03,2730.36,COMPLETED
2067,C0730,P0016,2026-09-05,4864.67,CANCELLED
2068,C0932,P0051,2026-09-02,1637.16,CANCELLED
2069,C0455,P0378,2026-09-05,2214.35,REFUNDED
2070,C0076,P0028,2026-09-02,3978.99,REFUNDED
2071,C0921,P0426,2026-09-03,718.13,REFUNDED
2072,C0083,P0035,2026-09-02,3953.25,CANCELLED
2073,C0330,P0256,2026-09-01,139.05,REFUNDED
2074,C0623,P0348,2026-09-02,2564.18,REFUNDED
2075,C0152,P0014,2026-09-05,2019.6,COMPLETED
2076,C0068,P0498,2026-09-02,670.38,COMPLETED
2077,C0130,P0092,2026-09-02,2943.28,CANCELLED
2078,C0282,P0196,2026-09-05,882.99,CANCELLED
2079,C0640,P0310,2026-09-05,1560.46,CANCELLED
2080,C0649,P0348,2026-09-04,1122.7,COMPLETED
2081,C0600,P0168,2026-09-02,3911.69,REFUNDED
2082,C0562,P0079,2026-09-03,4380.73,CANCELLED
2083,C0730,P0156,2026-09-01,3698.71,CANCELLED
2084,C0333,P0319,2026-09-04,446.76,CANCELLED
2085,C0391,P0320,2026-09-03,2948.73,REFUNDED
2086,C0612,P0050,2026-09-04,885.43,CANCELLED
2087,C0544,P0390,2026-09-05,837.17,CANCELLED
2088,C0302,P0040,2026-09-04,958.66,CANCELLED
2089,C0465,P0339,2026-09-04,1784.3,COMPLETED
2090,C0518,P0385,2026-09-04,3787.16,REFUNDED
2091,C0620,P0267,2026-09-03,2689.75,COMPLETED
2092,C0441,P0393,2026-09-02,1795.71,REFUNDED
2093,C0102,P0253,2026-09-03,3989.28,CANCELLED
2094,C0813,P0406,2026-09-01,4672.44,REFUNDED
2095,C0719,P0239,2026-09-01,2058.39,COMPLETED
2096,C0118,P0104,2026-09-03,3796.82,REFUNDED
2097,C0874,P0151,2026-09-05,4944.84,REFUNDED
2098,C0671,P0339,2026-09-03,2263.75,CANCELLED
2099,C0667,P0255,2026-09-02,2784.73,COMPLETED
2100,C0899,P0252,2026-09-05,984.08,REFUNDED
2101,C0788,P0259,2026-09-05,3814.37,REFUNDED
2102,C0565,P0134,2026-09-01,4410.02,COMPLETED
2103,C0739,P0278,2026-09-01,3248.29,REFUNDED
2104,C0887,P0176,2026-09-04,498.67,CANCELLED
2105,C0221,P0415,2026-09-02,4731.53,CANCELLED
2106,C0441,P0441,2026-09-02,3974.95,CANCELLED
2107,C0463,P0277,2026-09-04,1266.14,CANCELLED
2108,C0910,P0280,2026-09-02,1403.96,COMPLETED
2109,C0234,P0010,2026-09-02,1472.99,REFUNDED
2110,C0424,P0488,2026-09-04,2888.32,COMPLETED
2111,C0348,P0392,2026-09-02,2990.41,CANCELLED
2112,C0848,P0017,2026-09-04,3950.9,REFUNDED
2113,C0465,P0221,2026-09-04,3047.15,CANCELLED
2114,C0409,P0451,2026-09-05,3292.87,REFUNDED
2115,C0426,P0469,2026-09-02,2002.37,CANCELLED
2116,C0748,P0061,2026-09-02,4165.8,CANCELLED
2117,C0098,P0197,2026-09-03,2244.75,COMPLETED
2118,C0321,P0231,2026-09-01,715.18,REFUNDED
2119,C0438,P0162,2026-09-02,2022.58,REFUNDED
2120,C0321,P0437,2026-09-03,1348.27,REFUNDED
2121,C0682,P0193,2026-09-02,4163.67,REFUNDED
2122,C0262,P0227,2026-09-04,1746.32,COMPLETED
2123,C0384,P0236,2026-09-01,4203.76,CANCELLED
2124,C0977,P0019,2026-09-05,4816.22,CANCELLED
2125,C0157,P0017,2026-09-02,1838.47,COMPLETED
2126,C0704,P0091,2026-09-02,1011.32,CANCELLED
2127,C0946,P0286,2026-09-04,380.43,CANCELLED
2128,C0486,P0338,2026-09-02,4187.97,COMPLETED
2129,C0069,P0441,2026-09-03,3252.73,REFUNDED
2130,C0094,P0400,2026-09-03,142.88,CANCELLED
2131,C0852,P0156,2026-09-01,1196.42,REFUNDED
2132,C0088,P0453,2026-09-01,420.61,CANCELLED
2133,C0096,P0362,2026-09-05,3699.75,REFUNDED
2134,C0443,P0085,2026-09-03,467.79,COMPLETED
2135,C0099,P0252,2026-09-05,1137.05,REFUNDED
2136,C0763,P0221,2026-09-01,1885.14,COMPLETED
2137,C0757,P0069,2026-09-05,1043.92,CANCELLED
2138,C0382,P0160,2026-09-04,3114.98,COMPLETED
2139,C0832,P0367,2026-09-02,715.62,REFUNDED
2140,C0134,P0200,2026-09-04,1524.5,CANCELLED
2141,C0570,P0250,2026-09-03,2345.22,COMPLETED
2142,C0062,P0392,2026-09-01,479.88,COMPLETED
2143,C0601,P0057,2026-09-05,2979.84,COMPLETED
2144,C0980,P0292,2026-09-05,1942.49,COMPLETED
2145,C0576,P0346,2026-09-04,78.66,REFUNDED
2146,C0576,P0252,2026-09-02,281.55,REFUNDED
2147,C0338,P0338,2026-09-01,4827.2,REFUNDED
2148,C0687,P0284,2026-09-03,4662.23,REFUNDED
2149,C0126,P0351,2026-09-03,760.65,REFUNDED
2150,C0421,P0277,2026-09-01,2454.98,CANCELLED
2151,C0363,P0293,2026-09-04,234.5,CANCELLED
2152,C0895,P0241,2026-09-03,2029.87,CANCELLED
2153,C0682,P0244,2026-09-01,2031.15,REFUNDED
2154,C0964,P0288,2026-09-04,4621.17,REFUNDED
2155,C0769,P0438,2026-09-04,3754.39,COMPLETED
2156,C0434,P0081,2026-09-05,4163.22,CANCELLED
2157,C0889,P0260,2026-09-02,321.72,COMPLETED
2158,C0938,P0029,2026-09-04,4879.3,CANCELLED
2159,C0739,P0201,2026-09-03,4358.03,COMPLETED
2160,C0053,P0135,2026-09-02,1985.07,CANCELLED
2161,C0992,P0254,2026-09-05,1131.02,CANCELLED
2162,C0295,P0303,2026-09-01,2652.32,REFUNDED
2163,C0615,P0498,2026-09-01,4700.0,CANCELLED
2164,C0320,P0194,2026-09-05,101.1,REFUNDED
2165,C0361,P0316,2026-09-05,2883.59,CANCELLED
2166,C0107,P0347,2026-09-03,1179.93,COMPLETED
2167,C0592,P0181,2026-09-02,908.65,COMPLETED
2168,C0520,P0393,2026-09-04,1393.32,COMPLETED
2169,C0218,P0146,2026-09-04,496.15,COMPLETED
2170,C0159,P0165,2026-09-04,4139.5,REFUNDED
2171,C0673,P0032,2026-09-01,3312.22,CANCELLED
2172,C0494,P0015,2026-09-01,4294.08,CANCELLED
2173,C0230,P0303,2026-09-03,3382.82,COMPLETED
2174,C0868,P0024,2026-09-03,1067.65,COMPLETED
2175,C0111,P0066,2026-09-03,4343.37,REFUNDED
2176,C0359,P0429,2026-09-05,1031.23,CANCELLED
2177,C0866,P0188,2026-09-03,2081.31,COMPLETED
2178,C0570,P0179,2026-09-04,111.53,COMPLETED
2179,C0377,P0415,2026-09-03,4687.44,REFUNDED
2180,C0118,P0380,2026-09-03,3105.23,REFUNDED
2181,C0781,P0299,2026-09-01,1451.42,COMPLETED
2182,C0286,P0014,2026-09-01,511.11,COMPLETED
2183,C0588,P0392,2026-09-01,2204.6,CANCELLED
2184,C0232,P0457,2026-09-04,729.22,CANCELLED
2185,C0827,P0321,2026-09-02,1040.25,CANCELLED
2186,C0440,P0175,2026-09-05,540.75,REFUNDED
2187,C0866,P0195,2026-09-04,1777.38,CANCELLED
2188,C0575,P0050,2026-09-02,4504.64,CANCELLED
2189,C0998,P0220,2026-09-05,1474.14,CANCELLED
2190,C0786,P0177,2026-09-04,4581.2,COMPLETED
2191,C0839,P0183,2026-09-03,1023.31,CANCELLED
2192,C0637,P0211,2026-09-01,934.45,REFUNDED
2193,C0629,P0180,2026-09-04,2375.85,COMPLETED
2194,C0692,P0029,2026-09-05,4479.06,COMPLETED
2195,C0659,P0339,2026-09-05,2640.63,CANCELLED
2196,C0571,P0126,2026-09-05,2409.21,CANCELLED
2197,C0027,P0127,2026-09-04,2130.11,CANCELLED
2198,C0624,P0121,2026-09-05,4597.0,CANCELLED
2199,C0952,P0332,2026-09-05,206.65,CANCELLED
2200,C0674,P0160,2026-09-04,4300.33,CANCELLED
2201,C0850,P0304,2026-09-01,1081.72,CANCELLED
2202,C0711,P0044,2026-09-05,1292.49,REFUNDED
2203,C0274,P0467,2026-09-01,1496.97,REFUNDED
2204,C0030,P0353,2026-09-05,3137.19,COMPLETED
2205,C0185,P0034,2026-09-01,272.76,REFUNDED
2206,C0280,P0445,2026-09-05,1423.34,REFUNDED
2207,C0720,P0157,2026-09-01,2171.41,COMPLETED
2208,C0781,P0059,2026-09-01,393.83,CANCELLED
2209,C0317,P0173,2026-09-02,1672.58,COMPLETED
2210,C0944,P0087,2026-09-03,1733.9,COMPLETED
2211,C0348,P0011,2026-09-05,2582.41,COMPLETED
2212,C0360,P0276,2026-09-05,2234.83,COMPLETED
2213,C0007,P0167,2026-09-04,4990.13,CANCELLED
2214,C0186,P0020,2026-09-04,4187.67,COMPLETED
2215,C0891,P0236,2026-09-01,2497.35,COMPLETED
2216,C0147,P0337,2026-09-03,3096.7,REFUNDED
2217,C0580,P0443,2026-09-04,984.49,REFUNDED
2218,C0674,P0217,2026-09-04,1533.91,REFUNDED
2219,C0411,P0291,2026-09-05,954.62,CANCELLED
2220,C0072,P0264,2026-09-05,4416.91,REFUNDED
2221,C0146,P0462,2026-09-01,1470.8,CANCELLED
2222,C0759,P0216,2026-09-04,1135.0,CANCELLED
2223,C0649,P0137,2026-09-04,1572.88,REFUNDED
2224,C0996,P0011,2026-09-01,3868.9,CANCELLED
2225,C0032,P0357,2026-09-02,434.96,REFUNDED
2226,C0094,P0241,2026-09-05,2506.24,REFUNDED
2227,C0765,P0302,2026-09-02,1134.17,REFUNDED
2228,C0544,P0012,2026-09-01,1759.48,REFUNDED
2229,C0221,P0163,2026-09-03,3915.48,COMPLETED
2230,C0386,P0194,2026-09-01,3990.85,REFUNDED
2231,C0430,P0293,2026-09-03,2529.87,REFUNDED
2232,C0465,P0200,2026-09-04,1974.17,REFUNDED
2233,C0350,P0166,2026-09-01,1314.87,COMPLETED
2234,C0162,P0294,2026-09-04,2872.85,COMPLETED
2235,C0379,P0051,2026-09-03,4987.29,CANCELLED
2236,C0320,P0414,2026-09-03,869.26,COMPLETED
2237,C0739,P0251,2026-09-03,4377.03,CANCELLED
2238,C0333,P0052,2026-09-03,3874.92,REFUNDED
2239,C0796,P0354,2026-09-02,1880.13,REFUNDED
2240,C0965,P0346,2026-09-03,1165.7,COMPLETED
2241,C0582,P0106,2026-09-04,4218.23,COMPLETED
2242,C0611,P0173,2026-09-01,727.24,COMPLETED
2243,C0087,P0255,2026-09-03,2819.09,CANCELLED
2244,C0905,P0258,2026-09-04,255.24,COMPLETED
2245,C0054,P0416,2026-09-03,3456.66,REFUNDED
2246,C0160,P0392,2026-09-02,906.14,CANCELLED
2247,C0162,P0342,2026-09-02,2602.8,REFUNDED
2248,C0773,P0174,2026-09-05,3683.01,REFUNDED
2249,C0633,P0086,2026-09-05,1367.79,REFUNDED
2250,C0051,P0315,2026-09-03,3281.54,CANCELLED
2251,C0691,P0154,2026-09-04,4897.3,COMPLETED
2252,C0084,P0187,2026-09-03,65.9,COMPLETED
2253,C0279,P0497,2026-09-02,1727.57,COMPLETED
2254,C0454,P0224,2026-09-04,2529.26,REFUNDED
2255,C0678,P0104,2026-09-01,1719.22,CANCELLED
2256,C0435,P0255,2026-09-03,4433.9,CANCELLED
2257,C0498,P0326,2026-09-03,2434.46,REFUNDED
2258,C0622,P0434,2026-09-05,4720.85,COMPLETED
2259,C0453,P0499,2026-09-05,913.19,COMPLETED
2260,C0425,P0404,2026-09-02,1984.53,COMPLETED
2261,C0280,P0039,2026-09-03,1428.71,REFUNDED
2262,C0221,P0431,2026-09-03,1640.37,CANCELLED
2263,C0774,P0436,2026-09-01,2970.33,CANCELLED
2264,C0525,P0275,2026-09-01,129.22,COMPLETED
2265,C0117,P0110,2026-09-04,4000.51,REFUNDED
2266,C0354,P0148,2026-09-03,2928.68,COMPLETED
2267,C0441,P0136,2026-09-05,1140.85,COMPLETED
2268,C0114,P0025,2026-09-04,2691.47,COMPLETED
2269,C0291,P0153,2026-09-02,1346.16,COMPLETED
2270,C0695,P0294,2026-09-04,2165.34,COMPLETED
2271,C0695,P0206,2026-09-02,1558.39,CANCELLED
2272,C0608,P0412,2026-09-03,4239.83,CANCELLED
2273,C0499,P0116,2026-09-04,3193.7,CANCELLED
2274,C0540,P0320,2026-09-03,3698.34,COMPLETED
2275,C0684,P0381,2026-09-03,1503.32,REFUNDED
2276,C0316,P0491,2026-09-04,2305.27,COMPLETED
2277,C0047,P0048,2026-09-03,4783.12,CANCELLED
2278,C0226,P0368,2026-09-02,2636.62,REFUNDED
2279,C0405,P0433,2026-09-02,1415.25,COMPLETED
2280,C0614,P0297,2026-09-03,2312.33,CANCELLED
2281,C0057,P0049,2026-09-01,2011.09,REFUNDED
2282,C0008,P0304,2026-09-01,1907.12,REFUNDED
2283,C0210,P0173,2026-09-02,2734.05,COMPLETED
2284,C0309,P0140,2026-09-05,2284.29,REFUNDED
2285,C0969,P0035,2026-09-03,3276.53,CANCELLED
2286,C0217,P0291,2026-09-05,4287.89,REFUNDED
2287,C0786,P0411,2026-09-05,4398.43,REFUNDED
2288,C0141,P0272,2026-09-03,1319.22,REFUNDED
2289,C0783,P0244,2026-09-05,2099.76,COMPLETED
2290,C0262,P0219,2026-09-05,2363.4,COMPLETED
2291,C0297,P0108,2026-09-02,3413.21,CANCELLED
2292,C0336,P0178,2026-09-04,1969.11,REFUNDED
2293,C0123,P0408,2026-09-05,1207.51,REFUNDED
2294,C0008,P0040,2026-09-01,2789.59,CANCELLED
2295,C0510,P0334,2026-09-02,4055.22,COMPLETED
2296,C0765,P0422,2026-09-01,4825.14,CANCELLED
2297,C0441,P0155,2026-09-01,382.36,CANCELLED
2298,C0180,P0259,2026-09-05,3312.65,COMPLETED
2299,C0133,P0412,2026-09-04,4417.23,REFUNDED
2300,C0390,P0154,2026-09-03,481.28,COMPLETED
2301,C0546,P0222,2026-09-02,1895.2,REFUNDED
2302,C0721,P0340,2026-09-03,2611.77,REFUNDED
2303,C0236,P0277,2026-09-05,3064.2,REFUNDED
2304,C0513,P0161,2026-09-03,216.11,COMPLETED
2305,C0573,P0103,2026-09-04,346.06,REFUNDED
2306,C0854,P0213,2026-09-02,2291.42,CANCELLED
2307,C0685,P0206,2026-09-04,4626.29,REFUNDED
2308,C0826,P0129,2026-09-01,876.34,CANCELLED
2309,C0363,P0320,2026-09-03,4223.46,COMPLETED
2310,C0074,P0264,2026-09-05,104.91,REFUNDED
2311,C0407,P0233,2026-09-05,2609.26,CANCELLED
2312,C0883,P0344,2026-09-01,1705.88,REFUNDED
2313,C0760,P0391,2026-09-03,3502.65,CANCELLED
2314,C0044,P0281,2026-09-02,3266.57,COMPLETED
2315,C0447,P0093,2026-09-04,4196.26,CANCELLED
2316,C0020,P0452,2026-09-01,1956.04,COMPLETED
2317,C0471,P0010,2026-09-02,1485.78,REFUNDED
2318,C0944,P0322,2026-09-05,1219.13,COMPLETED
2319,C0080,P0361,2026-09-02,2088.89,REFUNDED
2320,C0883,P0265,2026-09-03,4417.4,CANCELLED
2321,C0321,P0442,2026-09-01,214.67,REFUNDED
2322,C0590,P0096,2026-09-04,4502.16,COMPLETED
2323,C0440,P0296,2026-09-02,1178.07,REFUNDED
2324,C0588,P0256,2026-09-02,1277.49,COMPLETED
2325,C0415,P0110,2026-09-02,1371.69,REFUNDED
2326,C0727,P0339,2026-09-02,2152.79,COMPLETED
2327,C0656,P0493,2026-09-04,2570.52,REFUNDED
2328,C0428,P0422,2026-09-02,1095.81,REFUNDED
2329,C0297,P0381,2026-09-02,2011.97,CANCELLED
2330,C0118,P0481,2026-09-01,3240.83,COMPLETED
2331,C0415,P0240,2026-09-03,3346.07,CANCELLED
2332,C0022,P0138,2026-09-02,160.15,REFUNDED
2333,C0990,P0480,2026-09-01,2052.53,COMPLETED
2334,C0333,P0327,2026-09-05,3519.17,REFUNDED
2335,C0176,P0273,2026-09-04,4443.94,CANCELLED
2336,C0821,P0415,2026-09-04,645.2,COMPLETED
2337,C0971,P0315,2026-09-04,4668.43,COMPLETED
2338,C0633,P0437,2026-09-05,956.03,REFUNDED
2339,C0472,P0394,2026-09-05,957.88,COMPLETED
2340,C0852,P0465,2026-09-05,2081.05,COMPLETED
2341,C0707,P0223,2026-09-02,4295.23,COMPLETED
2342,C0942,P0479,2026-09-04,4560.56,COMPLETED
2343,C0371,P0290,2026-09-02,3229.75,COMPLETED
2344,C0091,P0373,2026-09-05,3891.7,CANCELLED
2345,C0448,P0321,2026-09-05,3090.83,REFUNDED
2346,C0865,P0031,2026-09-04,3866.93,CANCELLED
2347,C0109,P0268,2026-09-05,2288.0,COMPLETED
2348,C0250,P0103,2026-09-04,3252.86,COMPLETED
2349,C0447,P0187,2026-09-03,2182.99,COMPLETED
2350,C0604,P0237,2026-09-03,1129.25,REFUNDED
2351,C0411,P0076,2026-09-03,3811.64,CANCELLED
2352,C0537,P0124,2026-09-04,3397.45,COMPLETED
2353,C0081,P0078,2026-09-03,4051.27,REFUNDED
2354,C0406,P0383,2026-09-03,281.12,COMPLETED
2355,C0892,P0351,2026-09-02,2380.1,COMPLETED
2356,C0318,P0392,2026-09-03,1065.97,CANCELLED
2357,C0764,P0154,2026-09-05,2102.81,REFUNDED
2358,C0348,P0433,2026-09-03,1558.17,COMPLETED
2359,C0227,P0223,2026-09-01,4075.37,CANCELLED
2360,C0342,P0211,2026-09-02,3497.06,CANCELLED
2361,C0798,P0164,2026-09-03,3483.32,CANCELLED
2362,C0173,P0441,2026-09-02,4348.87,REFUNDED
2363,C0079,P0426,2026-09-05,2543.39,REFUNDED
2364,C0523,P0467,2026-09-05,2433.81,CANCELLED
2365,C0649,P0033,2026-09-02,2029.03,CANCELLED
2366,C0117,P0325,2026-09-01,3722.36,COMPLETED
2367,C0544,P0105,2026-09-05,1608.82,REFUNDED
2368,C0523,P0434,2026-09-04,4971.57,CANCELLED
2369,C0199,P0212,2026-09-05,1647.13,CANCELLED
2370,C0928,P0137,2026-09-03,158.44,REFUNDED
2371,C0795,P0422,2026-09-01,3370.19,COMPLETED
2372,C0358,P0147,2026-09-05,1548.28,CANCELLED
2373,C0360,P0331,2026-09-02,733.35,CANCELLED
2374,C0745,P0083,2026-09-03,4150.76,COMPLETED
2375,C0982,P0132,2026-09-05,3487.62,COMPLETED
2376,C0839,P0352,2026-09-02,340.48,REFUNDED
2377,C0661,P0308,2026-09-04,3257.16,COMPLETED
2378,C0835,P0121,2026-09-03,2827.12,CANCELLED
2379,C0152,P0208,2026-09-05,3836.72,REFUNDED
2380,C0242,P0123,2026-09-01,3835.97,COMPLETED
2381,C0106,P0059,2026-09-04,2748.07,REFUNDED
2382,C0150,P0077,2026-09-05,2037.29,COMPLETED
2383,C0263,P0099,2026-09-04,3630.28,REFUNDED
2384,C0203,P0015,2026-09-04,197.21,COMPLETED
2385,C0178,P0126,2026-09-05,1984.23,COMPLETED
2386,C0617,P0409,2026-09-04,974.75,CANCELLED
2387,C0157,P0424,2026-09-01,352.9,REFUNDED
2388,C0779,P0159,2026-09-02,395.15,CANCELLED
2389,C0778,P0238,2026-09-01,3826.88,COMPLETED
2390,C0672,P0249,2026-09-05,2910.51,CANCELLED
2391,C0078,P0287,2026-09-04,4812.68,CANCELLED
2392,C0182,P0224,2026-09-05,4486.75,CANCELLED
2393,C0975,P0217,2026-09-01,123.41,REFUNDED
2394,C0792,P0332,2026-09-03,998.71,COMPLETED
2395,C0644,P0464,2026-09-04,4057.44,COMPLETED
2396,C0506,P0019,2026-09-02,2927.7,COMPLETED
2397,C0476,P0104,2026-09-01,3845.35,COMPLETED
2398,C0773,P0082,2026-09-03,2569.4,REFUNDED
2399,C0578,P0140,2026-09-01,3097.76,CANCELLED
2400,C0779,P0070,2026-09-03,3380.87,COMPLETED
2401,C0594,P0015,2026-09-05,2854.92,REFUNDED
2402,C0460,P0133,2026-09-03,2705.71,COMPLETED
2403,C0698,P0405,2026-09-01,840.7,REFUNDED
2404,C0947,P0412,2026-09-05,643.99,COMPLETED
2405,C0904,P0143,2026-09-04,811.9,COMPLETED
2406,C0579,P0338,2026-09-04,3527.02,REFUNDED
2407,C0659,P0282,2026-09-02,4830.59,REFUNDED
2408,C0651,P0091,2026-09-04,3858.85,COMPLETED
2409,C0640,P0330,2026-09-02,3874.44,REFUNDED
2410,C0331,P0437,2026-09-04,1205.23,REFUNDED
2411,C0885,P0022,2026-09-03,497.66,REFUNDED
2412,C0995,P0494,2026-09-05,3700.81,COMPLETED
2413,C0643,P0370,2026-09-03,4614.17,REFUNDED
2414,C0324,P0249,2026-09-03,2692.77,REFUNDED
2415,C0155,P0401,2026-09-02,4120.67,REFUNDED
2416,C0451,P0011,2026-09-05,1574.41,COMPLETED
2417,C0070,P0029,2026-09-05,1348.95,COMPLETED
2418,C0481,P0441,2026-09-04,2055.86,COMPLETED
2419,C0453,P0460,2026-09-02,1495.09,COMPLETED
2420,C0647,P0043,2026-09-05,199.52,CANCELLED
2421,C0311,P0161,2026-09-05,3603.92,CANCELLED
2422,C0816,P0309,2026-09-03,2977.22,REFUNDED
2423,C0282,P0153,2026-09-01,3450.47,REFUNDED
2424,C0606,P0444,2026-09-05,3341.1,REFUNDED
2425,C0058,P0033,2026-09-01,4863.76,CANCELLED
2426,C0361,P0462,2026-09-03,481.14,REFUNDED
2427,C0520,P0490,2026-09-05,3866.86,REFUNDED
2428,C0076,P0209,2026-09-01,4790.32,COMPLETED
2429,C0318,P0460,2026-09-01,1547.31,COMPLETED
2430,C0473,P0187,2026-09-05,4948.36,CANCELLED
2431,C0463,P0344,2026-09-01,3027.45,COMPLETED
2432,C0039,P0337,2026-09-05,145.42,COMPLETED
2433,C0059,P0454,2026-09-04,1447.27,COMPLETED
2434,C0378,P0047,2026-09-02,3886.68,CANCELLED
2435,C0852,P0204,2026-09-02,3071.95,REFUNDED
2436,C0294,P0483,2026-09-02,2121.81,CANCELLED
2437,C0079,P0430,2026-09-05,182.58,REFUNDED
2438,C0661,P0371,2026-09-02,1932.89,CANCELLED
2439,C0885,P0432,2026-09-02,939.18,REFUNDED
2440,C0876,P0072,2026-09-01,3103.8,REFUNDED
2441,C0093,P0121,2026-09-04,4106.65,REFUNDED
2442,C0630,P0058,2026-09-01,2223.99,REFUNDED
2443,C0609,P0293,2026-09-03,59.86,REFUNDED
2444,C0520,P0377,2026-09-01,1329.39,REFUNDED
2445,C0394,P0257,2026-09-01,3055.93,COMPLETED
2446,C0474,P0478,2026-09-04,853.91,COMPLETED
2447,C0595,P0062,2026-09-05,4996.73,REFUNDED
2448,C0568,P0268,2026-09-04,1198.4,REFUNDED
2449,C0978,P0341,2026-09-04,4566.69,CANCELLED
2450,C0811,P0425,2026-09-04,3725.37,REFUNDED
2451,C0757,P0298,2026-09-04,1425.78,COMPLETED
2452,C0918,P0487,2026-09-02,3942.43,REFUNDED
2453,C0043,P0397,2026-09-03,4068.03,CANCELLED
2454,C0461,P0477,2026-09-02,3502.0,REFUNDED
2455,C0931,P0269,2026-09-01,3924.91,COMPLETED
2456,C0830,P0129,2026-09-03,3484.0,CANCELLED
2457,C0586,P0255,2026-09-03,4119.03,CANCELLED
2458,C0668,P0453,2026-09-02,422.96,COMPLETED
2459,C0193,P0047,2026-09-04,3637.16,CANCELLED
2460,C0330,P0122,2026-09-03,602.65,COMPLETED
2461,C0620,P0308,2026-09-04,2383.81,COMPLETED
2462,C0488,P0063,2026-09-01,4307.16,COMPLETED
2463,C0514,P0396,2026-09-02,77.62,COMPLETED
2464,C0155,P0414,2026-09-03,3188.39,COMPLETED
2465,C0981,P0161,2026-09-04,4771.55,COMPLETED
2466,C0064,P0169,2026-09-02,1391.84,CANCELLED
2467,C0462,P0427,2026-09-02,1147.88,COMPLETED
2468,C0106,P0300,2026-09-03,613.79,REFUNDED
2469,C0831,P0378,2026-09-01,4420.99,COMPLETED
2470,C0921,P0200,2026-09-03,2662.13,CANCELLED
2471,C0858,P0413,2026-09-04,4325.3,CANCELLED
2472,C0352,P0384,2026-09-01,3805.19,COMPLETED
2473,C0732,P0381,2026-09-05,4609.64,REFUNDED
2474,C0087,P0121,2026-09-03,559.63,REFUNDED
2475,C0517,P0479,2026-09-01,3269.93,COMPLETED
2476,C0662,P0217,2026-09-05,1300.36,CANCELLED
2477,C0177,P0112,2026-09-01,3873.37,CANCELLED
2478,C0041,P0074,2026-09-05,4608.99,REFUNDED
2479,C0254,P0055,2026-09-01,3307.94,CANCELLED
2480,C0725,P0090,2026-09-03,4511.2,COMPLETED
2481,C0449,P0110,2026-09-01,3287.54,REFUNDED
2482,C0450,P0497,2026-09-02,511.11,REFUNDED
2483,C0537,P0141,2026-09-01,57.29,COMPLETED
2484,C0536,P0226,2026-09-05,4700.44,REFUNDED
2485,C0625,P0210,2026-09-01,3884.82,REFUNDED
2486,C0163,P0131,2026-09-01,616.47,CANCELLED
2487,C0373,P0442,2026-09-03,319.28,COMPLETED
2488,C0382,P0302,2026-09-04,3015.43,CANCELLED
2489,C0940,P0029,2026-09-03,822.58,COMPLETED
2490,C0290,P0252,2026-09-01,3172.51,REFUNDED
2491,C0397,P0274,2026-09-05,260.53,COMPLETED
2492,C0419,P0192,2026-09-05,4405.19,CANCELLED
2493,C0794,P0359,2026-09-03,1057.76,CANCELLED
2494,C0347,P0486,2026-09-01,2590.23,REFUNDED
2495,C0696,P0058,2026-09-02,2720.14,CANCELLED
2496,C0613,P0163,2026-09-02,2612.03,CANCELLED
2497,C0054,P0280,2026-09-05,4496.36,CANCELLED
2498,C0809,P0217,2026-09-04,4806.65,REFUNDED
2499,C0647,P0244,2026-09-02,374.67,CANCELLED
2500,C0663,P0350,2026-09-05,838.7,COMPLETED
2501,C0343,P0127,2026-09-02,793.6,CANCELLED
2502,C0068,P0494,2026-09-03,869.74,COMPLETED
2503,C0338,P0143,2026-09-01,4732.05,REFUNDED
2504,C0097,P0451,2026-09-02,2773.83,REFUNDED
2505,C0572,P0402,2026-09-05,3273.85,REFUNDED
2506,C0695,P0480,2026-09-03,3863.45,CANCELLED
2507,C0396,P0075,2026-09-05,4172.97,REFUNDED
2508,C0291,P0186,2026-09-02,4220.11,COMPLETED
2509,C0259,P0244,2026-09-04,1664.93,CANCELLED
2510,C0742,P0367,2026-09-02,4735.31,COMPLETED
2511,C0873,P0189,2026-09-05,3319.54,REFUNDED
2512,C0673,P0421,2026-09-02,145.24,CANCELLED
2513,C0988,P0158,2026-09-04,779.16,CANCELLED
2514,C0929,P0011,2026-09-01,2562.83,CANCELLED
2515,C0618,P0331,2026-09-05,2918.3,CANCELLED
2516,C0895,P0496,2026-09-01,1727.45,CANCELLED
2517,C0154,P0464,2026-09-05,2846.49,REFUNDED
2518,C0342,P0311,2026-09-01,3225.85,REFUNDED
2519,C0084,P0018,2026-09-03,2361.29,COMPLETED
2520,C0597,P0431,2026-09-03,1414.27,REFUNDED
2521,C0680,P0379,2026-09-01,422.55,REFUNDED
2522,C0145,P0340,2026-09-03,2722.19,REFUNDED
2523,C0939,P0410,2026-09-02,2143.76,REFUNDED
2524,C0359,P0482,2026-09-05,2982.06,CANCELLED
2525,C0318,P0028,2026-09-05,606.05,REFUNDED
2526,C0991,P0354,2026-09-02,3019.21,REFUNDED
2527,C0672,P0470,2026-09-01,4477.01,COMPLETED
2528,C0716,P0404,2026-09-04,4299.97,CANCELLED
2529,C0679,P0344,2026-09-02,898.88,CANCELLED
2530,C0402,P0123,2026-09-05,2387.63,COMPLETED
2531,C0133,P0130,2026-09-02,1989.97,REFUNDED
2532,C0610,P0283,2026-09-05,127.0,CANCELLED
2533,C0726,P0197,2026-09-03,213.81,COMPLETED
2534,C0961,P0159,2026-09-04,710.67,CANCELLED
2535,C0087,P0328,2026-09-05,132.88,COMPLETED
2536,C0318,P0491,2026-09-04,3143.26,REFUNDED
2537,C0573,P0359,2026-09-04,2308.63,REFUNDED
2538,C0386,P0186,2026-09-01,3196.23,REFUNDED
2539,C0659,P0463,2026-09-05,4032.1,COMPLETED
2540,C0811,P0416,2026-09-01,4971.61,CANCELLED
2541,C0337,P0351,2026-09-03,2135.33,REFUNDED
2542,C0833,P0063,2026-09-02,3378.96,CANCELLED
2543,C0131,P0274,2026-09-03,4417.7,CANCELLED
2544,C0687,P0444,2026-09-02,1439.02,REFUNDED
2545,C0720,P0122,2026-09-02,1130.79,CANCELLED
2546,C0849,P0440,2026-09-04,4025.19,CANCELLED
2547,C0970,P0227,2026-09-02,1938.35,COMPLETED
2548,C0757,P0199,2026-09-04,3272.26,CANCELLED
2549,C0702,P0005,2026-09-01,3227.53,COMPLETED
2550,C0935,P0466,2026-09-03,1703.34,REFUNDED
2551,C0540,P0492,2026-09-01,2633.51,REFUNDED
2552,C0096,P0202,2026-09-04,4115.54,REFUNDED
2553,C0662,P0475,2026-09-05,2448.54,CANCELLED
2554,C0687,P0470,2026-09-01,79.05,CANCELLED
2555,C0434,P0131,2026-09-05,934.28,CANCELLED
2556,C0521,P0155,2026-09-01,3692.13,CANCELLED
2557,C0371,P0047,2026-09-03,1511.41,REFUNDED
2558,C0019,P0480,2026-09-05,3326.52,COMPLETED
2559,C0372,P0422,2026-09-05,3305.86,REFUNDED
2560,C0317,P0388,2026-09-05,1526.37,CANCELLED
2561,C0185,P0121,2026-09-05,3305.27,COMPLETED
2562,C0974,P0153,2026-09-05,1900.98,COMPLETED
2563,C0220,P0108,2026-09-04,2068.72,COMPLETED
2564,C0350,P0441,2026-09-05,141.91,CANCELLED
2565,C0971,P0456,2026-09-02,495.62,CANCELLED
2566,C0785,P0083,2026-09-03,4633.87,CANCELLED
2567,C0498,P0469,2026-09-03,4786.28,COMPLETED
2568,C0197,P0225,2026-09-02,2319.72,REFUNDED
2569,C0232,P0324,2026-09-04,1280.79,REFUNDED
2570,C0141,P0163,2026-09-02,954.07,CANCELLED
2571,C0159,P0451,2026-09-03,4551.89,COMPLETED
2572,C0080,P0416,2026-09-04,2870.89,CANCELLED
2573,C0303,P0393,2026-09-04,2055.09,CANCELLED
2574,C0865,P0330,2026-09-04,4090.99,REFUNDED
2575,C0808,P0209,2026-09-04,3535.87,REFUNDED
2576,C0104,P0405,2026-09-01,1287.13,CANCELLED
2577,C0520,P0018,2026-09-04,1914.78,REFUNDED
2578,C0790,P0141,2026-09-01,3817.17,CANCELLED
2579,C0553,P0444,2026-09-04,53.81,REFUNDED
2580,C0856,P0042,2026-09-01,4595.54,COMPLETED
2581,C0757,P0422,2026-09-03,1503.54,COMPLETED
2582,C0905,P0400,2026-09-05,1908.39,REFUNDED
2583,C0540,P0482,2026-09-04,708.14,CANCELLED
2584,C0039,P0252,2026-09-05,3836.03,COMPLETED
2585,C0678,P0242,2026-09-04,3464.04,REFUNDED
2586,C0345,P0378,2026-09-03,258.04,CANCELLED
2587,C0898,P0212,2026-09-04,1806.56,CANCELLED
2588,C0785,P0475,2026-09-03,3507.09,COMPLETED
2589,C0633,P0431,2026-09-01,2153.33,COMPLETED
2590,C0135,P0171,2026-09-05,2531.1,CANCELLED
2591,C0612,P0368,2026-09-01,441.84,CANCELLED
2592,C0386,P0217,2026-09-02,2687.3,COMPLETED
2593,C0158,P0449,2026-09-01,2226.1,REFUNDED
2594,C0167,P0471,2026-09-03,1867.72,REFUNDED
2595,C0186,P0420,2026-09-05,4711.07,CANCELLED
2596,C0852,P0052,2026-09-05,3414.36,CANCELLED
2597,C0710,P0423,2026-09-05,4855.94,COMPLETED
2598,C0790,P0083,2026-09-02,4374.83,COMPLETED
2599,C0640,P0358,2026-09-03,4143.99,CANCELLED
2600,C0829,P0134,2026-09-01,1396.29,REFUNDED
2601,C0925,P0260,2026-09-05,4392.05,REFUNDED
2602,C0170,P0034,2026-09-01,2574.6,COMPLETED
2603,C0739,P0181,2026-09-01,777.01,CANCELLED
2604,C0449,P0216,2026-09-03,1793.78,CANCELLED
2605,C0045,P0309,2026-09-04,3598.41,REFUNDED
2606,C0421,P0374,2026-09-02,2286.26,REFUNDED
2607,C0374,P0417,2026-09-03,2517.14,REFUNDED
2608,C0693,P0281,2026-09-05,2612.97,REFUNDED
2609,C0737,P0378,2026-09-01,1418.4,CANCELLED
2610,C0244,P0168,2026-09-04,3575.89,CANCELLED
2611,C0993,P0233,2026-09-05,2085.01,REFUNDED
2612,C0455,P0356,2026-09-05,4995.36,COMPLETED
2613,C0626,P0015,2026-09-02,4805.61,COMPLETED
2614,C0292,P0391,2026-09-05,1192.56,CANCELLED
2615,C0771,P0027,2026-09-03,240.28,CANCELLED
2616,C0767,P0329,2026-09-01,2046.0,CANCELLED
2617,C0803,P0329,2026-09-02,2344.78,COMPLETED
2618,C0460,P0095,2026-09-01,3888.54,CANCELLED
2619,C0240,P0323,2026-09-04,4852.27,REFUNDED
2620,C0547,P0228,2026-09-02,2068.38,CANCELLED
2621,C0245,P0406,2026-09-02,2947.27,REFUNDED
2622,C0317,P0329,2026-09-03,690.27,CANCELLED
2623,C0989,P0070,2026-09-01,2928.31,COMPLETED
2624,C0829,P0002,2026-09-02,2856.39,COMPLETED
2625,C0804,P0206,2026-09-04,2448.78,COMPLETED
2626,C0481,P0103,2026-09-02,4561.29,CANCELLED
2627,C0926,P0322,2026-09-05,4442.95,CANCELLED
2628,C0856,P0157,2026-09-05,4530.14,COMPLETED
2629,C0199,P0161,2026-09-01,717.7,COMPLETED
2630,C0377,P0295,2026-09-01,299.96,COMPLETED
2631,C0695,P0043,2026-09-04,1320.03,REFUNDED
2632,C0970,P0057,2026-09-02,3043.92,COMPLETED
2633,C0585,P0081,2026-09-01,1965.41,CANCELLED
2634,C0452,P0128,2026-09-03,870.64,COMPLETED
2635,C0473,P0265,2026-09-01,2083.11,CANCELLED
2636,C0788,P0366,2026-09-02,3118.42,COMPLETED
2637,C0289,P0497,2026-09-03,104.84,COMPLETED
2638,C0797,P0394,2026-09-02,2113.92,CANCELLED
2639,C0392,P0426,2026-09-04,409.72,COMPLETED
2640,C0515,P0333,2026-09-02,2295.84,CANCELLED
2641,C0541,P0391,2026-09-03,4660.51,REFUNDED
2642,C0429,P0067,2026-09-04,2937.86,CANCELLED
2643,C0990,P0434,2026-09-01,925.76,COMPLETED
2644,C0166,P0305,2026-09-02,4468.07,COMPLETED
2645,C0837,P0352,2026-09-02,1915.93,REFUNDED
2646,C0205,P0211,2026-09-05,4927.07,CANCELLED
2647,C0821,P0406,2026-09-02,4547.97,REFUNDED
2648,C0620,P0481,2026-09-05,4742.52,REFUNDED
2649,C0142,P0164,2026-09-03,3303.66,REFUNDED
2650,C0894,P0232,2026-09-04,813.88,CANCELLED
2651,C0257,P0245,2026-09-05,4578.33,REFUNDED
2652,C0054,P0448,2026-09-03,3035.85,CANCELLED
2653,C0657,P0377,2026-09-02,4759.18,COMPLETED
2654,C0493,P0069,2026-09-03,2763.4,CANCELLED
2655,C0896,P0134,2026-09-04,1115.91,COMPLETED
2656,C0381,P0089,2026-09-01,3769.9,COMPLETED
2657,C0568,P0352,2026-09-04,3687.28,CANCELLED
2658,C0957,P0304,2026-09-04,4332.55,COMPLETED
2659,C0106,P0424,2026-09-04,2029.1,CANCELLED
2660,C0729,P0168,2026-09-03,2598.1,COMPLETED
2661,C0867,P0410,2026-09-02,3565.07,COMPLETED
2662,C0529,P0145,2026-09-04,2282.15,REFUNDED
2663,C0872,P0102,2026-09-03,977.09,CANCELLED
2664,C0128,P0044,2026-09-05,4586.0,REFUNDED
2665,C0292,P0213,2026-09-01,2197.45,COMPLETED
2666,C0086,P0189,2026-09-04,1540.48,CANCELLED
2667,C0782,P0094,2026-09-01,1272.94,COMPLETED
2668,C0165,P0202,2026-09-04,2649.7,COMPLETED
2669,C0280,P0449,2026-09-02,291.84,COMPLETED
2670,C0461,P0194,2026-09-02,4740.26,REFUNDED
2671,C0928,P0484,2026-09-01,4047.02,COMPLETED
2672,C0526,P0428,2026-09-01,4481.3,REFUNDED
2673,C0151,P0453,2026-09-01,4074.84,CANCELLED
2674,C0851,P0293,2026-09-02,523.45,CANCELLED
2675,C0448,P0115,2026-09-04,1040.7,CANCELLED
2676,C0094,P0011,2026-09-01,2663.01,COMPLETED
2677,C0970,P0486,2026-09-02,988.52,CANCELLED
2678,C0933,P0012,2026-09-05,3833.96,REFUNDED
2679,C0228,P0473,2026-09-03,468.96,REFUNDED
2680,C0837,P0286,2026-09-02,4955.66,COMPLETED
2681,C0462,P0332,2026-09-03,2042.13,CANCELLED
2682,C0906,P0314,2026-09-04,195.19,REFUNDED
2683,C0358,P0321,2026-09-03,4489.18,COMPLETED
2684,C0953,P0118,2026-09-05,1483.48,COMPLETED
2685,C0028,P0465,2026-09-03,295.87,COMPLETED
2686,C0425,P0046,2026-09-03,4895.5,COMPLETED
2687,C0055,P0499,2026-09-05,3507.06,REFUNDED
2688,C0406,P0237,2026-09-03,4653.23,REFUNDED
2689,C0515,P0102,2026-09-01,776.63,REFUNDED
2690,C0383,P0135,2026-09-01,3103.85,COMPLETED
2691,C0242,P0360,2026-09-04,3747.62,COMPLETED
2692,C0396,P0437,2026-09-02,383.33,REFUNDED
2693,C0084,P0087,2026-09-01,3972.43,COMPLETED
2694,C0384,P0026,2026-09-05,3718.9,COMPLETED
2695,C0230,P0206,2026-09-04,3323.61,REFUNDED
2696,C0029,P0317,2026-09-02,4271.89,CANCELLED
2697,C0327,P0220,2026-09-02,4360.04,CANCELLED
2698,C0954,P0308,2026-09-05,3668.89,REFUNDED
2699,C0102,P0134,2026-09-01,2841.91,COMPLETED
2700,C0860,P0077,2026-09-04,1127.75,REFUNDED
2701,C0732,P0046,2026-09-04,635.13,COMPLETED
2702,C0666,P0491,2026-09-01,1060.42,CANCELLED
2703,C0344,P0189,2026-09-01,4067.06,REFUNDED
2704,C0811,P0088,2026-09-02,2503.75,REFUNDED
2705,C0150,P0485,2026-09-01,803.91,COMPLETED
2706,C0141,P0291,2026-09-04,3196.06,CANCELLED
2707,C0040,P0061,2026-09-02,2740.64,COMPLETED
2708,C0294,P0008,2026-09-01,705.36,REFUNDED
2709,C0940,P0368,2026-09-01,2977.61,CANCELLED
2710,C0850,P0270,2026-09-02,2723.72,REFUNDED
2711,C0484,P0223,2026-09-04,3239.92,COMPLETED
2712,C0713,P0396,2026-09-05,4172.48,CANCELLED
2713,C0852,P0472,2026-09-03,1949.53,REFUNDED
2714,C0143,P0476,2026-09-04,840.86,COMPLETED
2715,C0778,P0233,2026-09-02,3940.23,REFUNDED
2716,C0723,P0424,2026-09-04,4702.12,REFUNDED
2717,C0481,P0345,2026-09-05,720.39,CANCELLED
2718,C0460,P0254,2026-09-01,4547.52,CANCELLED
2719,C0631,P0061,2026-09-05,1681.06,REFUNDED
2720,C0006,P0115,2026-09-02,4849.62,REFUNDED
2721,C0928,P0366,2026-09-02,3262.37,COMPLETED
2722,C0082,P0105,2026-09-03,325.28,REFUNDED
2723,C0020,P0098,2026-09-01,954.12,CANCELLED
2724,C0263,P0485,2026-09-05,1717.33,COMPLETED
2725,C0221,P0442,2026-09-01,1199.03,COMPLETED
2726,C0856,P0417,2026-09-02,2872.63,COMPLETED
2727,C0154,P0401,2026-09-03,2448.17,COMPLETED
2728,C0562,P0137,2026-09-03,2161.8,CANCELLED
2729,C0963,P0148,2026-09-02,3062.72,REFUNDED
2730,C0745,P0383,2026-09-03,4011.98,COMPLETED
2731,C0624,P0254,2026-09-04,3130.81,COMPLETED
2732,C0541,P0196,2026-09-02,1342.04,COMPLETED
2733,C0434,P0067,2026-09-01,4533.43,COMPLETED
2734,C0114,P0221,2026-09-04,2033.36,CANCELLED
2735,C0795,P0439,2026-09-04,4581.1,REFUNDED
2736,C0296,P0106,2026-09-02,2863.51,REFUNDED
2737,C0244,P0308,2026-09-03,4884.99,REFUNDED
2738,C0309,P0111,2026-09-05,3895.1,REFUNDED
2739,C0125,P0422,2026-09-01,4610.02,REFUNDED
2740,C0049,P0145,2026-09-02,4896.03,COMPLETED
2741,C0245,P0373,2026-09-02,218.08,REFUNDED
2742,C0430,P0347,2026-09-02,4939.3,COMPLETED
2743,C0655,P0097,2026-09-03,1881.61,REFUNDED
2744,C0813,P0215,2026-09-04,2693.04,COMPLETED
2745,C0638,P0093,2026-09-01,4402.77,COMPLETED
2746,C0469,P0210,2026-09-04,471.62,REFUNDED
2747,C0065,P0406,2026-09-01,3311.46,REFUNDED
2748,C0114,P0075,2026-09-02,1267.72,CANCELLED
2749,C0857,P0015,2026-09-05,4679.45,COMPLETED
2750,C0927,P0149,2026-09-05,2270.42,CANCELLED
2751,C0512,P0500,2026-09-03,2072.03,COMPLETED
2752,C0612,P0135,2026-09-05,547.49,CANCELLED
2753,C0549,P0121,2026-09-02,2654.65,CANCELLED
2754,C0017,P0317,2026-09-02,2880.76,CANCELLED
2755,C0648,P0231,2026-09-05,4891.95,REFUNDED
2756,C0528,P0465,2026-09-03,807.03,REFUNDED
2757,C0589,P0128,2026-09-01,3834.18,CANCELLED
2758,C0248,P0190,2026-09-01,4580.99,COMPLETED
2759,C0736,P0299,2026-09-01,3227.68,REFUNDED
2760,C0148,P0351,2026-09-04,3867.66,CANCELLED
2761,C0299,P0332,2026-09-05,4255.39,CANCELLED
2762,C0440,P0235,2026-09-05,83.3,REFUNDED
2763,C0002,P0044,2026-09-01,1277.15,CANCELLED
2764,C0630,P0006,2026-09-05,4699.91,CANCELLED
2765,C0362,P0241,2026-09-02,2479.22,CANCELLED
2766,C0247,P0069,2026-09-03,646.55,CANCELLED
2767,C0585,P0447,2026-09-03,858.67,COMPLETED
2768,C0427,P0166,2026-09-01,1166.41,CANCELLED
2769,C0192,P0499,2026-09-02,409.09,COMPLETED
2770,C0681,P0355,2026-09-01,1011.15,REFUNDED
2771,C0685,P0204,2026-09-02,3319.36,CANCELLED
2772,C0088,P0352,2026-09-01,1612.96,REFUNDED
2773,C0537,P0109,2026-09-04,2053.29,REFUNDED
2774,C0999,P0366,2026-09-01,113.03,REFUNDED
2775,C0370,P0197,2026-09-05,2506.19,COMPLETED
2776,C0070,P0363,2026-09-01,2504.55,COMPLETED
2777,C0977,P0217,2026-09-04,3229.7,REFUNDED
2778,C0539,P0377,2026-09-05,412.71,CANCELLED
2779,C0558,P0306,2026-09-01,4953.37,REFUNDED
2780,C0520,P0132,2026-09-02,1780.58,COMPLETED
2781,C0806,P0038,2026-09-01,1167.49,CANCELLED
2782,C0520,P0049,2026-09-05,476.5,CANCELLED
2783,C0568,P0286,2026-09-05,2899.21,CANCELLED
2784,C0021,P0031,2026-09-01,3333.04,REFUNDED
2785,C0400,P0027,2026-09-01,4831.69,COMPLETED
2786,C0895,P0171,2026-09-04,775.73,COMPLETED
2787,C0482,P0477,2026-09-05,1700.95,REFUNDED
2788,C0045,P0121,2026-09-04,3128.97,CANCELLED
2789,C0651,P0242,2026-09-03,4187.33,COMPLETED
2790,C0397,P0466,2026-09-05,3008.22,CANCELLED
2791,C0383,P0182,2026-09-04,401.36,COMPLETED
2792,C0260,P0311,2026-09-04,1031.47,COMPLETED
2793,C0766,P0481,2026-09-02,2447.18,CANCELLED
2794,C0017,P0344,2026-09-04,1089.34,REFUNDED
2795,C0366,P0496,2026-09-05,249.56,REFUNDED
2796,C0808,P0411,2026-09-03,1526.44,REFUNDED
2797,C0070,P0307,2026-09-03,960.05,COMPLETED
2798,C0354,P0364,2026-09-04,1504.92,REFUNDED
2799,C0247,P0384,2026-09-04,4981.72,COMPLETED
2800,C0751,P0415,2026-09-02,1411.56,CANCELLED
2801,C0673,P0024,2026-09-04,2270.34,COMPLETED
2802,C0644,P0003,2026-09-05,2772.25,COMPLETED
2803,C0107,P0130,2026-09-03,50.42,CANCELLED
2804,C0791,P0259,2026-09-02,1391.12,CANCELLED
2805,C0596,P0318,2026-09-02,2184.7,CANCELLED
2806,C0753,P0196,2026-09-03,2247.46,COMPLETED
2807,C0775,P0155,2026-09-02,4795.91,REFUNDED
2808,C0341,P0203,2026-09-04,2109.11,REFUNDED
2809,C0137,P0344,2026-09-03,686.92,REFUNDED
2810,C0046,P0190,2026-09-02,1166.19,COMPLETED
2811,C0361,P0068,2026-09-03,4932.9,REFUNDED
2812,C0560,P0496,2026-09-01,4618.87,CANCELLED
2813,C0347,P0457,2026-09-04,4430.03,COMPLETED
2814,C0834,P0287,2026-09-03,3474.55,COMPLETED
2815,C0659,P0022,2026-09-02,2378.66,CANCELLED
2816,C0180,P0298,2026-09-01,1640.7,CANCELLED
2817,C0851,P0092,2026-09-04,3898.09,CANCELLED
2818,C0798,P0134,2026-09-04,3061.09,CANCELLED
2819,C0702,P0087,2026-09-05,3942.82,CANCELLED
2820,C0476,P0258,2026-09-02,3167.88,CANCELLED
2821,C0713,P0253,2026-09-04,4888.41,CANCELLED
2822,C0491,P0477,2026-09-02,3455.9,REFUNDED
2823,C0647,P0174,2026-09-03,4273.99,COMPLETED
2824,C0187,P0450,2026-09-02,4876.19,REFUNDED
2825,C0831,P0240,2026-09-04,494.65,COMPLETED
2826,C0139,P0068,2026-09-04,3490.63,REFUNDED
2827,C0065,P0046,2026-09-04,4807.02,REFUNDED
2828,C0734,P0163,2026-09-04,873.97,CANCELLED
2829,C0795,P0364,2026-09-04,2714.15,CANCELLED
2830,C0967,P0272,2026-09-04,1768.21,CANCELLED
2831,C0469,P0222,2026-09-04,1376.52,REFUNDED
2832,C0038,P0073,2026-09-04,1948.46,REFUNDED
2833,C0301,P0134,2026-09-03,4859.42,REFUNDED
2834,C0207,P0060,2026-09-03,233.35,CANCELLED
2835,C0045,P0161,2026-09-03,4079.02,COMPLETED
2836,C0811,P0023,2026-09-04,2813.8,REFUNDED
2837,C0205,P0066,2026-09-02,1802.39,REFUNDED
2838,C0908,P0256,2026-09-05,57.21,COMPLETED
2839,C0043,P0447,2026-09-02,1764.27,COMPLETED
2840,C0324,P0499,2026-09-02,3722.84,REFUNDED
2841,C0956,P0428,2026-09-02,3658.15,CANCELLED
2842,C0318,P0144,2026-09-02,4048.41,CANCELLED
2843,C0528,P0383,2026-09-05,1638.76,COMPLETED
2844,C0408,P0185,2026-09-02,4184.08,COMPLETED
2845,C0835,P0475,2026-09-05,1339.83,REFUNDED
2846,C0557,P0221,2026-09-03,3605.65,COMPLETED
2847,C0485,P0145,2026-09-04,3114.82,REFUNDED
2848,C0260,P0463,2026-09-05,3361.93,CANCELLED
2849,C0038,P0449,2026-09-04,1281.94,REFUNDED
2850,C0772,P0135,2026-09-03,3348.71,CANCELLED
2851,C0663,P0314,2026-09-03,4613.04,REFUNDED
2852,C0196,P0425,2026-09-02,282.11,COMPLETED
2853,C0293,P0390,2026-09-04,2484.89,COMPLETED
2854,C0366,P0475,2026-09-02,2390.33,CANCELLED
2855,C0883,P0136,2026-09-04,300.36,REFUNDED
2856,C0800,P0265,2026-09-01,105.97,COMPLETED
2857,C0049,P0161,2026-09-05,1266.86,CANCELLED
2858,C0887,P0224,2026-09-04,4152.93,COMPLETED
2859,C0672,P0458,2026-09-03,112.38,COMPLETED
2860,C0340,P0085,2026-09-05,1591.84,REFUNDED
2861,C0280,P0162,2026-09-04,4469.3,REFUNDED
2862,C0128,P0378,2026-09-01,630.29,COMPLETED
2863,C0819,P0252,2026-09-02,1417.64,CANCELLED
2864,C0377,P0392,2026-09-02,140.96,CANCELLED
2865,C0448,P0487,2026-09-03,3817.64,REFUNDED
2866,C0911,P0078,2026-09-05,3040.82,COMPLETED
2867,C0410,P0285,2026-09-02,3952.89,CANCELLED
2868,C0762,P0437,2026-09-04,2752.36,CANCELLED
2869,C0451,P0473,2026-09-05,932.14,COMPLETED
2870,C0917,P0337,2026-09-04,4031.15,COMPLETED
2871,C0980,P0326,2026-09-02,169.46,REFUNDED
2872,C0396,P0409,2026-09-04,1084.58,COMPLETED
2873,C0348,P0226,2026-09-01,1943.96,COMPLETED
2874,C0998,P0028,2026-09-02,3856.28,CANCELLED
2875,C0192,P0097,2026-09-04,3847.54,COMPLETED
2876,C0509,P0077,2026-09-05,3705.16,CANCELLED
2877,C0709,P0028,2026-09-02,247.53,CANCELLED
2878,C0510,P0118,2026-09-03,2593.02,CANCELLED
2879,C0377,P0094,2026-09-05,4580.93,COMPLETED
2880,C0947,P0019,2026-09-02,2742.74,REFUNDED
2881,C0817,P0241,2026-09-04,2026.73,REFUNDED
2882,C0532,P0134,2026-09-05,4745.17,CANCELLED
2883,C0274,P0084,2026-09-02,3160.29,CANCELLED
2884,C0821,P0362,2026-09-02,3482.2,CANCELLED
2885,C0085,P0240,2026-09-04,154.16,REFUNDED
2886,C0745,P0224,2026-09-03,2251.84,CANCELLED
2887,C0435,P0060,2026-09-04,2725.4,CANCELLED
2888,C0081,P0459,2026-09-02,800.18,CANCELLED
2889,C0441,P0475,2026-09-02,1642.39,COMPLETED
2890,C0617,P0254,2026-09-04,3060.0,COMPLETED
2891,C0843,P0021,2026-09-03,1722.83,COMPLETED
2892,C0185,P0227,2026-09-05,4855.59,REFUNDED
2893,C0559,P0183,2026-09-05,1941.58,REFUNDED
2894,C0301,P0364,2026-09-05,3475.64,CANCELLED
2895,C0329,P0288,2026-09-01,3561.01,COMPLETED
2896,C0106,P0249,2026-09-01,1072.9,COMPLETED
2897,C0082,P0235,2026-09-01,1058.43,REFUNDED
2898,C0336,P0253,2026-09-01,1221.81,CANCELLED
2899,C0677,P0058,2026-09-01,3618.12,COMPLETED
2900,C0303,P0434,2026-09-01,704.15,COMPLETED
2901,C0314,P0369,2026-09-01,324.69,COMPLETED
2902,C0457,P0444,2026-09-03,989.87,CANCELLED
2903,C0618,P0076,2026-09-01,4928.0,REFUNDED
2904,C0735,P0064,2026-09-03,1534.91,CANCELLED
2905,C0437,P0179,2026-09-03,4257.52,COMPLETED
2906,C0171,P0048,2026-09-02,2540.53,REFUNDED
2907,C0707,P0105,2026-09-02,2560.78,CANCELLED
2908,C0455,P0445,2026-09-02,314.44,REFUNDED
2909,C0360,P0146,2026-09-03,3854.68,CANCELLED
2910,C0458,P0093,2026-09-01,2188.41,COMPLETED
2911,C0044,P0428,2026-09-03,260.73,COMPLETED
2912,C0745,P0087,2026-09-05,3613.18,COMPLETED
2913,C0891,P0384,2026-09-03,3045.34,COMPLETED
2914,C0934,P0261,2026-09-05,2440.69,REFUNDED
2915,C0362,P0422,2026-09-04,4845.67,COMPLETED
2916,C0630,P0140,2026-09-04,3003.08,REFUNDED
2917,C0446,P0289,2026-09-03,253.08,CANCELLED
2918,C0282,P0457,2026-09-02,3413.52,COMPLETED
2919,C0655,P0340,2026-09-03,631.55,CANCELLED
2920,C0811,P0300,2026-09-03,3511.49,CANCELLED
2921,C0971,P0109,2026-09-01,508.65,REFUNDED
2922,C0059,P0299,2026-09-05,4203.52,REFUNDED
2923,C0077,P0498,2026-09-02,4120.51,CANCELLED
2924,C0688,P0003,2026-09-02,3164.55,CANCELLED
2925,C0653,P0270,2026-09-02,4896.45,REFUNDED
2926,C0416,P0393,2026-09-04,4334.98,REFUNDED
2927,C0373,P0293,2026-09-01,440.36,REFUNDED
2928,C0526,P0093,2026-09-05,1038.48,REFUNDED
2929,C0821,P0214,2026-09-05,4287.99,CANCELLED
2930,C0768,P0472,2026-09-04,769.03,REFUNDED
2931,C0696,P0040,2026-09-02,1979.5,REFUNDED
2932,C0164,P0127,2026-09-05,546.29,CANCELLED
2933,C0976,P0394,2026-09-05,1709.66,REFUNDED
2934,C0032,P0256,2026-09-04,1414.6,COMPLETED
2935,C0147,P0347,2026-09-03,1725.59,REFUNDED
2936,C0870,P0049,2026-09-02,282.88,REFUNDED
2937,C0623,P0455,2026-09-01,856.9,REFUNDED
2938,C0695,P0169,2026-09-02,2026.74,REFUNDED
2939,C0801,P0014,2026-09-04,973.03,COMPLETED
2940,C0449,P0146,2026-09-01,640.56,CANCELLED
2941,C0036,P0349,2026-09-01,2990.3,REFUNDED
2942,C0130,P0349,2026-09-02,2046.23,CANCELLED
2943,C0069,P0063,2026-09-04,1511.58,COMPLETED
2944,C0242,P0202,2026-09-04,2301.37,REFUNDED
2945,C0798,P0192,2026-09-04,3434.53,COMPLETED
2946,C0661,P0303,2026-09-04,4939.55,COMPLETED
2947,C0376,P0476,2026-09-02,776.36,CANCELLED
2948,C0371,P0488,2026-09-01,1602.02,REFUNDED
2949,C0393,P0055,2026-09-05,3023.07,REFUNDED
2950,C0973,P0429,2026-09-03,2378.4,COMPLETED
2951,C0581,P0166,2026-09-04,84.7,CANCELLED
2952,C0034,P0079,2026-09-05,2413.16,REFUNDED
2953,C0620,P0015,2026-09-05,1399.55,CANCELLED
2954,C0158,P0042,2026-09-02,3570.28,COMPLETED
2955,C0696,P0236,2026-09-04,1516.52,CANCELLED
2956,C0461,P0426,2026-09-01,3645.73,CANCELLED
2957,C0972,P0363,2026-09-04,4794.97,COMPLETED
2958,C0380,P0338,2026-09-05,330.69,REFUNDED
2959,C0381,P0246,2026-09-03,2682.52,COMPLETED
2960,C0455,P0233,2026-09-03,4463.98,CANCELLED
2961,C0782,P0322,2026-09-01,3874.25,CANCELLED
2962,C0079,P0490,2026-09-03,4596.74,REFUNDED
2963,C0588,P0138,2026-09-01,4482.23,COMPLETED
2964,C0141,P0305,2026-09-02,445.64,COMPLETED
2965,C0543,P0337,2026-09-02,3766.04,COMPLETED
2966,C0376,P0003,2026-09-05,1481.91,COMPLETED
2967,C0408,P0169,2026-09-03,3742.19,COMPLETED
2968,C0322,P0497,2026-09-04,4123.23,COMPLETED
2969,C0666,P0023,2026-09-02,2882.86,COMPLETED
2970,C0286,P0336,2026-09-01,3659.51,COMPLETED
2971,C0256,P0319,2026-09-02,2904.07,REFUNDED
2972,C0984,P0487,2026-09-03,2135.06,CANCELLED
2973,C0117,P0232,2026-09-03,3973.73,CANCELLED
2974,C0027,P0167,2026-09-01,4029.34,REFUNDED
2975,C0754,P0486,2026-09-03,4989.12,COMPLETED
2976,C0191,P0375,2026-09-05,704.74,CANCELLED
2977,C0512,P0376,2026-09-04,2066.85,COMPLETED
2978,C0531,P0465,2026-09-01,1278.58,CANCELLED
2979,C0397,P0491,2026-09-05,3530.46,CANCELLED
2980,C0936,P0409,2026-09-05,2902.28,COMPLETED
2981,C0576,P0292,2026-09-04,4618.1,REFUNDED
2982,C0121,P0067,2026-09-02,1848.35,COMPLETED
2983,C0269,P0109,2026-09-03,4882.3,CANCELLED
2984,C0794,P0442,2026-09-03,732.45,REFUNDED
2985,C0267,P0025,2026-09-02,1952.62,REFUNDED
2986,C0721,P0411,2026-09-05,3712.32,REFUNDED
2987,C0457,P0330,2026-09-03,1540.97,COMPLETED
2988,C0220,P0145,2026-09-05,692.21,CANCELLED
2989,C0627,P0166,2026-09-01,2456.5,REFUNDED
2990,C0293,P0409,2026-09-04,2799.84,CANCELLED
2991,C0711,P0029,2026-09-03,2269.7,CANCELLED
2992,C0939,P0381,2026-09-02,1119.61,CANCELLED
2993,C0503,P0037,2026-09-01,1971.89,CANCELLED
2994,C0205,P0281,2026-09-02,2036.36,REFUNDED
2995,C0126,P0488,2026-09-03,1686.69,CANCELLED
2996,C0139,P0309,2026-09-03,4072.37,CANCELLED
2997,C0874,P0196,2026-09-04,1997.19,COMPLETED
2998,C0076,P0048,2026-09-04,255.57,CANCELLED
2999,C0463,P0205,2026-09-03,2009.26,COMPLETED
3000,C0177,P0131,2026-09-01,2198.16,COMPLETED
3001,C0921,P0092,2026-09-03,91.4,CANCELLED
3002,C0731,P0123,2026-09-04,267.88,CANCELLED
3003,C0456,P0495,2026-09-01,3668.12,CANCELLED
3004,C0090,P0395,2026-09-03,4441.14,CANCELLED
3005,C0830,P0444,2026-09-05,484.26,CANCELLED
3006,C0699,P0205,2026-09-01,3184.77,COMPLETED
3007,C0991,P0046,2026-09-02,1366.61,COMPLETED
3008,C0866,P0011,2026-09-05,89.67,REFUNDED
3009,C0328,P0437,2026-09-01,2747.84,CANCELLED
3010,C0684,P0107,2026-09-05,647.38,CANCELLED
3011,C0356,P0084,2026-09-01,4304.93,REFUNDED
3012,C0727,P0199,2026-09-03,2953.88,COMPLETED
3013,C0067,P0400,2026-09-04,2982.21,COMPLETED
3014,C0564,P0207,2026-09-02,4942.76,REFUNDED
3015,C0556,P0146,2026-09-04,340.58,COMPLETED
3016,C0298,P0332,2026-09-04,3716.86,COMPLETED
3017,C0913,P0386,2026-09-04,3213.52,COMPLETED
3018,C0308,P0489,2026-09-01,758.65,REFUNDED
3019,C0872,P0335,2026-09-03,719.52,REFUNDED
3020,C0162,P0079,2026-09-04,3061.13,REFUNDED
3021,C0729,P0062,2026-09-03,1727.88,COMPLETED
3022,C0727,P0153,2026-09-03,3458.37,COMPLETED
3023,C0950,P0252,2026-09-05,3848.59,REFUNDED
3024,C0718,P0411,2026-09-04,2327.34,COMPLETED
3025,C0654,P0222,2026-09-04,1886.59,REFUNDED
3026,C0179,P0377,2026-09-03,2364.08,CANCELLED
3027,C0813,P0413,2026-09-02,3007.41,REFUNDED
3028,C0371,P0472,2026-09-03,1194.76,COMPLETED
3029,C0521,P0159,2026-09-03,604.96,CANCELLED
3030,C0230,P0463,2026-09-05,3263.87,REFUNDED
3031,C0125,P0351,2026-09-02,974.03,CANCELLED
3032,C0206,P0309,2026-09-04,1992.49,CANCELLED
3033,C0812,P0068,2026-09-03,295.22,COMPLETED
3034,C0143,P0184,2026-09-03,3597.21,CANCELLED
3035,C0243,P0341,2026-09-01,2180.4,CANCELLED
3036,C0810,P0050,2026-09-04,708.59,REFUNDED
3037,C0506,P0427,2026-09-01,4836.69,COMPLETED
3038,C0027,P0189,2026-09-03,1776.64,REFUNDED
3039,C0370,P0263,2026-09-05,4082.9,COMPLETED
3040,C0568,P0103,2026-09-01,2490.33,COMPLETED
3041,C0587,P0251,2026-09-01,1511.62,COMPLETED
3042,C0378,P0229,2026-09-02,1642.32,CANCELLED
3043,C0479,P0454,2026-09-01,4066.04,REFUNDED
3044,C0823,P0199,2026-09-02,4908.34,CANCELLED
3045,C0565,P0244,2026-09-01,2973.15,REFUNDED
3046,C0133,P0138,2026-09-02,728.46,REFUNDED
3047,C0627,P0289,2026-09-03,1629.16,CANCELLED
3048,C0906,P0308,2026-09-01,3748.47,REFUNDED
3049,C0089,P0217,2026-09-02,4815.09,COMPLETED
3050,C0068,P0047,2026-09-05,1443.5,REFUNDED
3051,C0317,P0388,2026-09-02,1462.3,COMPLETED
3052,C0408,P0217,2026-09-01,1680.42,CANCELLED
3053,C0735,P0416,2026-09-01,2593.28,CANCELLED
3054,C0737,P0189,2026-09-01,665.56,REFUNDED
3055,C0491,P0315,2026-09-01,130.64,CANCELLED
3056,C0539,P0096,2026-09-03,2827.25,COMPLETED
3057,C0421,P0223,2026-09-05,3605.91,CANCELLED
3058,C0788,P0323,2026-09-01,2996.45,REFUNDED
3059,C0420,P0219,2026-09-02,1771.91,CANCELLED
3060,C0844,P0048,2026-09-05,1784.44,COMPLETED
3061,C0589,P0021,2026-09-04,1096.24,COMPLETED
3062,C0076,P0263,2026-09-03,4437.26,COMPLETED
3063,C0129,P0175,2026-09-01,4234.08,COMPLETED
3064,C0996,P0499,2026-09-05,3822.34,CANCELLED
3065,C0325,P0238,2026-09-01,2020.78,REFUNDED
3066,C0658,P0347,2026-09-01,2060.41,CANCELLED
3067,C0076,P0115,2026-09-02,4341.43,COMPLETED
3068,C0461,P0332,2026-09-02,3005.73,CANCELLED
3069,C0478,P0352,2026-09-01,3444.85,REFUNDED
3070,C0697,P0366,2026-09-02,789.57,REFUNDED
3071,C0530,P0080,2026-09-01,2491.95,CANCELLED
3072,C0353,P0477,2026-09-01,2500.46,REFUNDED
3073,C0132,P0254,2026-09-01,1608.74,REFUNDED
3074,C0900,P0270,2026-09-04,2066.64,COMPLETED
3075,C0849,P0323,2026-09-02,109.75,COMPLETED
3076,C0799,P0332,2026-09-02,4849.06,REFUNDED
3077,C0565,P0269,2026-09-01,2071.52,REFUNDED
3078,C0656,P0043,2026-09-01,4063.76,CANCELLED
3079,C0602,P0149,2026-09-04,4209.76,CANCELLED
3080,C0187,P0240,2026-09-03,1582.5,CANCELLED
3081,C0787,P0224,2026-09-05,2144.13,COMPLETED
3082,C0990,P0041,2026-09-02,2265.84,COMPLETED
3083,C0133,P0465,2026-09-04,1516.85,CANCELLED
3084,C0444,P0411,2026-09-02,4325.28,COMPLETED
3085,C0515,P0245,2026-09-04,813.6,COMPLETED
3086,C0933,P0154,2026-09-05,2136.92,COMPLETED
3087,C0890,P0077,2026-09-02,4611.45,CANCELLED
3088,C0057,P0066,2026-09-04,129.38,REFUNDED
3089,C0852,P0351,2026-09-03,1023.86,COMPLETED
3090,C0128,P0463,2026-09-05,4008.9,CANCELLED
3091,C0531,P0154,2026-09-01,361.29,REFUNDED
3092,C0157,P0431,2026-09-04,2544.64,REFUNDED
3093,C0312,P0128,2026-09-02,184.51,COMPLETED
3094,C0169,P0268,2026-09-05,1903.57,CANCELLED
3095,C0166,P0219,2026-09-01,1035.29,REFUNDED
3096,C0331,P0152,2026-09-01,71.62,COMPLETED
3097,C0958,P0292,2026-09-02,2234.03,CANCELLED
3098,C0727,P0025,2026-09-02,3412.98,REFUNDED
3099,C0231,P0283,2026-09-03,3192.3,REFUNDED
3100,C0355,P0040,2026-09-02,496.32,REFUNDED
3101,C0971,P0470,2026-09-05,2510.4,COMPLETED
3102,C0964,P0024,2026-09-05,514.75,CANCELLED
3103,C0532,P0263,2026-09-02,2145.07,CANCELLED
3104,C0917,P0056,2026-09-01,1766.96,REFUNDED
3105,C0291,P0262,2026-09-01,2228.19,REFUNDED
3106,C0867,P0218,2026-09-02,356.1,COMPLETED
3107,C0081,P0212,2026-09-02,688.3,COMPLETED
3108,C0257,P0049,2026-09-03,1315.52,REFUNDED
3109,C0202,P0238,2026-09-02,421.51,CANCELLED
3110,C0651,P0339,2026-09-02,1264.21,REFUNDED
3111,C0980,P0369,2026-09-04,1665.67,CANCELLED
3112,C0565,P0292,2026-09-05,2239.57,REFUNDED
3113,C0282,P0417,2026-09-03,1363.47,CANCELLED
3114,C0129,P0130,2026-09-05,3562.79,CANCELLED
3115,C0641,P0182,2026-09-04,4844.71,REFUNDED
3116,C0311,P0131,2026-09-05,3673.02,REFUNDED
3117,C0630,P0300,2026-09-03,1858.57,REFUNDED
3118,C0547,P0042,2026-09-02,530.52,REFUNDED
3119,C0096,P0394,2026-09-04,4067.67,CANCELLED
3120,C0515,P0258,2026-09-03,3487.26,REFUNDED
3121,C0657,P0009,2026-09-03,4938.19,CANCELLED
3122,C0173,P0059,2026-09-02,2364.31,COMPLETED
3123,C0607,P0380,2026-09-05,319.35,COMPLETED
3124,C0965,P0339,2026-09-01,3627.28,REFUNDED
3125,C0595,P0237,2026-09-03,659.39,COMPLETED
3126,C0158,P0092,2026-09-03,4671.2,CANCELLED
3127,C0176,P0403,2026-09-02,445.76,REFUNDED
3128,C0675,P0094,2026-09-01,3232.78,COMPLETED
3129,C0640,P0432,2026-09-01,2647.33,COMPLETED
3130,C0738,P0202,2026-09-01,2899.11,COMPLETED
3131,C0924,P0024,2026-09-04,2019.41,CANCELLED
3132,C0620,P0043,2026-09-03,4823.9,COMPLETED
3133,C0346,P0214,2026-09-01,4686.81,REFUNDED
3134,C0863,P0449,2026-09-05,4245.68,CANCELLED
3135,C0947,P0361,2026-09-04,2052.85,CANCELLED
3136,C0578,P0153,2026-09-01,1113.3,REFUNDED
3137,C0043,P0161,2026-09-04,1683.98,CANCELLED
3138,C0846,P0301,2026-09-01,4431.61,COMPLETED
3139,C0885,P0371,2026-09-01,2790.96,CANCELLED
3140,C0030,P0233,2026-09-03,1014.3,CANCELLED
3141,C0084,P0388,2026-09-05,1645.23,CANCELLED
3142,C0047,P0344,2026-09-03,3056.0,CANCELLED
3143,C0972,P0231,2026-09-05,1356.02,REFUNDED
3144,C0657,P0320,2026-09-01,3369.24,CANCELLED
3145,C0790,P0414,2026-09-05,2327.03,CANCELLED
3146,C0591,P0136,2026-09-03,2757.35,CANCELLED
3147,C0272,P0175,2026-09-03,84.23,CANCELLED
3148,C0667,P0495,2026-09-04,3448.99,REFUNDED
3149,C0216,P0471,2026-09-03,293.42,COMPLETED
3150,C0786,P0447,2026-09-04,969.39,CANCELLED
3151,C0586,P0415,2026-09-03,1252.29,REFUNDED
3152,C0427,P0096,2026-09-04,3743.16,CANCELLED
3153,C0633,P0109,2026-09-03,2417.43,COMPLETED
3154,C0655,P0095,2026-09-04,2396.54,COMPLETED
3155,C0032,P0041,2026-09-03,3668.63,CANCELLED
3156,C0510,P0383,2026-09-05,2733.2,COMPLETED
3157,C0911,P0310,2026-09-02,1259.59,CANCELLED
3158,C0643,P0133,2026-09-02,79.6,CANCELLED
3159,C0559,P0447,2026-09-05,3229.83,REFUNDED
3160,C0297,P0345,2026-09-02,2840.13,COMPLETED
3161,C0658,P0055,2026-09-01,861.51,REFUNDED
3162,C0980,P0223,2026-09-03,3037.18,CANCELLED
3163,C0310,P0274,2026-09-04,2190.81,COMPLETED
3164,C0495,P0010,2026-09-04,1247.38,REFUNDED
3165,C0251,P0003,2026-09-04,988.79,COMPLETED
3166,C0825,P0203,2026-09-03,4096.03,REFUNDED
3167,C0827,P0060,2026-09-04,3466.51,REFUNDED
3168,C0702,P0007,2026-09-04,3038.34,REFUNDED
3169,C0416,P0088,2026-09-04,2421.34,CANCELLED
3170,C0305,P0336,2026-09-04,3941.36,COMPLETED
3171,C0465,P0245,2026-09-02,709.64,CANCELLED
3172,C0075,P0236,2026-09-02,2849.34,CANCELLED
3173,C0706,P0355,2026-09-04,4310.02,COMPLETED
3174,C0062,P0208,2026-09-04,1481.02,COMPLETED
3175,C0162,P0445,2026-09-01,247.59,COMPLETED
3176,C0451,P0337,2026-09-02,4349.46,REFUNDED
3177,C0426,P0495,2026-09-03,4611.72,REFUNDED
3178,C0496,P0382,2026-09-04,1644.69,COMPLETED
3179,C0476,P0309,2026-09-02,3827.28,REFUNDED
3180,C0209,P0372,2026-09-04,4086.61,CANCELLED
3181,C0349,P0250,2026-09-03,4677.12,CANCELLED
3182,C0622,P0156,2026-09-01,4484.06,COMPLETED
3183,C0148,P0317,2026-09-04,2327.94,CANCELLED
3184,C0321,P0417,2026-09-02,3105.69,COMPLETED
3185,C0883,P0499,2026-09-02,2989.01,COMPLETED
3186,C0736,P0316,2026-09-05,974.82,COMPLETED
3187,C0327,P0185,2026-09-02,868.42,COMPLETED
3188,C0752,P0354,2026-09-02,2393.32,COMPLETED
3189,C0882,P0345,2026-09-01,1221.95,COMPLETED
3190,C0354,P0494,2026-09-01,4668.61,REFUNDED
3191,C0999,P0354,2026-09-04,839.3,COMPLETED
3192,C0409,P0346,2026-09-04,3618.6,CANCELLED
3193,C0134,P0203,2026-09-02,4343.96,CANCELLED
3194,C0779,P0412,2026-09-03,3275.94,REFUNDED
3195,C0380,P0155,2026-09-03,281.33,COMPLETED
3196,C0528,P0045,2026-09-02,1229.58,CANCELLED
3197,C0576,P0065,2026-09-01,952.69,CANCELLED
3198,C0109,P0070,2026-09-04,2897.4,COMPLETED
3199,C0327,P0008,2026-09-04,1294.24,REFUNDED
3200,C0248,P0098,2026-09-02,4958.3,COMPLETED
3201,C0478,P0058,2026-09-03,373.03,CANCELLED
3202,C0126,P0418,2026-09-05,3103.39,CANCELLED
3203,C0274,P0009,2026-09-03,1178.37,CANCELLED
3204,C0461,P0357,2026-09-02,4001.96,REFUNDED
3205,C0254,P0497,2026-09-02,2605.52,COMPLETED
3206,C0145,P0097,2026-09-04,1502.01,COMPLETED
3207,C0100,P0440,2026-09-05,1101.47,CANCELLED
3208,C0052,P0014,2026-09-04,1519.77,REFUNDED
3209,C0298,P0108,2026-09-04,3316.22,REFUNDED
3210,C0969,P0247,2026-09-04,3043.02,COMPLETED
3211,C0394,P0333,2026-09-02,2650.09,COMPLETED
3212,C0885,P0075,2026-09-04,4452.82,COMPLETED
3213,C0631,P0333,2026-09-01,95.01,REFUNDED
3214,C0429,P0124,2026-09-03,3379.71,REFUNDED
3215,C0255,P0224,2026-09-01,1690.43,CANCELLED
3216,C0986,P0432,2026-09-01,1639.36,COMPLETED
3217,C0887,P0321,2026-09-03,466.31,CANCELLED
3218,C0924,P0440,2026-09-04,4221.57,CANCELLED
3219,C0164,P0405,2026-09-05,3465.72,CANCELLED
3220,C0834,P0276,2026-09-03,677.85,REFUNDED
3221,C0336,P0098,2026-09-02,1975.57,REFUNDED
3222,C0957,P0045,2026-09-02,4578.45,COMPLETED
3223,C0592,P0155,2026-09-05,2240.7,CANCELLED
3224,C0739,P0395,2026-09-04,2210.27,REFUNDED
3225,C0321,P0238,2026-09-02,3464.14,REFUNDED
3226,C0195,P0076,2026-09-04,3130.56,REFUNDED
3227,C0782,P0243,2026-09-04,1048.61,REFUNDED
3228,C0164,P0217,2026-09-01,4799.02,COMPLETED
3229,C0511,P0012,2026-09-03,665.37,CANCELLED
3230,C0528,P0060,2026-09-02,68.71,CANCELLED
3231,C0479,P0086,2026-09-03,4170.07,COMPLETED
3232,C0511,P0463,2026-09-03,3953.58,REFUNDED
3233,C0901,P0079,2026-09-05,4924.17,REFUNDED
3234,C0316,P0379,2026-09-04,1106.55,COMPLETED
3235,C0510,P0360,2026-09-05,815.89,CANCELLED
3236,C0024,P0228,2026-09-01,3878.61,CANCELLED
3237,C0093,P0494,2026-09-05,2190.86,REFUNDED
3238,C0968,P0249,2026-09-02,3145.81,REFUNDED
3239,C0403,P0242,2026-09-05,3906.46,CANCELLED
3240,C0518,P0011,2026-09-03,4572.37,CANCELLED
3241,C0469,P0441,2026-09-03,2489.18,REFUNDED
3242,C0990,P0231,2026-09-03,2363.83,COMPLETED
3243,C0247,P0300,2026-09-02,1130.8,CANCELLED
3244,C0221,P0125,2026-09-03,4699.21,CANCELLED
3245,C0598,P0104,2026-09-05,2100.13,COMPLETED
3246,C0362,P0151,2026-09-04,3643.58,COMPLETED
3247,C0050,P0292,2026-09-01,3514.22,REFUNDED
3248,C0052,P0425,2026-09-01,217.16,REFUNDED
3249,C0289,P0427,2026-09-04,2022.21,CANCELLED
3250,C0507,P0201,2026-09-03,4646.47,COMPLETED
3251,C0612,P0027,2026-09-04,3664.06,COMPLETED
3252,C0904,P0171,2026-09-02,189.97,COMPLETED
3253,C0864,P0005,2026-09-02,4023.14,COMPLETED
3254,C0670,P0053,2026-09-03,67.07,CANCELLED
3255,C0689,P0323,2026-09-02,2814.63,COMPLETED
3256,C0482,P0434,2026-09-03,309.18,CANCELLED
3257,C0293,P0366,2026-09-04,1923.34,CANCELLED
3258,C0550,P0222,2026-09-03,221.04,COMPLETED
3259,C0009,P0213,2026-09-05,3091.1,REFUNDED
3260,C0868,P0435,2026-09-03,888.86,COMPLETED
3261,C0111,P0254,2026-09-05,2541.95,COMPLETED
3262,C0442,P0378,2026-09-03,1555.97,CANCELLED
3263,C0138,P0297,2026-09-02,3169.36,REFUNDED
3264,C0904,P0306,2026-09-02,469.83,CANCELLED
3265,C0271,P0375,2026-09-03,4129.25,REFUNDED
3266,C0745,P0284,2026-09-05,3219.55,REFUNDED
3267,C0375,P0149,2026-09-02,3965.87,CANCELLED
3268,C0783,P0019,2026-09-05,1522.68,COMPLETED
3269,C0413,P0250,2026-09-05,315.55,CANCELLED
3270,C0375,P0205,2026-09-02,4494.14,CANCELLED
3271,C0047,P0249,2026-09-02,1387.73,REFUNDED
3272,C0411,P0263,2026-09-04,3393.22,CANCELLED
3273,C0053,P0303,2026-09-05,4349.28,COMPLETED
3274,C0584,P0372,2026-09-04,2392.55,REFUNDED
3275,C0576,P0314,2026-09-01,3805.12,REFUNDED
3276,C0200,P0479,2026-09-03,2556.38,CANCELLED
3277,C0372,P0348,2026-09-05,2168.74,CANCELLED
3278,C0567,P0464,2026-09-01,2130.23,REFUNDED
3279,C0296,P0419,2026-09-04,1887.69,CANCELLED
3280,C0076,P0445,2026-09-02,4633.72,REFUNDED
3281,C0396,P0250,2026-09-05,4217.19,COMPLETED
3282,C0517,P0119,2026-09-03,2177.01,COMPLETED
3283,C0462,P0366,2026-09-01,841.51,CANCELLED
3284,C0783,P0032,2026-09-05,4221.71,CANCELLED
3285,C0564,P0271,2026-09-04,1263.3,COMPLETED
3286,C0287,P0010,2026-09-04,2053.95,COMPLETED
3287,C0846,P0217,2026-09-05,4034.01,COMPLETED
3288,C0639,P0296,2026-09-03,3328.68,REFUNDED
3289,C0697,P0162,2026-09-01,1816.31,CANCELLED
3290,C0626,P0284,2026-09-04,4242.4,CANCELLED
3291,C0122,P0033,2026-09-04,4057.38,REFUNDED
3292,C0132,P0138,2026-09-02,2047.52,REFUNDED
3293,C0999,P0458,2026-09-03,4778.24,COMPLETED
3294,C0100,P0332,2026-09-02,1348.74,CANCELLED
3295,C0404,P0214,2026-09-03,2087.53,REFUNDED
3296,C0383,P0456,2026-09-01,401.32,CANCELLED
3297,C0814,P0243,2026-09-04,2889.7,COMPLETED
3298,C0348,P0060,2026-09-02,1372.97,REFUNDED
3299,C0572,P0254,2026-09-02,2995.31,COMPLETED
3300,C0962,P0319,2026-09-01,3246.16,REFUNDED
3301,C0375,P0481,2026-09-03,1083.89,CANCELLED
3302,C0774,P0331,2026-09-03,2637.46,COMPLETED
3303,C0148,P0178,2026-09-05,1127.07,REFUNDED
3304,C0204,P0230,2026-09-04,2956.02,CANCELLED
3305,C0617,P0358,2026-09-05,3861.87,REFUNDED
3306,C0522,P0224,2026-09-02,3412.99,CANCELLED
3307,C0412,P0011,2026-09-03,3755.38,CANCELLED
3308,C0513,P0083,2026-09-03,4201.28,REFUNDED
3309,C0042,P0148,2026-09-04,3554.93,REFUNDED
3310,C0047,P0372,2026-09-03,4218.46,REFUNDED
3311,C0040,P0099,2026-09-05,3010.88,REFUNDED
3312,C0141,P0241,2026-09-05,433.06,REFUNDED
3313,C0731,P0177,2026-09-02,3013.77,REFUNDED
3314,C0342,P0225,2026-09-02,3545.03,REFUNDED
3315,C0824,P0119,2026-09-05,2164.88,CANCELLED
3316,C0486,P0260,2026-09-05,2966.92,COMPLETED
3317,C0532,P0113,2026-09-01,3120.09,COMPLETED
3318,C0468,P0301,2026-09-03,1609.22,REFUNDED
3319,C0153,P0466,2026-09-01,1602.23,CANCELLED
3320,C0621,P0351,2026-09-02,4340.54,REFUNDED
3321,C0915,P0174,2026-09-05,3006.22,REFUNDED
3322,C0528,P0472,2026-09-05,4012.16,CANCELLED
3323,C0144,P0309,2026-09-03,1077.31,COMPLETED
3324,C0336,P0437,2026-09-02,4126.55,CANCELLED
3325,C0954,P0432,2026-09-04,3886.63,REFUNDED
3326,C0628,P0367,2026-09-04,2210.77,CANCELLED
3327,C0327,P0337,2026-09-01,1121.57,CANCELLED
3328,C0167,P0240,2026-09-03,702.35,REFUNDED
3329,C0403,P0068,2026-09-03,1151.04,CANCELLED
3330,C0632,P0453,2026-09-02,2972.86,COMPLETED
3331,C0758,P0151,2026-09-02,4471.28,REFUNDED
3332,C0863,P0371,2026-09-03,552.07,COMPLETED
3333,C0307,P0365,2026-09-01,549.18,CANCELLED
3334,C0608,P0200,2026-09-01,3607.08,CANCELLED
3335,C0345,P0492,2026-09-04,2949.33,CANCELLED
3336,C0520,P0214,2026-09-01,4676.07,CANCELLED
3337,C0849,P0427,2026-09-03,2691.65,COMPLETED
3338,C0522,P0482,2026-09-04,3272.04,COMPLETED
3339,C0546,P0345,2026-09-02,3319.64,CANCELLED
3340,C0502,P0335,2026-09-04,4555.64,COMPLETED
3341,C0726,P0377,2026-09-04,1681.24,COMPLETED
3342,C0577,P0185,2026-09-05,1477.17,CANCELLED
3343,C0307,P0408,2026-09-02,4667.29,CANCELLED
3344,C0487,P0242,2026-09-05,1178.49,CANCELLED
3345,C0836,P0410,2026-09-04,130.6,REFUNDED
3346,C0018,P0498,2026-09-03,3514.03,CANCELLED
3347,C0378,P0433,2026-09-01,953.14,CANCELLED
3348,C0340,P0083,2026-09-03,2279.63,REFUNDED
3349,C0690,P0319,2026-09-04,3719.5,CANCELLED
3350,C0113,P0107,2026-09-03,4939.17,CANCELLED
3351,C0427,P0145,2026-09-02,4384.6,REFUNDED
3352,C0598,P0354,2026-09-05,730.48,CANCELLED
3353,C0316,P0384,2026-09-04,1005.89,REFUNDED
3354,C0816,P0045,2026-09-03,2978.31,CANCELLED
3355,C0921,P0342,2026-09-02,2678.72,REFUNDED
3356,C0743,P0248,2026-09-05,4581.33,REFUNDED
3357,C0894,P0067,2026-09-02,4698.28,CANCELLED
3358,C0705,P0089,2026-09-03,1535.85,CANCELLED
3359,C0645,P0103,2026-09-01,4142.22,REFUNDED
3360,C0028,P0081,2026-09-01,4649.26,CANCELLED
3361,C0612,P0311,2026-09-01,850.0,REFUNDED
3362,C0486,P0252,2026-09-03,2018.57,REFUNDED
3363,C0272,P0052,2026-09-05,2332.42,CANCELLED
3364,C0991,P0407,2026-09-04,2544.88,CANCELLED
3365,C0672,P0213,2026-09-03,2483.89,REFUNDED
3366,C0802,P0483,2026-09-02,4243.86,COMPLETED
3367,C0996,P0253,2026-09-03,3883.04,CANCELLED
3368,C0795,P0156,2026-09-04,2655.46,CANCELLED
3369,C0593,P0121,2026-09-05,4549.52,REFUNDED
3370,C0592,P0108,2026-09-01,687.4,REFUNDED
3371,C0234,P0286,2026-09-04,2278.74,COMPLETED
3372,C0739,P0025,2026-09-03,3232.65,CANCELLED
3373,C0053,P0010,2026-09-04,3262.21,CANCELLED
3374,C0598,P0184,2026-09-02,336.15,CANCELLED
3375,C0492,P0452,2026-09-03,3303.46,CANCELLED
3376,C0175,P0134,2026-09-05,4864.03,REFUNDED
3377,C0537,P0183,2026-09-01,1486.11,COMPLETED
3378,C0645,P0347,2026-09-03,1970.27,REFUNDED
3379,C0739,P0082,2026-09-03,294.91,REFUNDED
3380,C0635,P0090,2026-09-05,3502.77,COMPLETED
3381,C0794,P0424,2026-09-05,4937.88,CANCELLED
3382,C0862,P0441,2026-09-01,1039.65,COMPLETED
3383,C0390,P0458,2026-09-05,3630.52,CANCELLED
3384,C0152,P0258,2026-09-01,2898.9,COMPLETED
3385,C0842,P0017,2026-09-02,1881.89,CANCELLED
3386,C0698,P0414,2026-09-04,1564.44,CANCELLED
3387,C0249,P0033,2026-09-01,3750.59,COMPLETED
3388,C0033,P0173,2026-09-01,2896.02,REFUNDED
3389,C0587,P0221,2026-09-02,2705.58,REFUNDED
3390,C0971,P0059,2026-09-02,4355.71,COMPLETED
3391,C0718,P0317,2026-09-01,1391.54,REFUNDED
3392,C0113,P0117,2026-09-05,171.28,REFUNDED
3393,C0196,P0062,2026-09-02,3413.27,CANCELLED
3394,C0020,P0288,2026-09-02,2600.8,REFUNDED
3395,C0452,P0115,2026-09-01,3449.16,REFUNDED
3396,C0322,P0250,2026-09-03,3136.48,REFUNDED
3397,C0429,P0133,2026-09-03,2858.48,REFUNDED
3398,C0156,P0175,2026-09-03,3994.06,CANCELLED
3399,C0423,P0402,2026-09-01,1004.35,CANCELLED
3400,C0708,P0182,2026-09-04,3407.44,COMPLETED
3401,C0209,P0394,2026-09-03,1245.14,REFUNDED
3402,C0421,P0024,2026-09-01,68.35,REFUNDED
3403,C0514,P0395,2026-09-04,3123.43,CANCELLED
3404,C0794,P0450,2026-09-04,4595.73,CANCELLED
3405,C0627,P0286,2026-09-05,813.12,COMPLETED
3406,C0943,P0137,2026-09-01,2005.11,COMPLETED
3407,C0483,P0459,2026-09-05,640.68,CANCELLED
3408,C0894,P0078,2026-09-04,4205.08,CANCELLED
3409,C0869,P0437,2026-09-04,343.8,CANCELLED
3410,C0754,P0354,2026-09-02,4406.28,REFUNDED
3411,C0745,P0448,2026-09-05,2115.05,COMPLETED
3412,C0064,P0264,2026-09-01,1951.75,CANCELLED
3413,C0723,P0310,2026-09-02,705.42,REFUNDED
3414,C0142,P0343,2026-09-04,539.83,COMPLETED
3415,C0532,P0054,2026-09-02,1647.13,CANCELLED
3416,C0213,P0362,2026-09-01,4509.3,COMPLETED
3417,C0575,P0026,2026-09-03,3675.65,REFUNDED
3418,C0333,P0475,2026-09-02,3437.7,COMPLETED
3419,C0679,P0485,2026-09-02,2061.44,COMPLETED
3420,C0490,P0225,2026-09-01,1425.03,REFUNDED
3421,C0539,P0410,2026-09-05,2521.35,REFUNDED
3422,C0386,P0235,2026-09-01,4637.61,CANCELLED
3423,C0322,P0493,2026-09-01,4737.76,CANCELLED
3424,C0980,P0431,2026-09-02,1646.24,REFUNDED
3425,C0178,P0387,2026-09-04,3770.46,COMPLETED
3426,C0471,P0057,2026-09-01,1824.45,COMPLETED
3427,C0935,P0500,2026-09-01,2492.99,REFUNDED
3428,C0546,P0055,2026-09-02,544.39,REFUNDED
3429,C0351,P0401,2026-09-02,4832.01,COMPLETED
3430,C0560,P0313,2026-09-02,1311.09,COMPLETED
3431,C0363,P0313,2026-09-02,2183.22,CANCELLED
3432,C0693,P0401,2026-09-05,78.32,REFUNDED
3433,C0791,P0440,2026-09-03,308.9,CANCELLED
3434,C0889,P0486,2026-09-03,2642.69,CANCELLED
3435,C0739,P0053,2026-09-04,1721.01,REFUNDED
3436,C0698,P0422,2026-09-04,3945.14,REFUNDED
3437,C0659,P0288,2026-09-01,2103.88,COMPLETED
3438,C0823,P0022,2026-09-05,2678.22,REFUNDED
3439,C0710,P0260,2026-09-03,707.32,CANCELLED
3440,C0271,P0054,2026-09-04,3432.3,COMPLETED
3441,C0625,P0086,2026-09-01,1819.2,CANCELLED
3442,C0496,P0323,2026-09-04,2102.88,COMPLETED
3443,C0197,P0061,2026-09-05,1796.86,CANCELLED
3444,C0981,P0446,2026-09-01,1659.23,COMPLETED
3445,C0253,P0106,2026-09-01,811.84,COMPLETED
3446,C0286,P0467,2026-09-02,4464.28,CANCELLED
3447,C0572,P0186,2026-09-05,4314.8,COMPLETED
3448,C0306,P0081,2026-09-01,1337.06,CANCELLED
3449,C0231,P0373,2026-09-02,3860.71,COMPLETED
3450,C0965,P0150,2026-09-02,2964.21,REFUNDED
3451,C0997,P0363,2026-09-05,2387.93,CANCELLED
3452,C0305,P0227,2026-09-04,1515.73,COMPLETED
3453,C0790,P0391,2026-09-01,761.42,COMPLETED
3454,C0296,P0260,2026-09-03,4247.75,REFUNDED
3455,C0722,P0256,2026-09-01,1048.5,CANCELLED
3456,C0213,P0376,2026-09-05,2669.95,COMPLETED
3457,C0707,P0446,2026-09-03,4565.14,CANCELLED
3458,C0722,P0051,2026-09-05,4990.65,COMPLETED
3459,C0501,P0079,2026-09-02,134.09,COMPLETED
3460,C0325,P0332,2026-09-04,3888.88,REFUNDED
3461,C0492,P0187,2026-09-02,4190.66,COMPLETED
3462,C0358,P0172,2026-09-02,4111.88,CANCELLED
3463,C0574,P0420,2026-09-05,4342.95,CANCELLED
3464,C0957,P0071,2026-09-01,3664.44,REFUNDED
3465,C0957,P0063,2026-09-05,2290.54,COMPLETED
3466,C0815,P0435,2026-09-03,4793.74,REFUNDED
3467,C0739,P0104,2026-09-03,2070.64,CANCELLED
3468,C0281,P0225,2026-09-05,275.63,REFUNDED
3469,C0295,P0497,2026-09-03,3129.94,REFUNDED
3470,C0125,P0213,2026-09-05,4058.96,CANCELLED
3471,C0588,P0394,2026-09-04,1375.52,COMPLETED
3472,C0693,P0394,2026-09-02,4585.72,COMPLETED
3473,C0557,P0004,2026-09-02,2587.84,CANCELLED
3474,C0389,P0126,2026-09-05,2085.5,CANCELLED
3475,C0918,P0428,2026-09-03,908.12,CANCELLED
3476,C0405,P0415,2026-09-03,3996.7,CANCELLED
3477,C0839,P0243,2026-09-02,1697.28,REFUNDED
3478,C0354,P0175,2026-09-03,290.13,CANCELLED
3479,C0978,P0147,2026-09-03,3076.74,CANCELLED
3480,C0792,P0259,2026-09-04,2696.64,REFUNDED
3481,C0824,P0088,2026-09-01,200.46,CANCELLED
3482,C0150,P0044,2026-09-03,3063.13,CANCELLED
3483,C0298,P0137,2026-09-04,4369.62,REFUNDED
3484,C0044,P0191,2026-09-01,3746.2,COMPLETED
3485,C0295,P0367,2026-09-04,1102.33,COMPLETED
3486,C0979,P0387,2026-09-05,3356.47,COMPLETED
3487,C0732,P0213,2026-09-05,109.97,COMPLETED
3488,C0081,P0185,2026-09-04,3862.28,CANCELLED
3489,C0355,P0323,2026-09-02,3207.95,COMPLETED
3490,C0947,P0341,2026-09-02,4127.18,REFUNDED
3491,C0453,P0126,2026-09-01,2404.37,REFUNDED
3492,C0672,P0078,2026-09-01,2449.72,CANCELLED
3493,C0263,P0386,2026-09-04,4230.94,CANCELLED
3494,C0766,P0386,2026-09-01,4115.28,COMPLETED
3495,C0491,P0272,2026-09-02,2900.49,CANCELLED
3496,C0220,P0216,2026-09-02,2460.54,REFUNDED
3497,C0207,P0404,2026-09-05,4211.46,COMPLETED
3498,C0848,P0117,2026-09-03,1716.35,COMPLETED
3499,C0552,P0071,2026-09-02,806.64,REFUNDED
3500,C0278,P0411,2026-09-05,1380.19,REFUNDED
3501,C0956,P0220,2026-09-03,1088.24,CANCELLED
3502,C0576,P0212,2026-09-03,1976.74,COMPLETED
3503,C0713,P0471,2026-09-04,1387.99,COMPLETED
3504,C0279,P0210,2026-09-01,115.25,COMPLETED
3505,C0141,P0460,2026-09-02,1622.98,COMPLETED
3506,C0112,P0235,2026-09-05,259.07,COMPLETED
3507,C0631,P0488,2026-09-03,1062.99,REFUNDED
3508,C0759,P0437,2026-09-02,3779.88,CANCELLED
3509,C0601,P0265,2026-09-05,1919.32,CANCELLED
3510,C0246,P0407,2026-09-01,3471.94,COMPLETED
3511,C0249,P0350,2026-09-03,1530.82,CANCELLED
3512,C0052,P0186,2026-09-01,2571.73,REFUNDED
3513,C0686,P0484,2026-09-02,4919.17,COMPLETED
3514,C0927,P0016,2026-09-02,2886.53,REFUNDED
3515,C0544,P0227,2026-09-03,2516.41,REFUNDED
3516,C0232,P0075,2026-09-02,3213.83,CANCELLED
3517,C0654,P0395,2026-09-04,1152.72,COMPLETED
3518,C0239,P0006,2026-09-04,1293.51,CANCELLED
3519,C0054,P0368,2026-09-03,143.25,CANCELLED
3520,C0103,P0413,2026-09-04,1717.07,REFUNDED
3521,C0424,P0265,2026-09-04,4150.52,CANCELLED
3522,C0339,P0484,2026-09-05,3818.28,REFUNDED
3523,C0735,P0036,2026-09-02,273.53,CANCELLED
3524,C0484,P0044,2026-09-04,3306.41,CANCELLED
3525,C0103,P0174,2026-09-04,2189.37,REFUNDED
3526,C0698,P0162,2026-09-05,884.5,REFUNDED
3527,C0790,P0206,2026-09-05,3104.11,CANCELLED
3528,C0141,P0396,2026-09-03,1387.81,COMPLETED
3529,C0006,P0085,2026-09-02,3270.83,REFUNDED
3530,C0988,P0223,2026-09-01,4053.27,COMPLETED
3531,C0564,P0032,2026-09-05,269.26,COMPLETED
3532,C0952,P0202,2026-09-01,1204.68,COMPLETED
3533,C0162,P0389,2026-09-01,495.62,CANCELLED
3534,C0417,P0019,2026-09-01,4561.17,COMPLETED
3535,C0669,P0339,2026-09-05,3022.3,CANCELLED
3536,C0958,P0473,2026-09-01,3825.4,CANCELLED
3537,C0902,P0329,2026-09-01,1694.01,COMPLETED
3538,C0900,P0078,2026-09-03,1437.82,CANCELLED
3539,C0488,P0463,2026-09-01,4215.58,CANCELLED
3540,C0489,P0295,2026-09-03,136.93,REFUNDED
3541,C0667,P0030,2026-09-04,996.49,CANCELLED
3542,C0205,P0324,2026-09-04,1595.29,CANCELLED
3543,C0775,P0366,2026-09-05,252.3,REFUNDED
3544,C0988,P0410,2026-09-02,527.03,CANCELLED
3545,C0295,P0339,2026-09-01,3733.3,REFUNDED
3546,C0329,P0449,2026-09-01,3341.69,REFUNDED
3547,C0293,P0267,2026-09-03,2382.27,COMPLETED
3548,C0662,P0499,2026-09-02,2686.32,CANCELLED
3549,C0061,P0152,2026-09-02,2328.37,COMPLETED
3550,C0930,P0215,2026-09-04,3067.83,CANCELLED
3551,C0788,P0206,2026-09-03,4780.55,REFUNDED
3552,C0092,P0454,2026-09-01,612.71,REFUNDED
3553,C0668,P0349,2026-09-03,1578.37,REFUNDED
3554,C0588,P0359,2026-09-04,2591.75,COMPLETED
3555,C0238,P0284,2026-09-01,2155.54,CANCELLED
3556,C0548,P0448,2026-09-03,1373.16,COMPLETED
3557,C0757,P0156,2026-09-01,4549.81,COMPLETED
3558,C0741,P0370,2026-09-01,2637.27,CANCELLED
3559,C0871,P0381,2026-09-03,836.89,COMPLETED
3560,C0960,P0161,2026-09-02,68.28,REFUNDED
3561,C0039,P0466,2026-09-03,2633.81,CANCELLED
3562,C0936,P0177,2026-09-04,3633.35,REFUNDED
3563,C0944,P0005,2026-09-02,4203.54,CANCELLED
3564,C0180,P0424,2026-09-01,1634.0,CANCELLED
3565,C0428,P0144,2026-09-01,3224.87,CANCELLED
3566,C0904,P0461,2026-09-04,4375.27,CANCELLED
3567,C0858,P0271,2026-09-02,3496.84,COMPLETED
3568,C0181,P0313,2026-09-01,4039.61,CANCELLED
3569,C0957,P0472,2026-09-01,1418.45,COMPLETED
3570,C0942,P0076,2026-09-01,2874.23,REFUNDED
3571,C0038,P0359,2026-09-02,837.91,REFUNDED
3572,C0857,P0207,2026-09-04,3251.18,REFUNDED
3573,C0407,P0229,2026-09-05,1137.93,REFUNDED
3574,C0807,P0330,2026-09-05,4856.82,COMPLETED
3575,C0508,P0106,2026-09-03,2175.35,COMPLETED
3576,C0191,P0455,2026-09-03,3697.3,REFUNDED
3577,C0960,P0279,2026-09-01,1834.94,COMPLETED
3578,C0767,P0320,2026-09-05,2765.75,COMPLETED
3579,C0986,P0404,2026-09-04,3596.34,REFUNDED
3580,C0894,P0317,2026-09-01,3795.88,CANCELLED
3581,C0949,P0334,2026-09-02,870.44,COMPLETED
3582,C0297,P0227,2026-09-02,2128.95,COMPLETED
3583,C0898,P0358,2026-09-01,2428.8,REFUNDED
3584,C0039,P0177,2026-09-04,4644.05,COMPLETED
3585,C0010,P0455,2026-09-04,1088.45,COMPLETED
3586,C0306,P0416,2026-09-01,4254.07,COMPLETED
3587,C0582,P0401,2026-09-01,2245.09,CANCELLED
3588,C0618,P0333,2026-09-04,3513.98,CANCELLED
3589,C0110,P0208,2026-09-04,1950.55,CANCELLED
3590,C0951,P0398,2026-09-04,949.88,CANCELLED
3591,C0344,P0102,2026-09-04,2972.26,REFUNDED
3592,C0292,P0452,2026-09-02,3303.16,REFUNDED
3593,C0466,P0155,2026-09-01,3229.1,REFUNDED
3594,C0657,P0044,2026-09-05,3422.84,REFUNDED
3595,C0557,P0019,2026-09-01,1889.08,CANCELLED
3596,C0537,P0276,2026-09-01,4909.54,REFUNDED
3597,C0506,P0172,2026-09-03,2671.67,COMPLETED
3598,C0911,P0200,2026-09-03,4472.94,REFUNDED
3599,C0962,P0372,2026-09-04,3833.56,REFUNDED
3600,C0138,P0369,2026-09-02,2370.26,COMPLETED
3601,C0872,P0379,2026-09-03,2528.23,COMPLETED
3602,C0517,P0451,2026-09-01,1509.76,CANCELLED
3603,C0480,P0065,2026-09-03,776.07,CANCELLED
3604,C0280,P0267,2026-09-02,1938.35,REFUNDED
3605,C0198,P0277,2026-09-02,1840.98,CANCELLED
3606,C0829,P0146,2026-09-04,1732.43,COMPLETED
3607,C0116,P0110,2026-09-01,1596.43,CANCELLED
3608,C0339,P0048,2026-09-01,3133.14,REFUNDED
3609,C0167,P0262,2026-09-05,2988.91,REFUNDED
3610,C0749,P0283,2026-09-04,165.85,COMPLETED
3611,C0470,P0160,2026-09-05,2131.02,CANCELLED
3612,C0664,P0267,2026-09-04,806.17,REFUNDED
3613,C0264,P0175,2026-09-02,710.91,COMPLETED
3614,C0736,P0388,2026-09-01,3638.42,COMPLETED
3615,C0191,P0326,2026-09-03,1139.31,REFUNDED
3616,C0015,P0082,2026-09-03,2395.1,CANCELLED
3617,C0755,P0012,2026-09-01,2279.03,REFUNDED
3618,C0346,P0015,2026-09-05,2537.81,CANCELLED
3619,C0810,P0456,2026-09-03,2917.39,COMPLETED
3620,C0303,P0408,2026-09-04,4904.45,COMPLETED
3621,C0582,P0277,2026-09-04,4425.32,CANCELLED
3622,C0691,P0304,2026-09-05,1178.6,CANCELLED
3623,C0776,P0133,2026-09-02,3412.58,COMPLETED
3624,C0198,P0124,2026-09-03,2887.38,CANCELLED
3625,C0180,P0427,2026-09-03,227.76,COMPLETED
3626,C0626,P0397,2026-09-05,4072.13,CANCELLED
3627,C0877,P0156,2026-09-05,3826.41,REFUNDED
3628,C0655,P0372,2026-09-02,2170.65,COMPLETED
3629,C0919,P0217,2026-09-03,4128.41,REFUNDED
3630,C0416,P0259,2026-09-03,4370.96,REFUNDED
3631,C0847,P0057,2026-09-04,3586.61,REFUNDED
3632,C0438,P0375,2026-09-02,3157.05,CANCELLED
3633,C0528,P0031,2026-09-05,2267.7,CANCELLED
3634,C0336,P0431,2026-09-04,3371.94,REFUNDED
3635,C0089,P0191,2026-09-03,2783.34,REFUNDED
3636,C0411,P0133,2026-09-04,4059.1,CANCELLED
3637,C0686,P0322,2026-09-03,4922.93,REFUNDED
3638,C0098,P0260,2026-09-03,2925.58,COMPLETED
3639,C0190,P0182,2026-09-02,3531.17,COMPLETED
3640,C0144,P0064,2026-09-04,399.48,COMPLETED
3641,C0489,P0025,2026-09-05,3965.76,CANCELLED
3642,C0332,P0388,2026-09-04,2132.56,REFUNDED
3643,C0959,P0334,2026-09-03,1604.1,CANCELLED
3644,C0255,P0482,2026-09-04,1052.5,CANCELLED
3645,C0007,P0064,2026-09-01,2647.92,COMPLETED
3646,C0268,P0230,2026-09-05,4944.72,CANCELLED
3647,C0393,P0153,2026-09-03,4398.71,CANCELLED
3648,C0242,P0294,2026-09-02,2746.0,REFUNDED
3649,C0458,P0378,2026-09-03,3140.36,CANCELLED
3650,C0772,P0003,2026-09-03,246.97,REFUNDED
3651,C0274,P0233,2026-09-04,2289.54,REFUNDED
3652,C0977,P0174,2026-09-04,1090.15,COMPLETED
3653,C0338,P0121,2026-09-05,2595.23,CANCELLED
3654,C0310,P0413,2026-09-02,1796.07,CANCELLED
3655,C0597,P0382,2026-09-01,370.77,REFUNDED
3656,C0741,P0298,2026-09-03,2495.86,COMPLETED
3657,C0587,P0290,2026-09-05,337.49,CANCELLED
3658,C0012,P0366,2026-09-02,2926.1,COMPLETED
3659,C0268,P0458,2026-09-05,1879.49,REFUNDED
3660,C0670,P0481,2026-09-03,4938.45,COMPLETED
3661,C0369,P0322,2026-09-05,3822.42,REFUNDED
3662,C0710,P0341,2026-09-02,3154.58,COMPLETED
3663,C0242,P0274,2026-09-05,879.86,COMPLETED
3664,C0064,P0433,2026-09-02,4142.53,COMPLETED
3665,C0684,P0305,2026-09-02,1089.98,CANCELLED
3666,C0122,P0120,2026-09-04,1354.69,REFUNDED
3667,C0477,P0180,2026-09-01,2583.05,REFUNDED
3668,C0315,P0154,2026-09-04,2084.57,COMPLETED
3669,C0164,P0146,2026-09-01,2649.36,REFUNDED
3670,C0416,P0342,2026-09-05,4313.16,CANCELLED
3671,C0703,P0402,2026-09-05,4799.45,CANCELLED
3672,C0515,P0418,2026-09-01,3441.98,COMPLETED
3673,C0946,P0367,2026-09-05,2023.04,REFUNDED
3674,C0917,P0294,2026-09-01,797.14,COMPLETED
3675,C0910,P0345,2026-09-05,2988.71,CANCELLED
3676,C0721,P0072,2026-09-01,3422.23,CANCELLED
3677,C0789,P0366,2026-09-03,943.01,REFUNDED
3678,C0319,P0194,2026-09-05,4681.49,REFUNDED
3679,C0707,P0267,2026-09-02,3942.44,CANCELLED
3680,C0121,P0378,2026-09-02,3033.0,REFUNDED
3681,C0655,P0127,2026-09-03,3178.57,REFUNDED
3682,C0939,P0054,2026-09-04,1702.01,REFUNDED
3683,C0964,P0168,2026-09-01,486.67,CANCELLED
3684,C0303,P0265,2026-09-03,4398.55,CANCELLED
3685,C0377,P0299,2026-09-03,2756.77,CANCELLED
3686,C0630,P0099,2026-09-05,815.7,COMPLETED
3687,C0227,P0422,2026-09-04,2857.01,REFUNDED
3688,C0225,P0399,2026-09-05,3956.1,REFUNDED
3689,C0981,P0185,2026-09-04,2638.82,REFUNDED
3690,C0137,P0233,2026-09-02,1965.48,REFUNDED
3691,C0490,P0051,2026-09-05,3295.53,CANCELLED
3692,C0157,P0076,2026-09-03,3823.97,REFUNDED
3693,C0466,P0365,2026-09-04,2578.18,REFUNDED
3694,C0766,P0218,2026-09-01,712.38,COMPLETED
3695,C0621,P0425,2026-09-02,4051.69,COMPLETED
3696,C0383,P0211,2026-09-04,3261.84,COMPLETED
3697,C0426,P0042,2026-09-02,2467.85,COMPLETED
3698,C0719,P0048,2026-09-02,4581.27,REFUNDED
3699,C0563,P0032,2026-09-01,1970.72,COMPLETED
3700,C0935,P0218,2026-09-05,3814.1,CANCELLED
3701,C0483,P0455,2026-09-01,4830.33,REFUNDED
3702,C0776,P0067,2026-09-04,231.41,CANCELLED
3703,C0551,P0244,2026-09-02,636.19,CANCELLED
3704,C0822,P0110,2026-09-01,2300.67,COMPLETED
3705,C0681,P0229,2026-09-03,703.18,REFUNDED
3706,C0846,P0040,2026-09-02,2431.19,CANCELLED
3707,C0224,P0190,2026-09-04,776.34,COMPLETED
3708,C0781,P0347,2026-09-03,2796.44,CANCELLED
3709,C0254,P0270,2026-09-02,1968.73,REFUNDED
3710,C0697,P0207,2026-09-05,3053.14,REFUNDED
3711,C0773,P0302,2026-09-01,1193.29,COMPLETED
3712,C0611,P0287,2026-09-02,1410.76,COMPLETED
3713,C0895,P0266,2026-09-01,3546.88,REFUNDED
3714,C0807,P0399,2026-09-01,3330.63,CANCELLED
3715,C0084,P0203,2026-09-01,4255.21,COMPLETED
3716,C0539,P0447,2026-09-03,3323.7,COMPLETED
3717,C0458,P0136,2026-09-01,3056.99,REFUNDED
3718,C0541,P0300,2026-09-02,2297.9,COMPLETED
3719,C0721,P0256,2026-09-02,278.79,COMPLETED
3720,C0371,P0326,2026-09-01,3583.55,REFUNDED
3721,C0080,P0217,2026-09-01,268.98,REFUNDED
3722,C0940,P0226,2026-09-03,2479.61,REFUNDED
3723,C0578,P0353,2026-09-04,2328.2,REFUNDED
3724,C0115,P0477,2026-09-01,3090.21,CANCELLED
3725,C0064,P0486,2026-09-04,4318.15,CANCELLED
3726,C0849,P0251,2026-09-03,3925.56,COMPLETED
3727,C0561,P0375,2026-09-04,4331.9,COMPLETED
3728,C0925,P0499,2026-09-01,4982.89,COMPLETED
3729,C0518,P0214,2026-09-05,995.49,REFUNDED
3730,C0208,P0422,2026-09-03,1803.85,COMPLETED
3731,C0587,P0084,2026-09-03,2258.15,COMPLETED
3732,C0550,P0074,2026-09-04,4011.81,CANCELLED
3733,C0154,P0259,2026-09-03,2239.18,CANCELLED
3734,C0169,P0066,2026-09-02,3711.69,CANCELLED
3735,C0336,P0249,2026-09-03,3841.41,CANCELLED
3736,C0875,P0365,2026-09-04,4207.33,COMPLETED
3737,C0533,P0235,2026-09-05,3308.09,COMPLETED
3738,C0453,P0067,2026-09-05,4405.27,COMPLETED
3739,C0120,P0496,2026-09-04,545.74,CANCELLED
3740,C0697,P0361,2026-09-05,1679.88,REFUNDED
3741,C0211,P0263,2026-09-05,3179.02,REFUNDED
3742,C0735,P0442,2026-09-01,3422.66,REFUNDED
3743,C0598,P0271,2026-09-04,3849.78,COMPLETED
3744,C0501,P0061,2026-09-01,2227.89,CANCELLED
3745,C0094,P0356,2026-09-04,4530.09,CANCELLED
3746,C0921,P0109,2026-09-03,1819.51,COMPLETED
3747,C0523,P0234,2026-09-03,3236.35,COMPLETED
3748,C0457,P0243,2026-09-01,2647.75,REFUNDED
3749,C0829,P0017,2026-09-03,3108.44,CANCELLED
3750,C0057,P0383,2026-09-04,3393.73,COMPLETED
3751,C0465,P0081,2026-09-04,3708.8,COMPLETED
3752,C0136,P0484,2026-09-05,2607.06,COMPLETED
3753,C0526,P0287,2026-09-01,3569.0,COMPLETED
3754,C0426,P0190,2026-09-04,1436.78,COMPLETED
3755,C0468,P0472,2026-09-05,271.33,REFUNDED
3756,C0578,P0488,2026-09-05,1869.84,REFUNDED
3757,C0060,P0061,2026-09-03,2570.05,CANCELLED
3758,C0573,P0309,2026-09-04,1085.72,COMPLETED
3759,C0474,P0437,2026-09-01,4860.7,COMPLETED
3760,C0689,P0210,2026-09-04,1591.25,REFUNDED
3761,C0827,P0057,2026-09-01,1577.42,CANCELLED
3762,C0316,P0062,2026-09-04,2442.82,COMPLETED
3763,C0741,P0190,2026-09-01,304.46,COMPLETED
3764,C0023,P0293,2026-09-04,4602.74,CANCELLED
3765,C0406,P0149,2026-09-03,556.89,COMPLETED
3766,C0261,P0021,2026-09-05,804.3,COMPLETED
3767,C0837,P0268,2026-09-01,1172.77,COMPLETED
3768,C0004,P0079,2026-09-01,3258.47,REFUNDED
3769,C0764,P0061,2026-09-02,1647.39,REFUNDED
3770,C0224,P0191,2026-09-01,293.64,COMPLETED
3771,C0593,P0157,2026-09-04,2032.95,REFUNDED
3772,C0075,P0192,2026-09-04,4952.88,COMPLETED
3773,C0047,P0156,2026-09-03,613.46,REFUNDED
3774,C0434,P0151,2026-09-02,3157.54,CANCELLED
3775,C0353,P0249,2026-09-05,1998.04,REFUNDED
3776,C0718,P0015,2026-09-04,4675.25,COMPLETED
3777,C0066,P0406,2026-09-01,2692.38,COMPLETED
3778,C0555,P0074,2026-09-03,419.51,CANCELLED
3779,C0062,P0073,2026-09-03,235.5,REFUNDED
3780,C0958,P0402,2026-09-05,3212.41,COMPLETED
3781,C0916,P0302,2026-09-04,4397.79,REFUNDED
3782,C0071,P0216,2026-09-02,2279.15,COMPLETED
3783,C0957,P0025,2026-09-05,2259.72,REFUNDED
3784,C0484,P0480,2026-09-04,314.51,COMPLETED
3785,C0033,P0458,2026-09-01,4418.28,COMPLETED
3786,C0294,P0157,2026-09-01,1199.0,CANCELLED
3787,C0419,P0456,2026-09-02,4868.94,CANCELLED
3788,C0185,P0146,2026-09-05,4031.27,REFUNDED
3789,C0788,P0111,2026-09-01,3156.44,CANCELLED
3790,C0139,P0094,2026-09-05,1817.94,REFUNDED
3791,C0785,P0420,2026-09-04,2586.27,CANCELLED
3792,C0657,P0379,2026-09-01,1353.85,COMPLETED
3793,C0747,P0251,2026-09-05,4882.82,REFUNDED
3794,C0662,P0002,2026-09-02,2893.8,CANCELLED
3795,C0987,P0063,2026-09-04,1502.55,CANCELLED
3796,C0431,P0281,2026-09-03,4579.15,CANCELLED
3797,C0384,P0179,2026-09-05,4948.9,REFUNDED
3798,C0913,P0035,2026-09-04,4106.04,CANCELLED
3799,C0392,P0446,2026-09-05,2145.13,COMPLETED
3800,C0460,P0023,2026-09-01,4288.31,REFUNDED
3801,C0891,P0214,2026-09-03,4771.21,REFUNDED
3802,C0940,P0247,2026-09-05,4081.3,REFUNDED
3803,C0929,P0294,2026-09-01,378.65,COMPLETED
3804,C0387,P0159,2026-09-05,1128.75,CANCELLED
3805,C0385,P0290,2026-09-04,716.83,REFUNDED
3806,C0083,P0232,2026-09-02,1630.53,CANCELLED
3807,C0700,P0461,2026-09-04,1132.22,REFUNDED
3808,C0988,P0173,2026-09-03,2518.12,REFUNDED
3809,C0678,P0401,2026-09-02,3326.43,CANCELLED
3810,C0896,P0194,2026-09-01,4349.59,COMPLETED
3811,C0553,P0244,2026-09-03,1807.58,REFUNDED
3812,C0137,P0428,2026-09-05,4727.27,COMPLETED
3813,C0670,P0369,2026-09-03,1861.95,CANCELLED
3814,C0881,P0427,2026-09-04,3546.77,COMPLETED
3815,C0357,P0311,2026-09-01,842.83,REFUNDED
3816,C0122,P0068,2026-09-02,4554.56,COMPLETED
3817,C0183,P0391,2026-09-01,3363.33,CANCELLED
3818,C0551,P0071,2026-09-02,3329.6,COMPLETED
3819,C0403,P0259,2026-09-04,1205.93,REFUNDED
3820,C0542,P0326,2026-09-04,2569.77,COMPLETED
3821,C0131,P0236,2026-09-02,4810.57,REFUNDED
3822,C0746,P0390,2026-09-01,3881.41,COMPLETED
3823,C0229,P0231,2026-09-04,1081.47,CANCELLED
3824,C0855,P0342,2026-09-02,236.84,CANCELLED
3825,C0004,P0230,2026-09-04,2846.43,COMPLETED
3826,C0775,P0077,2026-09-01,489.2,REFUNDED
3827,C0024,P0444,2026-09-03,2818.09,CANCELLED
3828,C0306,P0373,2026-09-02,4612.74,COMPLETED
3829,C0475,P0167,2026-09-02,3326.35,REFUNDED
3830,C0690,P0046,2026-09-03,3230.54,CANCELLED
3831,C0737,P0410,2026-09-05,4979.85,COMPLETED
3832,C0558,P0320,2026-09-04,1172.5,CANCELLED
3833,C0435,P0341,2026-09-02,916.5,CANCELLED
3834,C0545,P0320,2026-09-04,497.83,REFUNDED
3835,C0389,P0210,2026-09-01,4279.96,CANCELLED
3836,C0844,P0199,2026-09-01,3695.12,REFUNDED
3837,C0236,P0120,2026-09-02,391.41,CANCELLED
3838,C0254,P0461,2026-09-02,1767.45,REFUNDED
3839,C0472,P0203,2026-09-02,3707.39,REFUNDED
3840,C0355,P0174,2026-09-05,2710.84,REFUNDED
3841,C0159,P0277,2026-09-05,2936.24,REFUNDED
3842,C0283,P0024,2026-09-01,3995.63,COMPLETED
3843,C0194,P0491,2026-09-04,168.63,CANCELLED
3844,C0960,P0344,2026-09-04,2359.49,CANCELLED
3845,C0897,P0456,2026-09-03,1076.15,REFUNDED
3846,C0743,P0227,2026-09-04,1493.6,COMPLETED
3847,C0784,P0377,2026-09-01,1952.29,COMPLETED
3848,C0116,P0143,2026-09-05,2381.17,COMPLETED
3849,C0033,P0331,2026-09-03,1310.31,REFUNDED
3850,C0829,P0046,2026-09-05,924.6,COMPLETED
3851,C0677,P0444,2026-09-01,655.54,REFUNDED
3852,C0430,P0085,2026-09-04,3727.9,CANCELLED
3853,C0630,P0363,2026-09-04,2882.89,REFUNDED
3854,C0785,P0013,2026-09-01,2746.61,REFUNDED
3855,C0959,P0293,2026-09-03,3268.99,REFUNDED
3856,C0905,P0323,2026-09-04,4611.81,CANCELLED
3857,C0911,P0408,2026-09-05,2460.93,CANCELLED
3858,C0017,P0396,2026-09-04,3716.58,CANCELLED
3859,C0247,P0363,2026-09-01,4620.58,REFUNDED
3860,C0212,P0159,2026-09-01,3068.31,REFUNDED
3861,C0069,P0288,2026-09-01,2152.24,CANCELLED
3862,C0104,P0331,2026-09-03,2237.67,CANCELLED
3863,C0609,P0064,2026-09-03,1716.52,COMPLETED
3864,C0035,P0330,2026-09-04,4744.11,REFUNDED
3865,C0458,P0287,2026-09-04,4492.92,CANCELLED
3866,C0613,P0044,2026-09-05,430.77,COMPLETED
3867,C0689,P0099,2026-09-02,3338.8,REFUNDED
3868,C0721,P0490,2026-09-02,2052.22,CANCELLED
3869,C0894,P0317,2026-09-01,2781.47,REFUNDED
3870,C0050,P0278,2026-09-01,3245.38,REFUNDED
3871,C0251,P0296,2026-09-02,4716.82,CANCELLED
3872,C0759,P0388,2026-09-01,4461.64,REFUNDED
3873,C0046,P0028,2026-09-05,539.47,REFUNDED
3874,C0412,P0491,2026-09-02,3949.29,COMPLETED
3875,C0450,P0292,2026-09-02,1534.27,REFUNDED
3876,C0240,P0268,2026-09-04,1403.61,CANCELLED
3877,C0553,P0097,2026-09-05,2423.59,REFUNDED
3878,C0223,P0385,2026-09-03,3510.3,COMPLETED
3879,C0773,P0244,2026-09-05,339.94,REFUNDED
3880,C0885,P0258,2026-09-03,2974.45,REFUNDED
3881,C0795,P0460,2026-09-04,4095.63,COMPLETED
3882,C0058,P0010,2026-09-01,1056.81,REFUNDED
3883,C0144,P0062,2026-09-02,2459.92,CANCELLED
3884,C0516,P0338,2026-09-05,2276.26,CANCELLED
3885,C0297,P0480,2026-09-04,177.86,CANCELLED
3886,C0240,P0273,2026-09-01,4981.31,REFUNDED
3887,C0836,P0093,2026-09-05,2977.88,CANCELLED
3888,C0939,P0493,2026-09-01,3608.88,COMPLETED
3889,C0750,P0010,2026-09-02,670.61,COMPLETED
3890,C0590,P0141,2026-09-02,2055.09,CANCELLED
3891,C0327,P0403,2026-09-02,3338.97,COMPLETED
3892,C0592,P0106,2026-09-03,4984.76,CANCELLED
3893,C0613,P0126,2026-09-02,4856.91,CANCELLED
3894,C0792,P0425,2026-09-04,3864.72,REFUNDED
3895,C0689,P0362,2026-09-01,191.93,CANCELLED
3896,C0839,P0430,2026-09-03,800.24,CANCELLED
3897,C0329,P0455,2026-09-01,4810.63,CANCELLED
3898,C0243,P0297,2026-09-05,3190.35,REFUNDED
3899,C0310,P0228,2026-09-01,4847.76,REFUNDED
3900,C0898,P0044,2026-09-01,3758.05,COMPLETED
3901,C0147,P0414,2026-09-05,2896.93,CANCELLED
3902,C0677,P0274,2026-09-03,3246.76,CANCELLED
3903,C0534,P0311,2026-09-05,1953.13,REFUNDED
3904,C0227,P0165,2026-09-05,4104.89,REFUNDED
3905,C0424,P0206,2026-09-01,627.05,COMPLETED
3906,C0308,P0302,2026-09-03,4458.92,COMPLETED
3907,C0282,P0024,2026-09-02,2107.3,REFUNDED
3908,C0063,P0252,2026-09-03,2289.48,REFUNDED
3909,C0571,P0442,2026-09-02,659.42,COMPLETED
3910,C0972,P0479,2026-09-04,3743.96,REFUNDED
3911,C0606,P0012,2026-09-02,4950.24,COMPLETED
3912,C0901,P0175,2026-09-02,2098.62,CANCELLED
3913,C0753,P0224,2026-09-04,4765.11,CANCELLED
3914,C0934,P0093,2026-09-04,57.4,CANCELLED
3915,C0180,P0213,2026-09-04,4987.04,CANCELLED
3916,C0642,P0013,2026-09-02,3745.7,CANCELLED
3917,C0696,P0441,2026-09-01,4580.59,CANCELLED
3918,C0438,P0271,2026-09-02,1425.53,REFUNDED
3919,C0570,P0163,2026-09-04,4065.97,CANCELLED
3920,C0508,P0196,2026-09-05,4612.51,CANCELLED
3921,C0049,P0132,2026-09-05,715.42,CANCELLED
3922,C0996,P0047,2026-09-01,4252.7,CANCELLED
3923,C0353,P0059,2026-09-02,683.63,REFUNDED
3924,C0965,P0051,2026-09-02,3416.24,COMPLETED
3925,C0659,P0278,2026-09-05,4895.3,CANCELLED
3926,C0688,P0087,2026-09-02,1379.89,CANCELLED
3927,C0391,P0147,2026-09-01,2962.5,REFUNDED
3928,C0805,P0074,2026-09-04,246.11,COMPLETED
3929,C0538,P0094,2026-09-05,4503.24,COMPLETED
3930,C0327,P0131,2026-09-01,1083.35,COMPLETED
3931,C0714,P0394,2026-09-05,2216.7,REFUNDED
3932,C0427,P0046,2026-09-02,2145.71,CANCELLED
3933,C0419,P0079,2026-09-02,1142.5,COMPLETED
3934,C0153,P0158,2026-09-04,2133.83,CANCELLED
3935,C0308,P0488,2026-09-03,1822.51,REFUNDED
3936,C0386,P0209,2026-09-02,3714.83,REFUNDED
3937,C0189,P0348,2026-09-03,514.25,COMPLETED
3938,C0773,P0087,2026-09-04,4328.01,CANCELLED
3939,C0551,P0031,2026-09-01,3090.63,REFUNDED
3940,C0485,P0315,2026-09-04,1670.62,CANCELLED
3941,C0247,P0493,2026-09-01,3196.54,REFUNDED
3942,C0870,P0167,2026-09-03,1416.59,COMPLETED
3943,C0231,P0093,2026-09-04,2047.85,COMPLETED
3944,C0308,P0014,2026-09-01,1408.02,CANCELLED
3945,C0879,P0366,2026-09-02,183.16,COMPLETED
3946,C0725,P0030,2026-09-03,862.81,REFUNDED
3947,C0148,P0153,2026-09-04,1264.3,CANCELLED
3948,C0826,P0200,2026-09-04,4298.82,CANCELLED
3949,C0475,P0051,2026-09-05,360.2,CANCELLED
3950,C0937,P0164,2026-09-02,1555.02,REFUNDED
3951,C0060,P0073,2026-09-02,2007.49,CANCELLED
3952,C0576,P0212,2026-09-04,1834.46,REFUNDED
3953,C0423,P0458,2026-09-05,4414.33,CANCELLED
3954,C0992,P0166,2026-09-05,743.56,REFUNDED
3955,C0427,P0133,2026-09-04,4054.57,REFUNDED
3956,C0571,P0193,2026-09-02,4077.1,REFUNDED
3957,C0543,P0483,2026-09-02,594.72,CANCELLED
3958,C0138,P0424,2026-09-05,1949.46,CANCELLED
3959,C0398,P0461,2026-09-05,2473.6,CANCELLED
3960,C0249,P0062,2026-09-03,684.79,REFUNDED
3961,C0262,P0027,2026-09-04,1130.02,COMPLETED
3962,C0209,P0104,2026-09-01,2859.68,CANCELLED
3963,C0339,P0123,2026-09-04,3922.36,CANCELLED
3964,C0663,P0386,2026-09-05,1815.69,COMPLETED
3965,C0081,P0306,2026-09-01,4527.75,COMPLETED
3966,C0945,P0301,2026-09-04,1937.89,REFUNDED
3967,C0461,P0122,2026-09-01,3081.09,REFUNDED
3968,C0868,P0253,2026-09-05,1707.53,CANCELLED
3969,C0380,P0261,2026-09-01,2934.11,CANCELLED
3970,C0095,P0386,2026-09-02,831.86,REFUNDED
3971,C0549,P0259,2026-09-01,954.4,CANCELLED
3972,C0742,P0198,2026-09-03,3442.28,COMPLETED
3973,C0850,P0487,2026-09-03,1909.36,COMPLETED
3974,C0196,P0059,2026-09-04,4409.95,CANCELLED
3975,C0053,P0138,2026-09-03,4068.87,CANCELLED
3976,C0275,P0032,2026-09-04,1528.22,REFUNDED
3977,C0387,P0163,2026-09-03,272.66,COMPLETED
3978,C0690,P0238,2026-09-03,1120.84,CANCELLED
3979,C0620,P0284,2026-09-05,4298.66,COMPLETED
3980,C0618,P0209,2026-09-05,3974.42,COMPLETED
3981,C0041,P0034,2026-09-03,4081.05,CANCELLED
3982,C0895,P0248,2026-09-03,1650.71,CANCELLED
3983,C0075,P0015,2026-09-04,4865.37,CANCELLED
3984,C0193,P0209,2026-09-05,3727.61,CANCELLED
3985,C0824,P0325,2026-09-04,1705.89,REFUNDED
3986,C0780,P0120,2026-09-04,364.55,REFUNDED
3987,C0602,P0468,2026-09-05,3623.93,COMPLETED
3988,C0742,P0454,2026-09-05,1081.02,CANCELLED
3989,C0688,P0010,2026-09-05,4687.12,CANCELLED
3990,C0573,P0138,2026-09-05,4844.29,COMPLETED
3991,C0223,P0284,2026-09-05,3908.46,COMPLETED
3992,C0491,P0494,2026-09-02,4630.53,COMPLETED
3993,C0214,P0301,2026-09-04,1316.3,CANCELLED
3994,C0891,P0346,2026-09-03,2769.17,COMPLETED
3995,C0929,P0052,2026-09-01,2431.5,REFUNDED
3996,C0341,P0127,2026-09-04,943.81,CANCELLED
3997,C0311,P0391,2026-09-03,4557.49,CANCELLED
3998,C0980,P0285,2026-09-05,1182.03,CANCELLED
3999,C0931,P0334,2026-09-05,53.93,COMPLETED
4000,C0016,P0403,2026-09-05,2370.67,COMPLETED
4001,C0217,P0065,2026-09-01,1243.94,CANCELLED
4002,C0960,P0156,2026-09-03,1205.45,CANCELLED
4003,C0195,P0291,2026-09-03,1300.82,COMPLETED
4004,C0986,P0209,2026-09-03,1837.93,REFUNDED
4005,C0760,P0229,2026-09-03,1920.95,REFUNDED
4006,C0121,P0043,2026-09-05,3707.74,COMPLETED
4007,C0765,P0434,2026-09-05,464.28,CANCELLED
4008,C0773,P0326,2026-09-02,3448.86,COMPLETED
4009,C0491,P0257,2026-09-03,1497.43,CANCELLED
4010,C0937,P0105,2026-09-03,4155.82,REFUNDED
4011,C0249,P0401,2026-09-02,786.64,COMPLETED
4012,C0713,P0496,2026-09-05,509.34,COMPLETED
4013,C0619,P0073,2026-09-02,1340.54,CANCELLED
4014,C0721,P0192,2026-09-03,3919.25,CANCELLED
4015,C0210,P0277,2026-09-03,2317.04,CANCELLED
4016,C0407,P0087,2026-09-02,2609.44,CANCELLED
4017,C0938,P0401,2026-09-03,2968.74,REFUNDED
4018,C0246,P0126,2026-09-05,1618.24,COMPLETED
4019,C0566,P0276,2026-09-04,364.46,CANCELLED
4020,C0330,P0488,2026-09-03,4380.5,CANCELLED
4021,C0795,P0217,2026-09-03,89.98,CANCELLED
4022,C0290,P0493,2026-09-05,119.12,REFUNDED
4023,C0390,P0467,2026-09-04,1645.04,CANCELLED
4024,C0478,P0285,2026-09-02,1257.11,CANCELLED
4025,C0547,P0232,2026-09-05,2502.96,CANCELLED
4026,C0665,P0022,2026-09-02,2205.46,COMPLETED
4027,C0368,P0001,2026-09-03,519.05,COMPLETED
4028,C0316,P0417,2026-09-02,1011.88,CANCELLED
4029,C0268,P0238,2026-09-03,3506.91,REFUNDED
4030,C0369,P0493,2026-09-05,4031.74,REFUNDED
4031,C0526,P0425,2026-09-05,2535.14,COMPLETED
4032,C0904,P0318,2026-09-03,345.88,COMPLETED
4033,C0510,P0149,2026-09-02,3629.28,CANCELLED
4034,C0478,P0335,2026-09-04,2702.77,REFUNDED
4035,C0101,P0498,2026-09-05,4826.89,CANCELLED
4036,C0823,P0086,2026-09-05,474.58,REFUNDED
4037,C0740,P0001,2026-09-02,1070.35,CANCELLED
4038,C0481,P0031,2026-09-01,467.32,CANCELLED
4039,C0780,P0478,2026-09-03,505.89,REFUNDED
4040,C0860,P0472,2026-09-02,371.37,COMPLETED
4041,C0328,P0247,2026-09-02,1182.76,REFUNDED
4042,C0937,P0140,2026-09-05,2432.84,REFUNDED
4043,C0209,P0307,2026-09-03,2092.14,CANCELLED
4044,C0380,P0129,2026-09-02,3174.97,COMPLETED
4045,C0321,P0430,2026-09-04,4729.18,CANCELLED
4046,C0424,P0349,2026-09-03,123.17,REFUNDED
4047,C0047,P0195,2026-09-02,4002.24,REFUNDED
4048,C0577,P0180,2026-09-04,434.2,COMPLETED
4049,C0885,P0432,2026-09-04,2307.73,COMPLETED
4050,C0227,P0324,2026-09-03,274.42,REFUNDED
4051,C0760,P0109,2026-09-05,3373.37,CANCELLED
4052,C0150,P0300,2026-09-04,3172.77,REFUNDED
4053,C0017,P0431,2026-09-05,1634.41,COMPLETED
4054,C0268,P0262,2026-09-03,1540.9,CANCELLED
4055,C0567,P0145,2026-09-02,1686.81,COMPLETED
4056,C0958,P0024,2026-09-03,2298.0,COMPLETED
4057,C0599,P0083,2026-09-05,311.75,CANCELLED
4058,C0594,P0379,2026-09-01,3229.46,COMPLETED
4059,C0738,P0274,2026-09-03,3275.9,CANCELLED
4060,C0428,P0289,2026-09-01,61.38,CANCELLED
4061,C0303,P0036,2026-09-04,4325.44,REFUNDED
4062,C0157,P0154,2026-09-05,4118.74,CANCELLED
4063,C0201,P0046,2026-09-04,3299.9,REFUNDED
4064,C0338,P0203,2026-09-01,1259.74,CANCELLED
4065,C0236,P0358,2026-09-01,4052.75,COMPLETED
4066,C0389,P0063,2026-09-02,406.9,COMPLETED
4067,C0584,P0426,2026-09-03,4713.23,REFUNDED
4068,C0854,P0072,2026-09-04,937.07,REFUNDED
4069,C0252,P0372,2026-09-04,3728.08,REFUNDED
4070,C0512,P0285,2026-09-05,110.58,CANCELLED
4071,C0564,P0144,2026-09-05,214.54,REFUNDED
4072,C0671,P0450,2026-09-03,964.2,COMPLETED
4073,C0967,P0222,2026-09-05,318.44,COMPLETED
4074,C0702,P0108,2026-09-05,4796.74,CANCELLED
4075,C0346,P0313,2026-09-04,2187.1,REFUNDED
4076,C0264,P0259,2026-09-02,1709.44,CANCELLED
4077,C0782,P0491,2026-09-03,3252.81,COMPLETED
4078,C0842,P0411,2026-09-01,4714.79,REFUNDED
4079,C0501,P0163,2026-09-04,4554.27,REFUNDED
4080,C0990,P0453,2026-09-04,143.39,COMPLETED
4081,C0741,P0350,2026-09-05,1665.88,COMPLETED
4082,C0658,P0485,2026-09-01,4163.16,REFUNDED
4083,C0758,P0176,2026-09-04,882.59,REFUNDED
4084,C0503,P0326,2026-09-04,3717.46,CANCELLED
4085,C0472,P0134,2026-09-04,524.4,COMPLETED
4086,C0173,P0386,2026-09-03,3951.89,REFUNDED
4087,C0751,P0363,2026-09-01,185.18,REFUNDED
4088,C0815,P0232,2026-09-02,2073.85,REFUNDED
4089,C0361,P0140,2026-09-02,231.51,REFUNDED
4090,C0174,P0126,2026-09-01,1609.43,REFUNDED
4091,C0144,P0340,2026-09-03,1317.67,CANCELLED
4092,C0738,P0165,2026-09-01,3705.75,REFUNDED
4093,C0560,P0175,2026-09-01,2853.63,REFUNDED
4094,C0501,P0108,2026-09-01,144.51,COMPLETED
4095,C0189,P0236,2026-09-03,4916.36,COMPLETED
4096,C0939,P0492,2026-09-01,2038.89,COMPLETED
4097,C0911,P0307,2026-09-05,4469.54,CANCELLED
4098,C0556,P0169,2026-09-05,1068.74,CANCELLED
4099,C0658,P0009,2026-09-03,3713.93,REFUNDED
4100,C0981,P0468,2026-09-02,746.22,COMPLETED
4101,C0061,P0355,2026-09-01,721.63,REFUNDED
4102,C0537,P0069,2026-09-04,726.32,COMPLETED
4103,C0035,P0331,2026-09-02,234.92,COMPLETED
4104,C0860,P0473,2026-09-01,4956.51,COMPLETED
4105,C0868,P0002,2026-09-05,1198.93,CANCELLED
4106,C0077,P0312,2026-09-01,4887.71,COMPLETED
4107,C0968,P0244,2026-09-01,695.93,COMPLETED
4108,C0838,P0003,2026-09-01,3340.95,COMPLETED
4109,C0685,P0462,2026-09-03,283.6,COMPLETED
4110,C0050,P0005,2026-09-05,1920.01,CANCELLED
4111,C0783,P0345,2026-09-03,3292.32,CANCELLED
4112,C0007,P0089,2026-09-03,523.25,COMPLETED
4113,C0423,P0212,2026-09-04,3333.11,COMPLETED
4114,C0141,P0285,2026-09-02,3089.05,REFUNDED
4115,C0863,P0459,2026-09-02,279.47,REFUNDED
4116,C0646,P0357,2026-09-02,423.85,COMPLETED
4117,C0237,P0361,2026-09-05,3802.92,REFUNDED
4118,C0070,P0251,2026-09-05,1317.33,REFUNDED
4119,C0725,P0391,2026-09-05,1568.4,REFUNDED
4120,C0155,P0202,2026-09-03,1156.95,COMPLETED
4121,C0010,P0276,2026-09-05,550.09,REFUNDED
4122,C0224,P0042,2026-09-03,1177.73,COMPLETED
4123,C0518,P0404,2026-09-02,912.83,REFUNDED
4124,C0467,P0449,2026-09-02,948.6,CANCELLED
4125,C0383,P0333,2026-09-01,1925.22,COMPLETED
4126,C0062,P0334,2026-09-05,4865.64,CANCELLED
4127,C0633,P0040,2026-09-05,3993.21,REFUNDED
4128,C0654,P0276,2026-09-03,833.7,COMPLETED
4129,C0683,P0016,2026-09-02,3678.04,COMPLETED
4130,C0957,P0457,2026-09-02,1308.11,COMPLETED
4131,C0632,P0427,2026-09-04,4170.4,REFUNDED
4132,C0935,P0418,2026-09-02,2088.02,REFUNDED
4133,C0495,P0344,2026-09-05,1452.38,COMPLETED
4134,C0676,P0228,2026-09-05,674.89,REFUNDED
4135,C0500,P0345,2026-09-01,1556.18,REFUNDED
4136,C0017,P0064,2026-09-02,2527.96,REFUNDED
4137,C0007,P0181,2026-09-01,1527.09,CANCELLED
4138,C0545,P0498,2026-09-05,4030.58,REFUNDED
4139,C0565,P0417,2026-09-05,3066.59,COMPLETED
4140,C0422,P0193,2026-09-03,2169.57,REFUNDED
4141,C0013,P0424,2026-09-04,74.63,COMPLETED
4142,C0018,P0308,2026-09-01,1355.36,REFUNDED
4143,C0543,P0184,2026-09-01,2584.39,REFUNDED
4144,C0740,P0199,2026-09-02,2175.52,REFUNDED
4145,C0282,P0091,2026-09-04,1374.73,COMPLETED
4146,C0549,P0430,2026-09-02,3739.84,REFUNDED
4147,C0294,P0394,2026-09-02,3661.93,CANCELLED
4148,C0018,P0416,2026-09-04,2937.55,CANCELLED
4149,C0515,P0357,2026-09-05,1815.22,CANCELLED
4150,C0833,P0005,2026-09-02,2214.46,REFUNDED
4151,C0715,P0064,2026-09-02,2296.39,COMPLETED
4152,C0691,P0237,2026-09-02,3366.6,CANCELLED
4153,C0441,P0190,2026-09-03,3144.26,CANCELLED
4154,C0826,P0480,2026-09-01,4341.5,CANCELLED
4155,C0963,P0099,2026-09-01,1250.39,CANCELLED
4156,C0932,P0228,2026-09-02,3326.26,COMPLETED
4157,C0184,P0005,2026-09-03,2773.23,REFUNDED
4158,C0110,P0114,2026-09-04,3144.18,CANCELLED
4159,C0941,P0381,2026-09-05,927.87,COMPLETED
4160,C0099,P0011,2026-09-05,2385.89,REFUNDED
4161,C0537,P0389,2026-09-04,1198.66,COMPLETED
4162,C0153,P0144,2026-09-04,2053.59,REFUNDED
4163,C0247,P0349,2026-09-02,3883.27,COMPLETED
4164,C0197,P0472,2026-09-02,1706.31,CANCELLED
4165,C0635,P0364,2026-09-01,928.94,REFUNDED
4166,C0540,P0184,2026-09-01,1949.06,REFUNDED
4167,C0259,P0099,2026-09-04,4801.09,COMPLETED
4168,C0835,P0047,2026-09-04,1886.09,COMPLETED
4169,C0363,P0418,2026-09-04,1695.95,CANCELLED
4170,C0274,P0315,2026-09-02,4242.96,COMPLETED
4171,C0815,P0321,2026-09-04,1374.18,REFUNDED
4172,C0407,P0156,2026-09-05,3831.95,CANCELLED
4173,C0081,P0414,2026-09-04,1980.93,CANCELLED
4174,C0383,P0368,2026-09-01,830.64,CANCELLED
4175,C0983,P0114,2026-09-05,3948.29,CANCELLED
4176,C0416,P0120,2026-09-03,4368.07,CANCELLED
4177,C0471,P0253,2026-09-02,2578.94,COMPLETED
4178,C0579,P0496,2026-09-04,3116.96,REFUNDED
4179,C0250,P0186,2026-09-04,2111.95,CANCELLED
4180,C0714,P0019,2026-09-05,1535.72,CANCELLED
4181,C0232,P0144,2026-09-03,1369.68,CANCELLED
4182,C0308,P0253,2026-09-03,3924.64,COMPLETED
4183,C0701,P0464,2026-09-01,1878.9,CANCELLED
4184,C0848,P0361,2026-09-04,1283.61,CANCELLED
4185,C0869,P0362,2026-09-05,4252.53,REFUNDED
4186,C0083,P0311,2026-09-05,3504.95,REFUNDED
4187,C0670,P0108,2026-09-04,838.31,COMPLETED
4188,C0879,P0004,2026-09-04,4396.88,REFUNDED
4189,C0666,P0101,2026-09-05,3898.4,COMPLETED
4190,C0778,P0421,2026-09-02,4747.41,CANCELLED
4191,C0033,P0327,2026-09-03,4622.83,REFUNDED
4192,C0096,P0203,2026-09-02,1999.34,CANCELLED
4193,C0416,P0057,2026-09-01,3612.41,CANCELLED
4194,C0389,P0446,2026-09-05,3351.27,COMPLETED
4195,C0387,P0143,2026-09-04,1723.42,CANCELLED
4196,C0566,P0292,2026-09-02,2827.91,REFUNDED
4197,C0488,P0257,2026-09-04,3508.77,REFUNDED
4198,C0058,P0253,2026-09-02,3513.56,CANCELLED
4199,C0653,P0088,2026-09-02,2068.22,REFUNDED
4200,C0010,P0283,2026-09-03,3821.35,COMPLETED
4201,C0720,P0100,2026-09-03,4409.45,REFUNDED
4202,C0176,P0338,2026-09-04,2904.1,REFUNDED
4203,C0085,P0379,2026-09-03,4446.72,REFUNDED
4204,C0512,P0290,2026-09-02,3752.29,CANCELLED
4205,C0866,P0345,2026-09-03,812.78,CANCELLED
4206,C0445,P0350,2026-09-02,1052.61,CANCELLED
4207,C0661,P0309,2026-09-04,4558.38,CANCELLED
4208,C0804,P0290,2026-09-05,3787.14,REFUNDED
4209,C0340,P0090,2026-09-04,1971.87,REFUNDED
4210,C0580,P0034,2026-09-01,4622.71,COMPLETED
4211,C0879,P0302,2026-09-05,796.14,CANCELLED
4212,C0998,P0066,2026-09-02,561.13,CANCELLED
4213,C0098,P0382,2026-09-01,2400.36,REFUNDED
4214,C0917,P0034,2026-09-04,825.44,CANCELLED
4215,C0541,P0066,2026-09-01,2315.45,REFUNDED
4216,C0942,P0133,2026-09-04,3242.06,COMPLETED
4217,C0044,P0478,2026-09-05,4673.36,CANCELLED
4218,C0236,P0292,2026-09-03,4756.97,CANCELLED
4219,C0217,P0439,2026-09-03,3737.49,CANCELLED
4220,C0923,P0117,2026-09-04,2757.91,REFUNDED
4221,C0889,P0452,2026-09-01,1161.8,COMPLETED
4222,C0709,P0268,2026-09-04,1393.69,REFUNDED
4223,C0909,P0374,2026-09-04,4703.92,REFUNDED
4224,C0581,P0401,2026-09-04,1468.77,REFUNDED
4225,C0487,P0141,2026-09-04,2765.22,CANCELLED
4226,C0278,P0099,2026-09-01,2526.05,COMPLETED
4227,C0048,P0435,2026-09-04,2174.37,COMPLETED
4228,C0947,P0348,2026-09-03,3360.34,CANCELLED
4229,C0077,P0012,2026-09-03,179.36,CANCELLED
4230,C0701,P0497,2026-09-02,3934.72,CANCELLED
4231,C0948,P0355,2026-09-03,1996.82,CANCELLED
4232,C0288,P0348,2026-09-03,2715.08,CANCELLED
4233,C0921,P0273,2026-09-03,1515.37,REFUNDED
4234,C0557,P0315,2026-09-04,2378.43,COMPLETED
4235,C0578,P0130,2026-09-02,3212.63,COMPLETED
4236,C0674,P0349,2026-09-02,3098.76,REFUNDED
4237,C0034,P0287,2026-09-02,3772.65,CANCELLED
4238,C0184,P0453,2026-09-05,3806.64,COMPLETED
4239,C0952,P0233,2026-09-05,3947.27,COMPLETED
4240,C0871,P0002,2026-09-05,431.96,REFUNDED
4241,C0323,P0481,2026-09-05,526.1,CANCELLED
4242,C0017,P0219,2026-09-02,4309.2,REFUNDED
4243,C0985,P0329,2026-09-01,3385.36,COMPLETED
4244,C0213,P0345,2026-09-04,2525.46,REFUNDED
4245,C0602,P0483,2026-09-03,552.46,REFUNDED
4246,C0148,P0333,2026-09-01,4489.84,CANCELLED
4247,C0771,P0027,2026-09-02,2600.58,CANCELLED
4248,C0841,P0438,2026-09-01,1023.83,REFUNDED
4249,C0730,P0481,2026-09-02,2336.43,CANCELLED
4250,C0841,P0166,2026-09-01,194.67,CANCELLED
4251,C0408,P0222,2026-09-05,164.45,CANCELLED
4252,C0952,P0433,2026-09-05,4041.7,REFUNDED
4253,C0079,P0209,2026-09-01,2396.22,REFUNDED
4254,C0307,P0141,2026-09-03,1928.72,COMPLETED
4255,C0167,P0063,2026-09-01,2384.08,COMPLETED
4256,C0578,P0349,2026-09-05,871.93,REFUNDED
4257,C0247,P0266,2026-09-03,4158.98,REFUNDED
4258,C0581,P0239,2026-09-04,70.13,COMPLETED
4259,C0855,P0254,2026-09-02,522.32,COMPLETED
4260,C0870,P0186,2026-09-03,2704.71,REFUNDED
4261,C0399,P0265,2026-09-02,2146.88,COMPLETED
4262,C0694,P0389,2026-09-04,2435.77,COMPLETED
4263,C0919,P0023,2026-09-03,2791.76,REFUNDED
4264,C0554,P0453,2026-09-02,3572.31,REFUNDED
4265,C0340,P0370,2026-09-02,2801.86,REFUNDED
4266,C0394,P0115,2026-09-04,742.69,REFUNDED
4267,C0774,P0025,2026-09-03,3672.98,COMPLETED
4268,C0758,P0143,2026-09-02,2890.51,CANCELLED
4269,C0144,P0471,2026-09-05,633.23,CANCELLED
4270,C0810,P0216,2026-09-01,4897.1,REFUNDED
4271,C0706,P0273,2026-09-02,4896.28,CANCELLED
4272,C0742,P0230,2026-09-01,2021.25,COMPLETED
4273,C0081,P0162,2026-09-05,1022.47,COMPLETED
4274,C0513,P0003,2026-09-01,3852.66,COMPLETED
4275,C0764,P0201,2026-09-05,3925.84,COMPLETED
4276,C0998,P0100,2026-09-02,2238.01,CANCELLED
4277,C0355,P0172,2026-09-03,960.52,COMPLETED
4278,C0055,P0042,2026-09-05,3230.1,COMPLETED
4279,C0101,P0451,2026-09-04,4199.73,CANCELLED
4280,C0448,P0293,2026-09-04,3755.89,REFUNDED
4281,C0238,P0414,2026-09-02,4957.9,REFUNDED
4282,C0859,P0013,2026-09-02,3182.53,CANCELLED
4283,C0078,P0378,2026-09-01,1973.57,COMPLETED
4284,C0349,P0116,2026-09-02,3527.53,CANCELLED
4285,C0620,P0354,2026-09-05,1755.14,REFUNDED
4286,C0788,P0217,2026-09-01,2057.02,REFUNDED
4287,C0629,P0491,2026-09-01,4589.95,COMPLETED
4288,C0978,P0039,2026-09-01,996.71,COMPLETED
4289,C0610,P0470,2026-09-03,588.98,REFUNDED
4290,C0407,P0128,2026-09-02,736.54,CANCELLED
4291,C0993,P0101,2026-09-05,4657.2,CANCELLED
4292,C0793,P0085,2026-09-01,4309.84,CANCELLED
4293,C0335,P0169,2026-09-04,2963.72,REFUNDED
4294,C0031,P0160,2026-09-05,4501.43,REFUNDED
4295,C0650,P0033,2026-09-03,106.17,CANCELLED
4296,C0280,P0321,2026-09-02,2007.29,CANCELLED
4297,C0803,P0321,2026-09-02,2884.65,REFUNDED
4298,C0462,P0050,2026-09-05,2552.85,COMPLETED
4299,C0503,P0015,2026-09-02,3341.47,COMPLETED
4300,C0234,P0246,2026-09-02,4967.71,CANCELLED
4301,C0365,P0222,2026-09-01,593.69,CANCELLED
4302,C0567,P0414,2026-09-03,3228.05,CANCELLED
4303,C0964,P0013,2026-09-02,3527.45,REFUNDED
4304,C0385,P0304,2026-09-03,1947.18,CANCELLED
4305,C0443,P0409,2026-09-05,1496.05,REFUNDED
4306,C0191,P0321,2026-09-01,2327.81,CANCELLED
4307,C0697,P0479,2026-09-05,3121.09,REFUNDED
4308,C0600,P0172,2026-09-05,2284.91,CANCELLED
4309,C0677,P0431,2026-09-01,3377.56,REFUNDED
4310,C0390,P0129,2026-09-04,2087.88,CANCELLED
4311,C0088,P0127,2026-09-02,4450.58,REFUNDED
4312,C0791,P0056,2026-09-02,1159.77,REFUNDED
4313,C0634,P0243,2026-09-01,1676.75,CANCELLED
4314,C0303,P0123,2026-09-04,3020.41,CANCELLED
4315,C0818,P0491,2026-09-02,212.66,REFUNDED
4316,C0253,P0175,2026-09-02,4781.87,CANCELLED
4317,C0731,P0427,2026-09-02,581.81,REFUNDED
4318,C0076,P0028,2026-09-05,1782.03,REFUNDED
4319,C0085,P0421,2026-09-03,3878.12,COMPLETED
4320,C0275,P0171,2026-09-05,186.32,COMPLETED
4321,C0158,P0267,2026-09-03,2036.69,CANCELLED
4322,C0390,P0407,2026-09-04,3606.16,CANCELLED
4323,C0729,P0122,2026-09-02,2860.05,COMPLETED
4324,C0803,P0484,2026-09-04,1396.94,REFUNDED
4325,C0650,P0038,2026-09-02,2946.25,COMPLETED
4326,C0158,P0398,2026-09-01,3819.02,CANCELLED
4327,C0758,P0308,2026-09-02,452.45,REFUNDED
4328,C0399,P0318,2026-09-02,1170.79,REFUNDED
4329,C0325,P0225,2026-09-05,1397.27,CANCELLED
4330,C0370,P0392,2026-09-01,1395.89,REFUNDED
4331,C0110,P0049,2026-09-01,2407.38,CANCELLED
4332,C0094,P0321,2026-09-04,3346.12,CANCELLED
4333,C0006,P0229,2026-09-02,4174.49,REFUNDED
4334,C0966,P0297,2026-09-01,3301.12,CANCELLED
4335,C0316,P0064,2026-09-03,1065.34,REFUNDED
4336,C0456,P0044,2026-09-04,3443.97,CANCELLED
4337,C0369,P0499,2026-09-05,2690.72,COMPLETED
4338,C0780,P0032,2026-09-04,546.93,CANCELLED
4339,C0277,P0470,2026-09-04,275.67,COMPLETED
4340,C0105,P0018,2026-09-05,2838.59,COMPLETED
4341,C0136,P0194,2026-09-05,3995.86,CANCELLED
4342,C0090,P0161,2026-09-04,1363.25,COMPLETED
4343,C0192,P0456,2026-09-05,3655.43,CANCELLED
4344,C0442,P0435,2026-09-04,4777.32,CANCELLED
4345,C0460,P0356,2026-09-05,4331.63,COMPLETED
4346,C0571,P0034,2026-09-03,2493.44,CANCELLED
4347,C0569,P0401,2026-09-05,1121.73,CANCELLED
4348,C0525,P0066,2026-09-05,415.87,CANCELLED
4349,C0418,P0032,2026-09-04,1292.67,COMPLETED
4350,C0106,P0471,2026-09-03,2744.8,CANCELLED
4351,C0027,P0411,2026-09-05,563.46,CANCELLED
4352,C0092,P0227,2026-09-04,101.59,COMPLETED
4353,C0363,P0029,2026-09-02,1450.48,COMPLETED
4354,C0568,P0155,2026-09-05,3289.54,COMPLETED
4355,C0096,P0313,2026-09-04,2972.06,CANCELLED
4356,C0612,P0321,2026-09-02,3305.59,COMPLETED
4357,C0613,P0222,2026-09-01,3869.71,COMPLETED
4358,C0804,P0034,2026-09-02,285.43,REFUNDED
4359,C0333,P0053,2026-09-01,1592.18,REFUNDED
4360,C0885,P0347,2026-09-05,4499.84,CANCELLED
4361,C0395,P0029,2026-09-03,849.67,CANCELLED
4362,C0013,P0287,2026-09-03,4563.66,CANCELLED
4363,C0299,P0027,2026-09-01,795.08,CANCELLED
4364,C0424,P0151,2026-09-05,2831.02,REFUNDED
4365,C0398,P0436,2026-09-04,4414.42,COMPLETED
4366,C0798,P0196,2026-09-04,4273.42,CANCELLED
4367,C0087,P0206,2026-09-04,4632.86,COMPLETED
4368,C0743,P0050,2026-09-03,2050.78,COMPLETED
4369,C0923,P0317,2026-09-03,2744.24,COMPLETED
4370,C0573,P0386,2026-09-01,213.25,CANCELLED
4371,C0927,P0211,2026-09-03,4825.84,COMPLETED
4372,C0249,P0120,2026-09-04,4387.05,REFUNDED
4373,C0586,P0443,2026-09-02,3031.0,REFUNDED
4374,C0534,P0307,2026-09-01,1269.92,COMPLETED
4375,C0174,P0404,2026-09-02,764.68,REFUNDED
4376,C0702,P0338,2026-09-04,4776.13,REFUNDED
4377,C0390,P0320,2026-09-02,3860.06,CANCELLED
4378,C0174,P0006,2026-09-04,1326.19,REFUNDED
4379,C0143,P0233,2026-09-05,4481.83,REFUNDED
4380,C0276,P0197,2026-09-02,4675.95,COMPLETED
4381,C0309,P0238,2026-09-03,1546.7,CANCELLED
4382,C0275,P0408,2026-09-04,1342.61,CANCELLED
4383,C0505,P0220,2026-09-02,821.88,CANCELLED
4384,C0150,P0451,2026-09-02,346.57,REFUNDED
4385,C0065,P0318,2026-09-01,1630.29,COMPLETED
4386,C0172,P0318,2026-09-02,419.7,COMPLETED
4387,C0446,P0052,2026-09-04,353.85,COMPLETED
4388,C0283,P0174,2026-09-03,2416.37,CANCELLED
4389,C0432,P0334,2026-09-04,4922.63,REFUNDED
4390,C0307,P0481,2026-09-04,526.03,CANCELLED
4391,C0496,P0346,2026-09-04,4194.8,COMPLETED
4392,C0802,P0401,2026-09-04,4644.31,REFUNDED
4393,C0079,P0014,2026-09-03,543.46,COMPLETED
4394,C0370,P0233,2026-09-02,4607.86,REFUNDED
4395,C0258,P0265,2026-09-04,1941.68,CANCELLED
4396,C0967,P0169,2026-09-02,445.2,COMPLETED
4397,C0253,P0301,2026-09-04,3946.66,COMPLETED
4398,C0739,P0099,2026-09-01,539.47,COMPLETED
4399,C0641,P0056,2026-09-02,3524.36,REFUNDED
4400,C0508,P0053,2026-09-02,477.73,REFUNDED
4401,C0609,P0007,2026-09-01,2502.79,REFUNDED
4402,C0632,P0305,2026-09-03,1056.23,CANCELLED
4403,C0201,P0366,2026-09-03,719.4,CANCELLED
4404,C0469,P0035,2026-09-01,3541.86,CANCELLED
4405,C0110,P0304,2026-09-03,2935.69,REFUNDED
4406,C0139,P0405,2026-09-04,1581.71,COMPLETED
4407,C0312,P0431,2026-09-04,4245.6,COMPLETED
4408,C0007,P0100,2026-09-04,130.31,CANCELLED
4409,C0972,P0464,2026-09-01,720.03,REFUNDED
4410,C0406,P0294,2026-09-05,4535.75,REFUNDED
4411,C0341,P0065,2026-09-03,3361.58,REFUNDED
4412,C0862,P0327,2026-09-03,71.33,REFUNDED
4413,C0636,P0261,2026-09-05,4854.71,COMPLETED
4414,C0390,P0132,2026-09-05,2627.73,CANCELLED
4415,C0824,P0182,2026-09-04,4024.87,COMPLETED
4416,C0883,P0216,2026-09-01,486.91,COMPLETED
4417,C0338,P0247,2026-09-04,505.48,COMPLETED
4418,C0451,P0372,2026-09-01,705.97,REFUNDED
4419,C0343,P0318,2026-09-03,2691.41,COMPLETED
4420,C0441,P0228,2026-09-03,4262.87,COMPLETED
4421,C0836,P0096,2026-09-02,1530.42,CANCELLED
4422,C0844,P0125,2026-09-03,726.75,COMPLETED
4423,C0881,P0071,2026-09-05,2448.67,REFUNDED
4424,C0667,P0409,2026-09-02,3501.14,REFUNDED
4425,C0998,P0023,2026-09-01,3874.4,REFUNDED
4426,C0609,P0031,2026-09-01,3057.48,COMPLETED
4427,C0140,P0066,2026-09-02,4850.28,REFUNDED
4428,C0308,P0160,2026-09-05,2408.36,CANCELLED
4429,C0329,P0300,2026-09-03,2574.88,COMPLETED
4430,C0618,P0224,2026-09-01,2479.75,COMPLETED
4431,C0971,P0263,2026-09-01,1508.09,CANCELLED
4432,C0712,P0492,2026-09-05,2172.08,COMPLETED
4433,C0206,P0334,2026-09-02,3045.72,COMPLETED
4434,C0491,P0387,2026-09-05,1232.27,REFUNDED
4435,C0322,P0184,2026-09-03,3953.66,COMPLETED
4436,C0182,P0160,2026-09-01,444.47,REFUNDED
4437,C0988,P0299,2026-09-04,4593.95,CANCELLED
4438,C0408,P0454,2026-09-04,2521.62,CANCELLED
4439,C0992,P0278,2026-09-03,3092.6,CANCELLED
4440,C0327,P0398,2026-09-05,600.43,REFUNDED
4441,C0299,P0075,2026-09-04,4930.07,CANCELLED
4442,C0753,P0076,2026-09-03,654.47,REFUNDED
4443,C0712,P0241,2026-09-05,2909.1,CANCELLED
4444,C0649,P0159,2026-09-03,1467.03,CANCELLED
4445,C0503,P0309,2026-09-03,1285.04,REFUNDED
4446,C0991,P0176,2026-09-03,801.17,REFUNDED
4447,C0590,P0150,2026-09-01,1774.34,COMPLETED
4448,C0801,P0189,2026-09-05,4391.04,CANCELLED
4449,C0249,P0497,2026-09-05,426.87,COMPLETED
4450,C0334,P0005,2026-09-01,1225.47,CANCELLED
4451,C0386,P0266,2026-09-04,4604.4,COMPLETED
4452,C0288,P0301,2026-09-04,1128.09,REFUNDED
4453,C0837,P0337,2026-09-04,304.43,COMPLETED
4454,C0805,P0348,2026-09-05,3004.22,CANCELLED
4455,C0403,P0075,2026-09-01,2195.05,REFUNDED
4456,C0374,P0030,2026-09-05,3326.35,REFUNDED
4457,C0117,P0122,2026-09-05,1973.25,CANCELLED
4458,C0955,P0260,2026-09-05,2062.27,COMPLETED
4459,C0578,P0420,2026-09-01,1303.69,COMPLETED
4460,C0205,P0428,2026-09-02,1754.75,CANCELLED
4461,C0607,P0287,2026-09-04,877.74,COMPLETED
4462,C0559,P0440,2026-09-03,1649.72,CANCELLED
4463,C0185,P0028,2026-09-04,3800.42,REFUNDED
4464,C0699,P0217,2026-09-03,2509.4,COMPLETED
4465,C0787,P0177,2026-09-02,1593.85,COMPLETED
4466,C0564,P0101,2026-09-02,421.51,CANCELLED
4467,C0028,P0500,2026-09-02,737.71,COMPLETED
4468,C0976,P0103,2026-09-01,1848.26,REFUNDED
4469,C0745,P0328,2026-09-05,2458.47,CANCELLED
4470,C0473,P0466,2026-09-04,4053.19,CANCELLED
4471,C0966,P0104,2026-09-03,4674.47,REFUNDED
4472,C0726,P0403,2026-09-04,2359.4,REFUNDED
4473,C0215,P0036,2026-09-02,2736.88,REFUNDED
4474,C0449,P0175,2026-09-01,3538.69,CANCELLED
4475,C0817,P0097,2026-09-01,1415.79,COMPLETED
4476,C0299,P0342,2026-09-03,2652.27,COMPLETED
4477,C0852,P0244,2026-09-01,4553.62,COMPLETED
4478,C0710,P0356,2026-09-02,2158.3,CANCELLED
4479,C0071,P0355,2026-09-02,3042.32,COMPLETED
4480,C0839,P0240,2026-09-04,2558.08,COMPLETED
4481,C0869,P0308,2026-09-05,4910.78,REFUNDED
4482,C0815,P0355,2026-09-02,3009.53,COMPLETED
4483,C0815,P0170,2026-09-04,4906.75,COMPLETED
4484,C0419,P0437,2026-09-02,201.6,COMPLETED
4485,C0690,P0297,2026-09-04,574.54,CANCELLED
4486,C0512,P0290,2026-09-05,4952.52,REFUNDED
4487,C0143,P0494,2026-09-05,3518.74,REFUNDED
4488,C0649,P0172,2026-09-03,1736.63,CANCELLED
4489,C0311,P0316,2026-09-02,2284.52,CANCELLED
4490,C0248,P0154,2026-09-01,4698.45,CANCELLED
4491,C0259,P0215,2026-09-01,4589.22,COMPLETED
4492,C0675,P0169,2026-09-02,1080.63,CANCELLED
4493,C0158,P0084,2026-09-01,1852.11,COMPLETED
4494,C0733,P0054,2026-09-03,2549.09,CANCELLED
4495,C0434,P0233,2026-09-04,4438.24,CANCELLED
4496,C0809,P0449,2026-09-01,4266.1,COMPLETED
4497,C0387,P0405,2026-09-02,961.95,COMPLETED
4498,C0076,P0467,2026-09-04,3208.85,COMPLETED
4499,C0460,P0022,2026-09-02,477.79,CANCELLED
4500,C0613,P0254,2026-09-04,822.51,COMPLETED
4501,C0491,P0113,2026-09-01,2050.83,COMPLETED
4502,C0597,P0472,2026-09-01,3814.09,REFUNDED
4503,C0411,P0002,2026-09-04,1840.05,COMPLETED
4504,C0548,P0328,2026-09-03,1866.44,CANCELLED
4505,C0519,P0115,2026-09-05,1332.0,CANCELLED
4506,C0946,P0355,2026-09-03,4376.13,COMPLETED
4507,C0943,P0118,2026-09-04,2408.23,COMPLETED
4508,C0891,P0239,2026-09-03,3333.52,COMPLETED
4509,C0709,P0320,2026-09-05,460.87,CANCELLED
4510,C0429,P0110,2026-09-05,4302.16,CANCELLED
4511,C0557,P0123,2026-09-05,3286.85,CANCELLED
4512,C0038,P0247,2026-09-03,1408.55,CANCELLED
4513,C0810,P0377,2026-09-03,4202.22,CANCELLED
4514,C0992,P0394,2026-09-05,75.21,COMPLETED
4515,C0369,P0488,2026-09-02,4101.14,COMPLETED
4516,C0719,P0418,2026-09-05,2570.76,COMPLETED
4517,C0917,P0170,2026-09-05,4780.82,COMPLETED
4518,C0832,P0414,2026-09-03,2133.85,CANCELLED
4519,C0550,P0379,2026-09-05,941.16,COMPLETED
4520,C0609,P0193,2026-09-02,250.6,CANCELLED
4521,C0654,P0106,2026-09-02,3517.15,CANCELLED
4522,C0937,P0205,2026-09-01,2253.14,CANCELLED
4523,C0088,P0095,2026-09-04,4049.73,REFUNDED
4524,C0112,P0423,2026-09-04,4390.9,COMPLETED
4525,C0788,P0004,2026-09-03,66.98,CANCELLED
4526,C0255,P0186,2026-09-03,3208.95,COMPLETED
4527,C0674,P0006,2026-09-05,4073.02,CANCELLED
4528,C0681,P0038,2026-09-03,2075.43,CANCELLED
4529,C0364,P0184,2026-09-04,3017.55,CANCELLED
4530,C0171,P0016,2026-09-04,3377.96,CANCELLED
4531,C0663,P0285,2026-09-01,4941.96,CANCELLED
4532,C0628,P0059,2026-09-05,4030.82,COMPLETED
4533,C0046,P0073,2026-09-03,546.44,CANCELLED
4534,C0577,P0149,2026-09-03,721.1,CANCELLED
4535,C0661,P0226,2026-09-01,746.56,COMPLETED
4536,C0694,P0100,2026-09-02,2384.98,COMPLETED
4537,C0663,P0324,2026-09-05,884.08,REFUNDED
4538,C0410,P0300,2026-09-02,2532.44,COMPLETED
4539,C0991,P0468,2026-09-02,601.04,CANCELLED
4540,C0771,P0392,2026-09-02,1788.31,REFUNDED
4541,C0340,P0185,2026-09-04,3974.08,CANCELLED
4542,C0989,P0023,2026-09-02,848.62,REFUNDED
4543,C0816,P0500,2026-09-01,1185.37,COMPLETED
4544,C0441,P0016,2026-09-05,2783.46,COMPLETED
4545,C0109,P0102,2026-09-05,945.86,CANCELLED
4546,C0011,P0102,2026-09-03,2802.53,REFUNDED
4547,C0101,P0146,2026-09-04,1455.35,CANCELLED
4548,C0265,P0090,2026-09-04,2703.45,COMPLETED
4549,C0228,P0113,2026-09-04,2381.66,COMPLETED
4550,C0523,P0454,2026-09-05,4338.32,COMPLETED
4551,C0765,P0135,2026-09-03,2653.74,CANCELLED
4552,C0532,P0369,2026-09-03,1821.68,REFUNDED
4553,C0572,P0090,2026-09-01,3049.68,REFUNDED
4554,C0595,P0174,2026-09-02,2997.7,CANCELLED
4555,C0705,P0434,2026-09-02,208.15,REFUNDED
4556,C0590,P0284,2026-09-05,1400.95,CANCELLED
4557,C0227,P0126,2026-09-04,243.12,COMPLETED
4558,C0457,P0092,2026-09-01,3768.98,CANCELLED
4559,C0384,P0101,2026-09-03,1376.48,REFUNDED
4560,C0401,P0012,2026-09-01,3046.43,COMPLETED
4561,C0475,P0091,2026-09-04,623.32,CANCELLED
4562,C0791,P0432,2026-09-04,1896.48,CANCELLED
4563,C0696,P0135,2026-09-04,3919.69,COMPLETED
4564,C0603,P0467,2026-09-02,3537.43,COMPLETED
4565,C0708,P0052,2026-09-04,4683.26,COMPLETED
4566,C0513,P0011,2026-09-04,1767.79,COMPLETED
4567,C0155,P0426,2026-09-01,197.02,REFUNDED
4568,C0354,P0347,2026-09-03,4272.32,REFUNDED
4569,C0026,P0071,2026-09-03,3882.8,COMPLETED
4570,C0495,P0195,2026-09-01,1011.49,CANCELLED
4571,C0108,P0336,2026-09-03,4837.55,CANCELLED
4572,C0303,P0404,2026-09-02,4721.21,REFUNDED
4573,C0426,P0454,2026-09-04,4641.85,REFUNDED
4574,C0943,P0057,2026-09-04,865.42,COMPLETED
4575,C0985,P0174,2026-09-04,3233.49,COMPLETED
4576,C0088,P0480,2026-09-05,2980.64,COMPLETED
4577,C0119,P0108,2026-09-02,4621.5,CANCELLED
4578,C0852,P0157,2026-09-04,87.9,COMPLETED
4579,C0964,P0234,2026-09-04,4650.93,REFUNDED
4580,C0748,P0123,2026-09-02,1481.88,COMPLETED
4581,C0146,P0190,2026-09-03,3215.81,REFUNDED
4582,C0357,P0415,2026-09-02,4683.24,COMPLETED
4583,C0320,P0191,2026-09-05,1828.95,COMPLETED
4584,C0352,P0339,2026-09-02,2472.41,REFUNDED
4585,C0467,P0088,2026-09-03,4903.69,CANCELLED
4586,C0804,P0482,2026-09-02,3014.04,CANCELLED
4587,C0212,P0270,2026-09-05,2348.59,REFUNDED
4588,C0534,P0410,2026-09-03,1239.31,CANCELLED
4589,C0495,P0320,2026-09-05,681.75,REFUNDED
4590,C0357,P0452,2026-09-04,2725.22,REFUNDED
4591,C0488,P0223,2026-09-01,4264.86,REFUNDED
4592,C0100,P0450,2026-09-01,167.46,CANCELLED
4593,C0449,P0365,2026-09-01,1535.5,COMPLETED
4594,C0740,P0034,2026-09-01,3129.2,CANCELLED
4595,C0714,P0061,2026-09-01,4554.67,CANCELLED
4596,C0464,P0074,2026-09-02,3575.86,CANCELLED
4597,C0327,P0452,2026-09-05,1680.67,COMPLETED
4598,C0069,P0474,2026-09-04,1541.35,CANCELLED
4599,C0308,P0067,2026-09-04,3085.66,REFUNDED
4600,C0046,P0407,2026-09-01,4364.36,CANCELLED
4601,C0830,P0098,2026-09-02,674.93,COMPLETED
4602,C0728,P0099,2026-09-01,3822.46,COMPLETED
4603,C0118,P0273,2026-09-01,3816.7,COMPLETED
4604,C0024,P0194,2026-09-04,523.25,REFUNDED
4605,C0870,P0356,2026-09-02,3296.14,REFUNDED
4606,C0352,P0192,2026-09-01,1475.16,COMPLETED
4607,C0664,P0163,2026-09-02,2800.57,COMPLETED
4608,C0112,P0307,2026-09-03,4009.34,COMPLETED
4609,C0694,P0220,2026-09-03,1474.79,CANCELLED
4610,C0820,P0326,2026-09-03,4424.74,COMPLETED
4611,C0169,P0126,2026-09-05,688.02,CANCELLED
4612,C0953,P0472,2026-09-01,230.24,REFUNDED
4613,C0759,P0024,2026-09-01,470.76,CANCELLED
4614,C0250,P0391,2026-09-02,2574.2,CANCELLED
4615,C0529,P0316,2026-09-03,2799.55,REFUNDED
4616,C0179,P0301,2026-09-03,3070.7,REFUNDED
4617,C0566,P0097,2026-09-01,161.74,CANCELLED
4618,C0164,P0438,2026-09-01,1148.96,REFUNDED
4619,C0339,P0275,2026-09-05,1754.55,REFUNDED
4620,C0574,P0151,2026-09-01,4907.63,CANCELLED
4621,C0437,P0405,2026-09-01,2818.26,REFUNDED
4622,C0982,P0077,2026-09-05,3566.32,COMPLETED
4623,C0474,P0168,2026-09-01,173.44,REFUNDED
4624,C0238,P0127,2026-09-02,4977.16,COMPLETED
4625,C0817,P0028,2026-09-02,2350.06,COMPLETED
4626,C0415,P0323,2026-09-04,2946.65,REFUNDED
4627,C0645,P0408,2026-09-04,621.27,COMPLETED
4628,C0189,P0144,2026-09-01,772.25,CANCELLED
4629,C0191,P0447,2026-09-03,1148.5,COMPLETED
4630,C0656,P0065,2026-09-05,3320.23,REFUNDED
4631,C0674,P0436,2026-09-03,3640.66,COMPLETED
4632,C0443,P0261,2026-09-05,3607.69,CANCELLED
4633,C0406,P0496,2026-09-05,1290.38,REFUNDED
4634,C0030,P0300,2026-09-01,4592.68,CANCELLED
4635,C0756,P0454,2026-09-05,1235.78,REFUNDED
4636,C0629,P0251,2026-09-03,3616.46,REFUNDED
4637,C0905,P0108,2026-09-02,3001.49,COMPLETED
4638,C0203,P0373,2026-09-01,118.02,CANCELLED
4639,C0461,P0042,2026-09-04,4080.89,COMPLETED
4640,C0607,P0402,2026-09-05,2785.12,COMPLETED
4641,C0440,P0241,2026-09-03,4791.22,REFUNDED
4642,C0399,P0405,2026-09-02,4579.08,COMPLETED
4643,C0005,P0340,2026-09-05,3932.03,COMPLETED
4644,C0722,P0315,2026-09-01,2982.16,CANCELLED
4645,C0220,P0034,2026-09-04,1565.0,CANCELLED
4646,C0211,P0086,2026-09-05,3852.37,CANCELLED
4647,C0286,P0261,2026-09-02,2746.42,REFUNDED
4648,C0771,P0199,2026-09-03,1427.37,COMPLETED
4649,C0721,P0385,2026-09-01,2900.77,COMPLETED
4650,C0829,P0452,2026-09-04,3696.03,CANCELLED
4651,C0816,P0331,2026-09-03,4178.87,COMPLETED
4652,C0065,P0385,2026-09-02,3033.58,COMPLETED
4653,C0592,P0261,2026-09-04,2178.13,COMPLETED
4654,C0105,P0192,2026-09-04,3206.28,CANCELLED
4655,C0819,P0256,2026-09-03,3462.88,CANCELLED
4656,C0893,P0266,2026-09-05,1828.47,REFUNDED
4657,C0550,P0238,2026-09-03,808.47,CANCELLED
4658,C0192,P0092,2026-09-03,3058.3,REFUNDED
4659,C0375,P0165,2026-09-04,2738.95,CANCELLED
4660,C0334,P0365,2026-09-04,123.12,COMPLETED
4661,C0202,P0192,2026-09-02,380.05,CANCELLED
4662,C0469,P0270,2026-09-03,289.93,REFUNDED
4663,C0117,P0356,2026-09-03,1691.22,COMPLETED
4664,C0269,P0248,2026-09-02,2325.5,COMPLETED
4665,C0687,P0367,2026-09-02,1205.96,REFUNDED
4666,C0884,P0490,2026-09-04,3792.92,REFUNDED
4667,C0502,P0254,2026-09-02,1887.71,CANCELLED
4668,C0541,P0243,2026-09-02,4473.72,COMPLETED
4669,C0990,P0138,2026-09-01,460.82,CANCELLED
4670,C0655,P0298,2026-09-01,1625.82,CANCELLED
4671,C0321,P0206,2026-09-01,2248.59,COMPLETED
4672,C0612,P0327,2026-09-05,511.51,CANCELLED
4673,C0398,P0472,2026-09-01,1152.22,CANCELLED
4674,C0626,P0405,2026-09-02,3336.22,COMPLETED
4675,C0402,P0299,2026-09-01,392.1,REFUNDED
4676,C0602,P0333,2026-09-04,2959.34,REFUNDED
4677,C0117,P0019,2026-09-02,2781.59,COMPLETED
4678,C0357,P0107,2026-09-02,743.07,COMPLETED
4679,C0361,P0113,2026-09-01,1138.76,CANCELLED
4680,C0866,P0459,2026-09-03,151.45,COMPLETED
4681,C0469,P0104,2026-09-03,1437.75,REFUNDED
4682,C0633,P0232,2026-09-03,2420.61,CANCELLED
4683,C0177,P0442,2026-09-05,2022.42,CANCELLED
4684,C0834,P0121,2026-09-02,3088.21,COMPLETED
4685,C0690,P0203,2026-09-04,3218.73,COMPLETED
4686,C0723,P0112,2026-09-04,4251.95,COMPLETED
4687,C0820,P0157,2026-09-04,1514.02,CANCELLED
4688,C0305,P0218,2026-09-01,1541.41,REFUNDED
4689,C0941,P0456,2026-09-05,3880.67,REFUNDED
4690,C0630,P0194,2026-09-05,2519.54,REFUNDED
4691,C0605,P0293,2026-09-03,4551.52,COMPLETED
4692,C0087,P0081,2026-09-02,1649.39,REFUNDED
4693,C0689,P0479,2026-09-04,4388.38,REFUNDED
4694,C0138,P0432,2026-09-01,95.29,COMPLETED
4695,C0321,P0192,2026-09-03,1445.82,COMPLETED
4696,C0121,P0131,2026-09-02,961.72,REFUNDED
4697,C0245,P0282,2026-09-04,3732.54,REFUNDED
4698,C0313,P0044,2026-09-02,4509.72,REFUNDED
4699,C0120,P0069,2026-09-03,911.84,CANCELLED
4700,C0188,P0385,2026-09-01,1542.33,COMPLETED
4701,C0383,P0044,2026-09-01,73.6,CANCELLED
4702,C0711,P0152,2026-09-01,207.95,REFUNDED
4703,C0145,P0228,2026-09-03,446.08,REFUNDED
4704,C0524,P0266,2026-09-04,3561.72,CANCELLED
4705,C0398,P0181,2026-09-02,1573.68,CANCELLED
4706,C0429,P0118,2026-09-04,3614.72,REFUNDED
4707,C0611,P0299,2026-09-04,1742.94,COMPLETED
4708,C0142,P0022,2026-09-04,4714.37,CANCELLED
4709,C0589,P0239,2026-09-03,2021.69,CANCELLED
4710,C0393,P0263,2026-09-04,584.66,REFUNDED
4711,C0434,P0319,2026-09-02,2696.16,CANCELLED
4712,C0191,P0173,2026-09-03,1610.86,CANCELLED
4713,C0499,P0219,2026-09-04,1444.85,COMPLETED
4714,C0651,P0231,2026-09-03,4785.61,CANCELLED
4715,C0551,P0240,2026-09-05,4644.42,REFUNDED
4716,C0711,P0222,2026-09-02,1951.65,COMPLETED
4717,C0942,P0210,2026-09-01,4178.78,CANCELLED
4718,C0661,P0189,2026-09-02,2837.34,REFUNDED
4719,C0954,P0412,2026-09-03,1925.18,COMPLETED
4720,C0178,P0255,2026-09-04,852.65,REFUNDED
4721,C0569,P0163,2026-09-01,864.48,REFUNDED
4722,C0171,P0140,2026-09-04,2288.28,COMPLETED
4723,C0502,P0196,2026-09-03,1233.85,COMPLETED
4724,C0296,P0013,2026-09-02,3826.3,REFUNDED
4725,C0144,P0092,2026-09-01,1147.04,COMPLETED
4726,C0192,P0227,2026-09-02,764.77,COMPLETED
4727,C0323,P0120,2026-09-02,3984.4,REFUNDED
4728,C0863,P0136,2026-09-05,3394.5,CANCELLED
4729,C0462,P0331,2026-09-05,1491.03,REFUNDED
4730,C0635,P0039,2026-09-04,947.35,CANCELLED
4731,C0055,P0184,2026-09-03,1150.09,REFUNDED
4732,C0887,P0462,2026-09-02,458.71,COMPLETED
4733,C0368,P0043,2026-09-02,3218.18,CANCELLED
4734,C0975,P0151,2026-09-04,4612.03,REFUNDED
4735,C0010,P0432,2026-09-01,739.53,REFUNDED
4736,C0497,P0257,2026-09-01,1965.03,COMPLETED
4737,C0140,P0263,2026-09-03,278.15,COMPLETED
4738,C0200,P0280,2026-09-03,150.27,REFUNDED
4739,C0835,P0330,2026-09-05,4149.29,REFUNDED
4740,C0394,P0041,2026-09-03,3045.25,COMPLETED
4741,C0987,P0403,2026-09-03,1991.93,CANCELLED
4742,C0576,P0142,2026-09-01,4528.86,REFUNDED
4743,C0518,P0475,2026-09-01,3466.28,COMPLETED
4744,C0669,P0117,2026-09-04,3020.47,CANCELLED
4745,C0507,P0051,2026-09-05,2240.98,CANCELLED
4746,C0419,P0061,2026-09-02,541.08,REFUNDED
4747,C0702,P0037,2026-09-02,1512.68,CANCELLED
4748,C0504,P0185,2026-09-02,827.02,COMPLETED
4749,C0426,P0020,2026-09-03,737.23,REFUNDED
4750,C0728,P0280,2026-09-05,698.56,REFUNDED
4751,C0861,P0103,2026-09-03,1545.08,REFUNDED
4752,C0455,P0171,2026-09-05,2065.99,CANCELLED
4753,C0501,P0101,2026-09-04,2730.79,REFUNDED
4754,C0172,P0346,2026-09-05,3857.04,CANCELLED
4755,C0085,P0169,2026-09-05,4530.6,COMPLETED
4756,C0579,P0129,2026-09-05,1827.95,CANCELLED
4757,C0032,P0155,2026-09-05,1241.65,CANCELLED
4758,C0815,P0382,2026-09-02,921.66,REFUNDED
4759,C0780,P0418,2026-09-04,2060.3,REFUNDED
4760,C0226,P0394,2026-09-01,3040.41,REFUNDED
4761,C0300,P0350,2026-09-04,2400.45,CANCELLED
4762,C0034,P0433,2026-09-05,4953.06,CANCELLED
4763,C0282,P0141,2026-09-05,74.52,COMPLETED
4764,C0231,P0098,2026-09-03,1145.39,REFUNDED
4765,C0551,P0362,2026-09-05,674.7,CANCELLED
4766,C0296,P0310,2026-09-04,1807.01,REFUNDED
4767,C0173,P0071,2026-09-01,213.43,COMPLETED
4768,C0800,P0438,2026-09-03,1116.47,CANCELLED
4769,C0469,P0386,2026-09-03,4203.06,CANCELLED
4770,C0580,P0367,2026-09-01,2952.53,COMPLETED
4771,C0761,P0379,2026-09-04,2525.55,REFUNDED
4772,C0792,P0279,2026-09-05,1545.25,CANCELLED
4773,C0785,P0468,2026-09-01,3912.16,CANCELLED
4774,C0508,P0134,2026-09-04,4115.55,CANCELLED
4775,C0563,P0005,2026-09-04,87.57,COMPLETED
4776,C0524,P0395,2026-09-04,798.56,REFUNDED
4777,C0116,P0154,2026-09-05,2119.03,CANCELLED
4778,C0587,P0145,2026-09-05,3373.55,CANCELLED
4779,C0117,P0422,2026-09-02,291.31,COMPLETED
4780,C0275,P0178,2026-09-03,2903.45,COMPLETED
4781,C0794,P0401,2026-09-05,3232.79,CANCELLED
4782,C0557,P0207,2026-09-02,1097.65,REFUNDED
4783,C0844,P0485,2026-09-04,3114.03,REFUNDED
4784,C0376,P0208,2026-09-03,2472.57,CANCELLED
4785,C0556,P0421,2026-09-03,2461.71,CANCELLED
4786,C0843,P0297,2026-09-01,3038.33,COMPLETED
4787,C0775,P0388,2026-09-02,60.21,REFUNDED
4788,C0043,P0336,2026-09-05,3248.33,REFUNDED
4789,C0779,P0007,2026-09-03,959.85,COMPLETED
4790,C0737,P0242,2026-09-04,2929.75,CANCELLED
4791,C0452,P0335,2026-09-03,1740.88,COMPLETED
4792,C0560,P0263,2026-09-01,542.28,REFUNDED
4793,C0224,P0390,2026-09-05,773.81,REFUNDED
4794,C0436,P0488,2026-09-02,4216.35,COMPLETED
4795,C0105,P0077,2026-09-01,1914.04,CANCELLED
4796,C0754,P0444,2026-09-02,3603.81,COMPLETED
4797,C0850,P0204,2026-09-04,1439.83,COMPLETED
4798,C0670,P0117,2026-09-02,2486.54,REFUNDED
4799,C0770,P0117,2026-09-04,2594.91,REFUNDED
4800,C0254,P0371,2026-09-01,1873.91,CANCELLED
4801,C0305,P0384,2026-09-04,4850.65,REFUNDED
4802,C0896,P0108,2026-09-01,1580.07,COMPLETED
4803,C0034,P0243,2026-09-01,3649.12,COMPLETED
4804,C0461,P0120,2026-09-03,2917.87,REFUNDED
4805,C0270,P0265,2026-09-05,3127.16,CANCELLED
4806,C0357,P0301,2026-09-05,4497.66,REFUNDED
4807,C0883,P0403,2026-09-04,1173.18,COMPLETED
4808,C0837,P0283,2026-09-01,1463.99,REFUNDED
4809,C0090,P0388,2026-09-05,3909.2,COMPLETED
4810,C0450,P0240,2026-09-03,3648.43,COMPLETED
4811,C0887,P0370,2026-09-05,4888.21,REFUNDED
4812,C0121,P0417,2026-09-01,726.75,COMPLETED
4813,C0795,P0237,2026-09-04,1209.95,CANCELLED
4814,C0832,P0175,2026-09-05,4813.75,COMPLETED
4815,C0243,P0406,2026-09-02,3271.9,REFUNDED
4816,C0215,P0044,2026-09-05,2370.18,REFUNDED
4817,C0831,P0161,2026-09-05,4584.44,COMPLETED
4818,C0756,P0434,2026-09-03,2695.65,REFUNDED
4819,C0603,P0097,2026-09-01,423.57,CANCELLED
4820,C0706,P0220,2026-09-02,1690.91,REFUNDED
4821,C0360,P0395,2026-09-04,1483.65,COMPLETED
4822,C0882,P0483,2026-09-05,3682.89,REFUNDED
4823,C0728,P0358,2026-09-03,4197.44,COMPLETED
4824,C0625,P0214,2026-09-02,2247.49,REFUNDED
4825,C0648,P0108,2026-09-05,3922.74,CANCELLED
4826,C0439,P0225,2026-09-02,635.44,COMPLETED
4827,C0170,P0231,2026-09-01,1513.76,COMPLETED
4828,C0631,P0437,2026-09-04,3796.84,COMPLETED
4829,C0143,P0286,2026-09-01,1019.27,COMPLETED
4830,C0804,P0016,2026-09-03,3090.68,CANCELLED
4831,C0212,P0192,2026-09-02,4566.57,REFUNDED
4832,C0834,P0072,2026-09-04,4603.98,CANCELLED
4833,C0212,P0296,2026-09-01,3366.9,REFUNDED
4834,C0825,P0448,2026-09-01,4871.47,COMPLETED
4835,C0061,P0066,2026-09-02,2168.15,REFUNDED
4836,C0584,P0157,2026-09-03,2132.56,COMPLETED
4837,C0360,P0483,2026-09-02,2168.65,CANCELLED
4838,C0546,P0378,2026-09-03,339.15,REFUNDED
4839,C0288,P0005,2026-09-03,925.14,REFUNDED
4840,C0612,P0256,2026-09-04,2381.11,REFUNDED
4841,C0552,P0415,2026-09-02,4486.84,REFUNDED
4842,C0173,P0338,2026-09-04,2119.55,CANCELLED
4843,C0332,P0428,2026-09-02,668.86,CANCELLED
4844,C0721,P0182,2026-09-02,3929.58,CANCELLED
4845,C0300,P0174,2026-09-03,842.6,CANCELLED
4846,C0297,P0116,2026-09-01,478.38,COMPLETED
4847,C0587,P0215,2026-09-03,3516.45,COMPLETED
4848,C0274,P0218,2026-09-03,1639.7,CANCELLED
4849,C0976,P0352,2026-09-05,2759.83,REFUNDED
4850,C0879,P0386,2026-09-05,2063.56,REFUNDED
4851,C0527,P0207,2026-09-01,417.19,CANCELLED
4852,C0922,P0391,2026-09-01,3620.74,COMPLETED
4853,C0696,P0399,2026-09-02,346.38,REFUNDED
4854,C0835,P0354,2026-09-01,703.62,CANCELLED
4855,C0098,P0276,2026-09-01,392.77,REFUNDED
4856,C0139,P0154,2026-09-02,613.69,COMPLETED
4857,C0986,P0167,2026-09-01,2418.38,COMPLETED
4858,C0769,P0301,2026-09-03,2758.12,COMPLETED
4859,C0805,P0012,2026-09-02,4640.44,REFUNDED
4860,C0422,P0291,2026-09-01,169.0,CANCELLED
4861,C0941,P0403,2026-09-04,3164.54,CANCELLED
4862,C0061,P0017,2026-09-03,2415.23,REFUNDED
4863,C0284,P0473,2026-09-01,2166.51,REFUNDED
4864,C0888,P0072,2026-09-05,1709.73,REFUNDED
4865,C0672,P0079,2026-09-05,720.64,REFUNDED
4866,C0130,P0488,2026-09-04,1032.19,CANCELLED
4867,C0719,P0170,2026-09-05,2457.16,CANCELLED
4868,C0887,P0291,2026-09-01,2718.8,CANCELLED
4869,C0136,P0323,2026-09-04,2949.58,COMPLETED
4870,C0256,P0410,2026-09-05,404.48,CANCELLED
4871,C0150,P0309,2026-09-03,733.39,CANCELLED
4872,C0729,P0468,2026-09-01,4102.74,COMPLETED
4873,C0330,P0312,2026-09-03,2608.24,REFUNDED
4874,C0849,P0294,2026-09-01,1458.2,CANCELLED
4875,C0254,P0444,2026-09-03,2587.51,REFUNDED
4876,C0780,P0201,2026-09-02,2099.72,CANCELLED
4877,C0864,P0196,2026-09-04,4562.49,CANCELLED
4878,C0693,P0105,2026-09-02,464.75,REFUNDED
4879,C0403,P0486,2026-09-05,1466.03,REFUNDED
4880,C0502,P0201,2026-09-03,803.5,REFUNDED
4881,C0146,P0033,2026-09-01,1592.27,COMPLETED
4882,C0592,P0274,2026-09-05,156.79,REFUNDED
4883,C0648,P0198,2026-09-01,193.14,COMPLETED
4884,C0276,P0097,2026-09-01,3744.97,COMPLETED
4885,C0643,P0244,2026-09-02,2295.1,COMPLETED
4886,C0425,P0056,2026-09-02,1716.43,CANCELLED
4887,C0385,P0169,2026-09-03,4546.24,COMPLETED
4888,C0463,P0292,2026-09-02,2870.5,COMPLETED
4889,C0078,P0493,2026-09-05,2712.48,CANCELLED
4890,C0649,P0232,2026-09-05,4543.93,CANCELLED
4891,C0814,P0328,2026-09-02,785.09,COMPLETED
4892,C0902,P0459,2026-09-04,1254.28,REFUNDED
4893,C0788,P0156,2026-09-03,3501.59,REFUNDED
4894,C0096,P0048,2026-09-01,1075.54,REFUNDED
4895,C0413,P0088,2026-09-03,1335.28,REFUNDED
4896,C0528,P0054,2026-09-04,1755.67,CANCELLED
4897,C0768,P0346,2026-09-04,3310.59,CANCELLED
4898,C0285,P0284,2026-09-01,2535.91,REFUNDED
4899,C0712,P0091,2026-09-05,1931.49,REFUNDED
4900,C0959,P0017,2026-09-04,3082.4,REFUNDED
4901,C0899,P0424,2026-09-02,677.71,REFUNDED
4902,C0378,P0353,2026-09-02,2419.8,COMPLETED
4903,C0466,P0309,2026-09-02,4823.99,CANCELLED
4904,C0974,P0251,2026-09-05,3582.35,COMPLETED
4905,C0500,P0014,2026-09-04,561.24,COMPLETED
4906,C0336,P0096,2026-09-05,3312.6,CANCELLED
4907,C0596,P0102,2026-09-01,1048.44,CANCELLED
4908,C0003,P0036,2026-09-02,3430.91,COMPLETED
4909,C0890,P0467,2026-09-04,2093.04,CANCELLED
4910,C0793,P0494,2026-09-05,2872.12,CANCELLED
4911,C0868,P0198,2026-09-04,4417.8,REFUNDED
4912,C0751,P0146,2026-09-04,1737.09,CANCELLED
4913,C0096,P0106,2026-09-03,1091.03,REFUNDED
4914,C0749,P0120,2026-09-03,2642.77,REFUNDED
4915,C0996,P0150,2026-09-02,254.16,CANCELLED
4916,C0470,P0338,2026-09-01,536.89,REFUNDED
4917,C0651,P0269,2026-09-01,1410.21,CANCELLED
4918,C0681,P0036,2026-09-04,4360.45,COMPLETED
4919,C0715,P0233,2026-09-02,4081.9,CANCELLED
4920,C0367,P0030,2026-09-01,4028.95,REFUNDED
4921,C0871,P0189,2026-09-05,860.15,COMPLETED
4922,C0065,P0266,2026-09-03,2168.45,REFUNDED
4923,C0815,P0006,2026-09-01,1499.54,COMPLETED
4924,C0548,P0088,2026-09-03,2183.86,REFUNDED
4925,C0408,P0168,2026-09-03,4335.7,COMPLETED
4926,C0224,P0441,2026-09-04,4390.28,CANCELLED
4927,C0992,P0466,2026-09-01,4363.95,REFUNDED
4928,C0440,P0211,2026-09-03,1875.56,CANCELLED
4929,C0845,P0201,2026-09-04,4037.14,CANCELLED
4930,C0217,P0081,2026-09-01,2464.87,REFUNDED
4931,C0507,P0057,2026-09-02,4967.44,CANCELLED
4932,C0275,P0067,2026-09-01,1613.82,CANCELLED
4933,C0331,P0275,2026-09-05,1759.86,CANCELLED
4934,C0849,P0215,2026-09-05,4813.07,CANCELLED
4935,C0291,P0245,2026-09-05,4552.46,REFUNDED
4936,C0346,P0381,2026-09-01,2470.59,COMPLETED
4937,C0561,P0036,2026-09-05,4180.39,CANCELLED
4938,C0592,P0200,2026-09-02,3379.57,REFUNDED
4939,C0134,P0490,2026-09-04,1604.38,REFUNDED
4940,C0580,P0463,2026-09-04,3769.29,REFUNDED
4941,C0873,P0444,2026-09-05,3087.3,REFUNDED
4942,C0497,P0106,2026-09-05,4888.27,CANCELLED
4943,C0808,P0067,2026-09-03,1337.88,REFUNDED
4944,C0352,P0446,2026-09-01,2234.37,REFUNDED
4945,C0916,P0106,2026-09-05,1502.85,CANCELLED
4946,C0699,P0159,2026-09-01,2158.01,COMPLETED
4947,C0781,P0222,2026-09-03,865.2,REFUNDED
4948,C0050,P0419,2026-09-02,4080.02,COMPLETED
4949,C0048,P0364,2026-09-03,2909.89,CANCELLED
4950,C0102,P0341,2026-09-05,3555.38,CANCELLED
4951,C0642,P0244,2026-09-04,4160.78,REFUNDED
4952,C0803,P0082,2026-09-03,157.32,REFUNDED
4953,C0857,P0310,2026-09-01,2063.64,REFUNDED
4954,C0471,P0295,2026-09-01,733.54,CANCELLED
4955,C0017,P0481,2026-09-01,78.78,COMPLETED
4956,C0128,P0159,2026-09-03,2095.71,COMPLETED
4957,C0952,P0301,2026-09-02,691.59,CANCELLED
4958,C0879,P0104,2026-09-03,2859.04,COMPLETED
4959,C0162,P0258,2026-09-04,1668.61,COMPLETED
4960,C0452,P0367,2026-09-02,2692.47,COMPLETED
4961,C0468,P0351,2026-09-03,1702.32,REFUNDED
4962,C0001,P0235,2026-09-03,593.79,COMPLETED
4963,C0982,P0142,2026-09-04,4101.2,COMPLETED
4964,C0439,P0104,2026-09-01,318.47,REFUNDED
4965,C0208,P0004,2026-09-05,2137.42,CANCELLED
4966,C0706,P0074,2026-09-03,675.55,CANCELLED
4967,C0932,P0229,2026-09-01,2264.18,CANCELLED
4968,C0136,P0033,2026-09-04,2118.56,REFUNDED
4969,C0904,P0423,2026-09-03,2486.34,REFUNDED
4970,C0666,P0205,2026-09-03,3006.52,COMPLETED
4971,C0310,P0310,2026-09-04,1195.5,COMPLETED
4972,C0163,P0414,2026-09-01,1631.9,CANCELLED
4973,C0896,P0127,2026-09-01,157.84,CANCELLED
4974,C0956,P0270,2026-09-03,2232.21,COMPLETED
4975,C0898,P0169,2026-09-03,3899.25,REFUNDED
4976,C0281,P0467,2026-09-02,1324.13,COMPLETED
4977,C0096,P0292,2026-09-01,4392.81,REFUNDED
4978,C0671,P0451,2026-09-02,4339.04,CANCELLED
4979,C0370,P0252,2026-09-05,411.1,REFUNDED
4980,C0257,P0236,2026-09-05,2898.86,REFUNDED
4981,C0085,P0237,2026-09-05,1540.75,COMPLETED
4982,C0381,P0295,2026-09-01,4349.95,COMPLETED
4983,C0681,P0021,2026-09-03,3300.88,CANCELLED
4984,C0926,P0378,2026-09-01,4510.12,COMPLETED
4985,C0665,P0047,2026-09-01,970.93,REFUNDED
4986,C0170,P0148,2026-09-03,3947.74,COMPLETED
4987,C0054,P0331,2026-09-03,1498.9,COMPLETED
4988,C0406,P0452,2026-09-03,2492.47,REFUNDED
4989,C0641,P0471,2026-09-01,2773.01,COMPLETED
4990,C0313,P0234,2026-09-02,4292.3,COMPLETED
4991,C0744,P0178,2026-09-05,4677.84,REFUNDED
4992,C0717,P0359,2026-09-02,3511.21,CANCELLED
4993,C0774,P0432,2026-09-05,3663.11,REFUNDED
4994,C0240,P0365,2026-09-01,80.95,COMPLETED
4995,C0440,P0406,2026-09-02,4558.0,COMPLETED
4996,C0672,P0153,2026-09-01,4863.71,CANCELLED
4997,C0094,P0201,2026-09-03,3629.05,REFUNDED
4998,C0721,P0314,2026-09-03,2345.02,CANCELLED
4999,C0098,P0422,2026-09-05,4392.24,REFUNDED
5000,C0002,P0415,2026-09-05,1899.22,COMPLETED
5001,C0219,P0436,2026-09-01,4326.89,REFUNDED
5002,C0489,P0090,2026-09-05,1491.97,REFUNDED
5003,C0080,P0213,2026-09-05,3294.42,REFUNDED
5004,C0136,P0128,2026-09-05,2321.83,CANCELLED
5005,C0608,P0092,2026-09-03,1057.88,CANCELLED
5006,C0232,P0461,2026-09-05,3266.16,COMPLETED
5007,C0532,P0317,2026-09-03,2672.01,COMPLETED
5008,C0697,P0376,2026-09-01,513.36,CANCELLED
5009,C0456,P0222,2026-09-04,2291.28,CANCELLED
5010,C0010,P0235,2026-09-01,3419.14,COMPLETED
5011,C0009,P0197,2026-09-03,4736.83,CANCELLED
5012,C0713,P0467,2026-09-04,4925.97,REFUNDED
5013,C0352,P0338,2026-09-01,762.89,COMPLETED
5014,C0837,P0094,2026-09-03,1252.93,COMPLETED
5015,C0124,P0358,2026-09-03,2251.3,COMPLETED
5016,C0881,P0292,2026-09-01,3669.13,REFUNDED
5017,C0433,P0049,2026-09-02,822.5,REFUNDED
5018,C0711,P0202,2026-09-01,327.7,CANCELLED
5019,C0136,P0358,2026-09-01,2858.56,REFUNDED
5020,C0490,P0485,2026-09-05,3530.64,CANCELLED
5021,C0073,P0023,2026-09-01,1617.45,CANCELLED
5022,C0235,P0123,2026-09-01,3602.95,CANCELLED
5023,C0393,P0454,2026-09-04,2003.8,REFUNDED
5024,C0092,P0446,2026-09-01,2031.0,COMPLETED
5025,C0749,P0081,2026-09-04,3662.73,COMPLETED
5026,C0826,P0141,2026-09-03,108.17,COMPLETED
5027,C0105,P0452,2026-09-04,1025.8,REFUNDED
5028,C0106,P0322,2026-09-05,3169.19,COMPLETED
5029,C0321,P0276,2026-09-01,3370.97,CANCELLED
5030,C0377,P0150,2026-09-03,4251.08,REFUNDED
5031,C0903,P0342,2026-09-02,3929.93,REFUNDED
5032,C0307,P0470,2026-09-05,4049.66,REFUNDED
5033,C0141,P0035,2026-09-05,2160.38,COMPLETED
5034,C0392,P0358,2026-09-02,71.5,CANCELLED
5035,C0793,P0372,2026-09-01,383.45,REFUNDED
5036,C0833,P0370,2026-09-03,734.68,CANCELLED
5037,C0772,P0462,2026-09-02,3979.19,COMPLETED
5038,C0896,P0112,2026-09-02,800.17,CANCELLED
5039,C0137,P0466,2026-09-05,4117.44,COMPLETED
5040,C0657,P0253,2026-09-01,4213.01,REFUNDED
5041,C0694,P0211,2026-09-01,4462.14,COMPLETED
5042,C0147,P0391,2026-09-04,3614.21,COMPLETED
5043,C0071,P0284,2026-09-02,2614.06,COMPLETED
5044,C0544,P0063,2026-09-02,2541.73,REFUNDED
5045,C0577,P0189,2026-09-02,1378.69,COMPLETED
5046,C0009,P0040,2026-09-05,1969.11,COMPLETED
5047,C0625,P0387,2026-09-02,1302.98,CANCELLED
5048,C0666,P0054,2026-09-04,4825.21,REFUNDED
5049,C0169,P0259,2026-09-01,2738.53,CANCELLED
5050,C0451,P0393,2026-09-05,1062.73,REFUNDED
5051,C0360,P0400,2026-09-03,3776.05,CANCELLED
5052,C0740,P0167,2026-09-05,2143.16,CANCELLED
5053,C0219,P0210,2026-09-02,2284.23,COMPLETED
5054,C0644,P0231,2026-09-04,2902.47,COMPLETED
5055,C0767,P0085,2026-09-05,163.56,REFUNDED
5056,C0156,P0130,2026-09-02,3960.42,REFUNDED
5057,C0942,P0107,2026-09-01,873.61,CANCELLED
5058,C0422,P0260,2026-09-04,4887.7,REFUNDED
5059,C0631,P0023,2026-09-02,2724.27,REFUNDED
5060,C0704,P0237,2026-09-05,2057.08,CANCELLED
5061,C0454,P0014,2026-09-04,3632.72,CANCELLED
5062,C0881,P0038,2026-09-02,3208.78,REFUNDED
5063,C0223,P0328,2026-09-05,3501.69,REFUNDED
5064,C0089,P0356,2026-09-03,1936.89,COMPLETED
5065,C0919,P0346,2026-09-03,4266.52,CANCELLED
5066,C0103,P0384,2026-09-02,3218.57,CANCELLED
5067,C0144,P0237,2026-09-04,1303.31,CANCELLED
5068,C0771,P0196,2026-09-05,4590.9,REFUNDED
5069,C0127,P0176,2026-09-04,4458.73,REFUNDED
5070,C0604,P0382,2026-09-05,4389.71,CANCELLED
5071,C0748,P0205,2026-09-03,3017.0,REFUNDED
5072,C0394,P0439,2026-09-03,168.93,CANCELLED
5073,C0360,P0100,2026-09-02,4927.59,REFUNDED
5074,C0987,P0204,2026-09-05,4590.27,COMPLETED
5075,C0440,P0020,2026-09-01,1435.66,CANCELLED
5076,C0323,P0006,2026-09-04,3590.2,CANCELLED
5077,C0811,P0129,2026-09-03,307.39,COMPLETED
5078,C0144,P0059,2026-09-05,4342.08,COMPLETED
5079,C0254,P0364,2026-09-04,770.58,COMPLETED
5080,C0284,P0470,2026-09-01,3127.08,REFUNDED
5081,C0661,P0070,2026-09-01,3829.81,CANCELLED
5082,C0087,P0168,2026-09-04,513.23,COMPLETED
5083,C0255,P0344,2026-09-05,2841.43,CANCELLED
5084,C0567,P0384,2026-09-02,1114.99,REFUNDED
5085,C0616,P0238,2026-09-03,297.1,CANCELLED
5086,C0615,P0249,2026-09-02,3282.77,COMPLETED
5087,C0739,P0237,2026-09-05,4455.49,CANCELLED
5088,C0623,P0035,2026-09-02,54.53,COMPLETED
5089,C0292,P0043,2026-09-05,585.99,REFUNDED
5090,C0798,P0281,2026-09-01,1692.42,REFUNDED
5091,C0964,P0337,2026-09-02,1987.95,COMPLETED
5092,C0708,P0125,2026-09-02,2402.21,COMPLETED
5093,C0028,P0366,2026-09-01,3946.06,REFUNDED
5094,C0869,P0487,2026-09-02,2676.45,CANCELLED
5095,C0868,P0225,2026-09-02,3470.07,CANCELLED
5096,C0675,P0072,2026-09-01,3556.98,CANCELLED
5097,C0897,P0242,2026-09-01,347.07,COMPLETED
5098,C0309,P0421,2026-09-04,4394.99,REFUNDED
5099,C0211,P0143,2026-09-02,1122.85,COMPLETED
5100,C0531,P0431,2026-09-02,2643.42,CANCELLED
5101,C0622,P0083,2026-09-03,2572.38,COMPLETED
5102,C0522,P0088,2026-09-01,3212.67,COMPLETED
5103,C0194,P0430,2026-09-05,3654.85,REFUNDED
5104,C0766,P0010,2026-09-01,226.83,CANCELLED
5105,C0402,P0311,2026-09-02,1313.64,REFUNDED
5106,C0303,P0052,2026-09-01,387.28,COMPLETED
5107,C0662,P0091,2026-09-01,1445.14,REFUNDED
5108,C0056,P0151,2026-09-04,1396.1,COMPLETED
5109,C0803,P0064,2026-09-01,366.18,CANCELLED
5110,C0920,P0274,2026-09-03,2058.05,REFUNDED
5111,C0813,P0380,2026-09-02,4473.44,REFUNDED
5112,C0978,P0201,2026-09-04,1732.66,CANCELLED
5113,C0246,P0087,2026-09-02,3451.16,CANCELLED
5114,C0507,P0040,2026-09-02,4176.51,REFUNDED
5115,C0396,P0344,2026-09-01,995.11,CANCELLED
5116,C0116,P0391,2026-09-03,3189.81,CANCELLED
5117,C0247,P0006,2026-09-03,559.99,COMPLETED
5118,C0512,P0347,2026-09-04,2599.51,REFUNDED
5119,C0654,P0140,2026-09-04,1125.35,CANCELLED
5120,C0609,P0079,2026-09-05,1585.96,COMPLETED
5121,C0073,P0226,2026-09-03,1632.61,COMPLETED
5122,C0541,P0184,2026-09-04,2553.14,REFUNDED
5123,C0911,P0092,2026-09-02,1025.57,COMPLETED
5124,C0013,P0111,2026-09-02,3141.1,CANCELLED
5125,C0370,P0366,2026-09-02,109.51,REFUNDED
5126,C0957,P0018,2026-09-04,4614.76,CANCELLED
5127,C0325,P0458,2026-09-03,2605.78,CANCELLED
5128,C0136,P0346,2026-09-02,1622.92,COMPLETED
5129,C0397,P0273,2026-09-02,1445.07,REFUNDED
5130,C0882,P0111,2026-09-04,594.45,REFUNDED
5131,C0860,P0227,2026-09-04,4211.93,CANCELLED
5132,C0583,P0357,2026-09-03,2281.47,CANCELLED
5133,C0431,P0025,2026-09-04,1348.21,COMPLETED
5134,C0375,P0429,2026-09-01,501.49,CANCELLED
5135,C0560,P0326,2026-09-03,4639.35,REFUNDED
5136,C0700,P0416,2026-09-01,234.15,CANCELLED
5137,C0177,P0268,2026-09-04,4448.46,COMPLETED
5138,C0782,P0329,2026-09-04,3962.03,REFUNDED
5139,C0483,P0340,2026-09-02,3302.44,REFUNDED
5140,C0978,P0367,2026-09-01,2053.75,CANCELLED
5141,C0789,P0338,2026-09-01,3051.23,CANCELLED
5142,C0075,P0460,2026-09-04,3484.88,COMPLETED
5143,C0018,P0053,2026-09-05,3246.9,COMPLETED
5144,C0602,P0200,2026-09-03,1060.82,REFUNDED
5145,C0070,P0354,2026-09-02,3523.55,COMPLETED
5146,C0015,P0158,2026-09-04,2207.86,COMPLETED
5147,C0269,P0228,2026-09-01,578.18,CANCELLED
5148,C0221,P0027,2026-09-03,2603.99,COMPLETED
5149,C0041,P0307,2026-09-02,1976.85,CANCELLED
5150,C0945,P0003,2026-09-03,4905.72,REFUNDED
5151,C0062,P0025,2026-09-03,2610.93,REFUNDED
5152,C0972,P0396,2026-09-02,2140.86,CANCELLED
5153,C0809,P0194,2026-09-04,471.68,CANCELLED
5154,C0408,P0393,2026-09-01,2877.87,REFUNDED
5155,C0519,P0104,2026-09-04,4141.68,COMPLETED
5156,C0294,P0476,2026-09-05,1957.63,CANCELLED
5157,C0644,P0128,2026-09-01,1813.43,CANCELLED
5158,C0730,P0192,2026-09-05,3692.42,REFUNDED
5159,C0514,P0466,2026-09-04,2630.52,COMPLETED
5160,C0786,P0123,2026-09-03,3336.78,COMPLETED
5161,C0426,P0103,2026-09-03,841.17,COMPLETED
5162,C0434,P0047,2026-09-02,375.08,COMPLETED
5163,C0719,P0009,2026-09-04,4355.44,REFUNDED
5164,C0412,P0216,2026-09-02,3611.11,COMPLETED
5165,C0085,P0015,2026-09-03,4330.95,REFUNDED
5166,C0656,P0008,2026-09-04,1697.56,REFUNDED
5167,C0550,P0173,2026-09-04,4896.25,REFUNDED
5168,C0551,P0421,2026-09-03,1076.53,REFUNDED
5169,C0631,P0099,2026-09-02,988.48,CANCELLED
5170,C0157,P0349,2026-09-04,1814.86,REFUNDED
5171,C0285,P0343,2026-09-02,2718.64,REFUNDED
5172,C0086,P0033,2026-09-04,2960.91,REFUNDED
5173,C0318,P0113,2026-09-02,2138.81,COMPLETED
5174,C0081,P0491,2026-09-01,2226.67,COMPLETED
5175,C0524,P0452,2026-09-02,792.26,COMPLETED
5176,C0944,P0050,2026-09-04,1879.61,REFUNDED
5177,C0209,P0409,2026-09-04,1855.49,REFUNDED
5178,C0998,P0428,2026-09-02,1235.11,COMPLETED
5179,C0828,P0426,2026-09-05,1274.95,CANCELLED
5180,C0160,P0341,2026-09-05,3297.86,CANCELLED
5181,C0550,P0086,2026-09-02,3863.8,CANCELLED
5182,C0335,P0371,2026-09-01,2570.44,COMPLETED
5183,C0401,P0086,2026-09-03,1447.33,REFUNDED
5184,C0601,P0023,2026-09-03,1970.09,CANCELLED
5185,C0650,P0213,2026-09-05,3314.32,REFUNDED
5186,C0782,P0263,2026-09-03,516.61,REFUNDED
5187,C0855,P0056,2026-09-01,4531.84,COMPLETED
5188,C0666,P0418,2026-09-03,3516.98,COMPLETED
5189,C0698,P0168,2026-09-05,1709.0,COMPLETED
5190,C0659,P0166,2026-09-03,264.41,CANCELLED
5191,C0068,P0288,2026-09-04,3422.53,REFUNDED
5192,C0318,P0321,2026-09-01,2720.16,CANCELLED
5193,C0716,P0098,2026-09-01,1375.04,COMPLETED
5194,C0448,P0320,2026-09-05,2155.35,COMPLETED
5195,C0748,P0107,2026-09-01,2762.86,CANCELLED
5196,C0977,P0479,2026-09-02,3043.52,CANCELLED
5197,C0867,P0278,2026-09-03,1079.69,CANCELLED
5198,C0245,P0203,2026-09-03,4083.2,CANCELLED
5199,C0060,P0481,2026-09-02,3893.02,COMPLETED
5200,C0251,P0220,2026-09-05,81.98,REFUNDED
5201,C0089,P0062,2026-09-05,3954.03,COMPLETED
5202,C0947,P0119,2026-09-05,1737.81,CANCELLED
5203,C0445,P0110,2026-09-05,830.07,CANCELLED
5204,C0119,P0055,2026-09-02,4137.37,REFUNDED
5205,C0465,P0183,2026-09-04,934.91,COMPLETED
5206,C0627,P0166,2026-09-05,3782.05,CANCELLED
5207,C0624,P0089,2026-09-01,2178.49,COMPLETED
5208,C0057,P0008,2026-09-02,2822.87,CANCELLED
5209,C0317,P0206,2026-09-01,3254.38,CANCELLED
5210,C0683,P0335,2026-09-03,1312.48,CANCELLED
5211,C0760,P0162,2026-09-05,394.68,CANCELLED
5212,C0674,P0007,2026-09-04,1886.33,CANCELLED
5213,C0759,P0200,2026-09-05,3706.33,COMPLETED
5214,C0180,P0109,2026-09-03,353.09,COMPLETED
5215,C0123,P0235,2026-09-01,1633.68,COMPLETED
5216,C0013,P0113,2026-09-04,4380.2,COMPLETED
5217,C0725,P0034,2026-09-02,1884.55,COMPLETED
5218,C0141,P0337,2026-09-02,1534.13,CANCELLED
5219,C0719,P0418,2026-09-01,577.15,REFUNDED
5220,C0012,P0143,2026-09-03,1230.84,CANCELLED
5221,C0168,P0333,2026-09-04,4028.77,CANCELLED
5222,C0509,P0320,2026-09-03,2362.22,REFUNDED
5223,C0976,P0189,2026-09-03,992.69,REFUNDED
5224,C0356,P0023,2026-09-05,4580.57,REFUNDED
5225,C0536,P0035,2026-09-02,2699.1,COMPLETED
5226,C0530,P0454,2026-09-04,2843.3,COMPLETED
5227,C0802,P0112,2026-09-05,2385.91,REFUNDED
5228,C0843,P0211,2026-09-05,4435.71,COMPLETED
5229,C0739,P0155,2026-09-05,4219.73,REFUNDED
5230,C0266,P0393,2026-09-03,3212.6,CANCELLED
5231,C0171,P0307,2026-09-01,3839.35,COMPLETED
5232,C0381,P0256,2026-09-04,1157.61,CANCELLED
5233,C0130,P0053,2026-09-04,4331.89,COMPLETED
5234,C0768,P0365,2026-09-05,4230.83,CANCELLED
5235,C0800,P0275,2026-09-02,4753.15,COMPLETED
5236,C0895,P0406,2026-09-02,3977.12,REFUNDED
5237,C0276,P0473,2026-09-03,2372.26,CANCELLED
5238,C0751,P0436,2026-09-01,4603.28,COMPLETED
5239,C0908,P0292,2026-09-03,4753.13,CANCELLED
5240,C0121,P0088,2026-09-03,623.97,CANCELLED
5241,C0790,P0129,2026-09-04,4400.16,CANCELLED
5242,C0922,P0492,2026-09-02,2531.25,COMPLETED
5243,C0031,P0049,2026-09-05,744.03,REFUNDED
5244,C0344,P0308,2026-09-03,684.94,CANCELLED
5245,C0827,P0167,2026-09-04,3675.81,CANCELLED
5246,C0440,P0324,2026-09-02,3279.74,CANCELLED
5247,C0279,P0357,2026-09-04,4611.63,REFUNDED
5248,C0537,P0199,2026-09-05,1032.18,COMPLETED
5249,C0066,P0348,2026-09-01,3912.15,REFUNDED
5250,C0270,P0474,2026-09-01,354.32,REFUNDED
5251,C0730,P0498,2026-09-01,2240.8,COMPLETED
5252,C0999,P0395,2026-09-05,460.57,CANCELLED
5253,C0591,P0356,2026-09-02,412.26,COMPLETED
5254,C0643,P0069,2026-09-02,4145.04,COMPLETED
5255,C0079,P0171,2026-09-04,3595.82,REFUNDED
5256,C0509,P0090,2026-09-01,1429.36,REFUNDED
5257,C0467,P0326,2026-09-02,1007.64,COMPLETED
5258,C0524,P0390,2026-09-04,3391.92,COMPLETED
5259,C0369,P0453,2026-09-04,2469.86,CANCELLED
5260,C0057,P0353,2026-09-05,4447.82,REFUNDED
5261,C0512,P0163,2026-09-01,4823.34,CANCELLED
5262,C0880,P0436,2026-09-01,1776.55,COMPLETED
5263,C0581,P0342,2026-09-05,3310.3,CANCELLED
5264,C0171,P0247,2026-09-04,4251.39,COMPLETED
5265,C0377,P0035,2026-09-02,3474.11,CANCELLED
5266,C0162,P0172,2026-09-02,2262.82,COMPLETED
5267,C0262,P0010,2026-09-02,2374.77,COMPLETED
5268,C0792,P0312,2026-09-02,3799.09,CANCELLED
5269,C0106,P0467,2026-09-03,4179.38,REFUNDED
5270,C0916,P0300,2026-09-01,3929.33,REFUNDED
5271,C0588,P0230,2026-09-01,4521.29,COMPLETED
5272,C0691,P0196,2026-09-03,4676.64,REFUNDED
5273,C0741,P0262,2026-09-01,3405.39,COMPLETED
5274,C0119,P0328,2026-09-05,2933.69,COMPLETED
5275,C0234,P0380,2026-09-04,2399.95,COMPLETED
5276,C0759,P0120,2026-09-01,1912.18,COMPLETED
5277,C0522,P0258,2026-09-03,3563.39,CANCELLED
5278,C0003,P0301,2026-09-05,2200.79,REFUNDED
5279,C0046,P0361,2026-09-04,3870.81,COMPLETED
5280,C0880,P0007,2026-09-02,2043.05,CANCELLED
5281,C0884,P0120,2026-09-01,2303.53,CANCELLED
5282,C0013,P0011,2026-09-03,1515.18,CANCELLED
5283,C0251,P0316,2026-09-02,3055.92,COMPLETED
5284,C0048,P0389,2026-09-05,3630.98,CANCELLED
5285,C0484,P0460,2026-09-01,1919.26,REFUNDED
5286,C0373,P0064,2026-09-01,4280.74,COMPLETED
5287,C0393,P0159,2026-09-03,1014.12,REFUNDED
5288,C0943,P0122,2026-09-05,3905.94,CANCELLED
5289,C0154,P0378,2026-09-05,129.58,CANCELLED
5290,C0184,P0220,2026-09-02,3094.22,CANCELLED
5291,C0954,P0388,2026-09-01,1864.9,REFUNDED
5292,C0984,P0125,2026-09-04,849.31,COMPLETED
5293,C0879,P0318,2026-09-03,4129.39,REFUNDED
5294,C0037,P0041,2026-09-05,1443.67,REFUNDED
5295,C0567,P0031,2026-09-02,735.13,CANCELLED
5296,C0823,P0071,2026-09-01,3388.6,CANCELLED
5297,C0936,P0192,2026-09-04,3426.65,COMPLETED
5298,C0732,P0256,2026-09-02,1854.42,COMPLETED
5299,C0759,P0152,2026-09-04,3912.64,COMPLETED
5300,C0672,P0104,2026-09-03,3139.51,REFUNDED
5301,C0430,P0078,2026-09-01,4788.08,COMPLETED
5302,C0230,P0193,2026-09-01,952.38,CANCELLED
5303,C0330,P0105,2026-09-05,4197.05,CANCELLED
5304,C0255,P0329,2026-09-05,2918.3,CANCELLED
5305,C0427,P0020,2026-09-02,3813.18,REFUNDED
5306,C0938,P0122,2026-09-05,1257.19,COMPLETED
5307,C0738,P0473,2026-09-03,3137.65,COMPLETED
5308,C0328,P0372,2026-09-01,115.76,REFUNDED
5309,C0278,P0307,2026-09-04,155.19,CANCELLED
5310,C0846,P0485,2026-09-03,3481.73,REFUNDED
5311,C0080,P0228,2026-09-03,2417.29,COMPLETED
5312,C0586,P0379,2026-09-04,1254.07,CANCELLED
5313,C0382,P0450,2026-09-05,297.84,CANCELLED
5314,C0123,P0169,2026-09-02,614.39,REFUNDED
5315,C0515,P0069,2026-09-01,2489.57,CANCELLED
5316,C0690,P0143,2026-09-01,3220.67,REFUNDED
5317,C0924,P0163,2026-09-05,615.73,COMPLETED
5318,C0054,P0330,2026-09-01,4543.97,CANCELLED
5319,C0184,P0403,2026-09-03,1677.33,REFUNDED
5320,C0229,P0390,2026-09-02,3738.85,REFUNDED
5321,C0824,P0021,2026-09-02,526.1,COMPLETED
5322,C0529,P0267,2026-09-02,392.75,REFUNDED
5323,C0048,P0406,2026-09-02,3558.75,CANCELLED
5324,C0977,P0213,2026-09-01,4552.18,REFUNDED
5325,C0411,P0332,2026-09-02,2124.34,CANCELLED
5326,C0071,P0417,2026-09-02,202.11,REFUNDED
5327,C0899,P0148,2026-09-02,211.85,COMPLETED
5328,C0477,P0385,2026-09-02,2036.56,REFUNDED
5329,C0887,P0013,2026-09-02,2824.6,COMPLETED
5330,C0290,P0118,2026-09-03,3602.95,REFUNDED
5331,C0793,P0434,2026-09-04,3363.65,CANCELLED
5332,C0866,P0376,2026-09-01,4231.24,COMPLETED
5333,C0319,P0170,2026-09-04,4553.19,REFUNDED
5334,C0336,P0176,2026-09-02,3009.47,CANCELLED
5335,C0089,P0125,2026-09-05,4324.41,REFUNDED
5336,C0567,P0106,2026-09-02,4596.64,COMPLETED
5337,C0468,P0277,2026-09-01,1056.38,COMPLETED
5338,C0009,P0028,2026-09-01,1627.29,COMPLETED
5339,C0378,P0465,2026-09-02,2562.62,REFUNDED
5340,C0206,P0470,2026-09-03,3582.96,COMPLETED
5341,C0299,P0341,2026-09-03,1822.88,REFUNDED
5342,C0578,P0128,2026-09-04,4477.43,REFUNDED
5343,C0804,P0411,2026-09-02,3020.61,COMPLETED
5344,C0312,P0352,2026-09-01,583.59,REFUNDED
5345,C0758,P0357,2026-09-02,2873.75,CANCELLED
5346,C0638,P0369,2026-09-04,2386.37,COMPLETED
5347,C0249,P0114,2026-09-04,501.88,REFUNDED
5348,C0476,P0312,2026-09-01,1298.14,REFUNDED
5349,C0378,P0447,2026-09-02,1250.21,REFUNDED
5350,C0606,P0196,2026-09-03,4486.42,CANCELLED
5351,C0996,P0267,2026-09-01,2551.52,REFUNDED
5352,C0506,P0165,2026-09-05,2095.18,COMPLETED
5353,C0792,P0094,2026-09-02,3186.17,CANCELLED
5354,C0795,P0227,2026-09-04,4272.67,COMPLETED
5355,C0201,P0323,2026-09-01,3409.95,CANCELLED
5356,C0751,P0004,2026-09-01,1238.32,COMPLETED
5357,C0923,P0034,2026-09-02,821.04,COMPLETED
5358,C0560,P0446,2026-09-02,4389.15,COMPLETED
5359,C0779,P0252,2026-09-01,503.52,REFUNDED
5360,C0816,P0036,2026-09-02,4974.83,CANCELLED
5361,C0252,P0489,2026-09-04,2499.53,REFUNDED
5362,C0155,P0099,2026-09-01,736.61,REFUNDED
5363,C0007,P0027,2026-09-04,3304.13,CANCELLED
5364,C0955,P0325,2026-09-02,2145.25,REFUNDED
5365,C0420,P0073,2026-09-02,773.95,REFUNDED
5366,C0025,P0481,2026-09-03,2616.32,COMPLETED
5367,C0239,P0105,2026-09-05,1586.37,REFUNDED
5368,C0555,P0065,2026-09-05,2716.69,COMPLETED
5369,C0355,P0047,2026-09-05,1356.15,CANCELLED
5370,C0652,P0089,2026-09-05,4450.41,COMPLETED
5371,C0860,P0304,2026-09-05,4513.13,CANCELLED
5372,C0711,P0282,2026-09-03,4943.08,CANCELLED
5373,C0899,P0426,2026-09-04,2515.4,COMPLETED
5374,C0010,P0408,2026-09-02,686.25,COMPLETED
5375,C0974,P0478,2026-09-05,62.94,COMPLETED
5376,C0344,P0105,2026-09-05,4063.68,COMPLETED
5377,C0002,P0121,2026-09-05,3461.57,REFUNDED
5378,C0778,P0260,2026-09-02,3686.46,COMPLETED
5379,C0674,P0041,2026-09-04,3306.25,COMPLETED
5380,C0386,P0219,2026-09-04,152.92,CANCELLED
5381,C0870,P0372,2026-09-02,1986.06,CANCELLED
5382,C0756,P0240,2026-09-05,295.67,COMPLETED
5383,C0745,P0160,2026-09-04,1555.76,COMPLETED
5384,C0315,P0085,2026-09-03,3744.1,COMPLETED
5385,C0107,P0370,2026-09-03,3960.06,REFUNDED
5386,C0211,P0102,2026-09-03,1632.17,REFUNDED
5387,C0543,P0126,2026-09-05,2966.68,REFUNDED
5388,C0244,P0218,2026-09-02,2819.42,CANCELLED
5389,C0430,P0091,2026-09-01,1722.71,REFUNDED
5390,C0504,P0311,2026-09-02,1081.93,CANCELLED
5391,C0985,P0128,2026-09-04,759.04,CANCELLED
5392,C0062,P0156,2026-09-03,4393.19,REFUNDED
5393,C0996,P0147,2026-09-04,2033.19,REFUNDED
5394,C0146,P0296,2026-09-05,3275.93,REFUNDED
5395,C0729,P0230,2026-09-04,3661.68,REFUNDED
5396,C0287,P0496,2026-09-01,4401.59,CANCELLED
5397,C0096,P0326,2026-09-05,3495.57,CANCELLED
5398,C0045,P0104,2026-09-01,1030.83,CANCELLED
5399,C0944,P0140,2026-09-02,1210.64,REFUNDED
5400,C0238,P0442,2026-09-01,4498.07,CANCELLED
5401,C0919,P0401,2026-09-02,4232.83,REFUNDED
5402,C0866,P0247,2026-09-05,4552.4,COMPLETED
5403,C0533,P0041,2026-09-01,1937.88,REFUNDED
5404,C0423,P0487,2026-09-05,3578.2,REFUNDED
5405,C0718,P0498,2026-09-04,4171.4,COMPLETED
5406,C0918,P0185,2026-09-04,1043.82,CANCELLED
5407,C0382,P0204,2026-09-05,113.67,COMPLETED
5408,C0470,P0194,2026-09-02,4540.02,REFUNDED
5409,C0998,P0086,2026-09-01,331.48,COMPLETED
5410,C0766,P0242,2026-09-05,236.7,COMPLETED
5411,C0087,P0226,2026-09-02,309.46,REFUNDED
5412,C0595,P0217,2026-09-05,4112.74,CANCELLED
5413,C0098,P0259,2026-09-02,2963.79,CANCELLED
5414,C0518,P0313,2026-09-02,376.53,REFUNDED
5415,C0137,P0377,2026-09-02,2244.67,CANCELLED
5416,C0653,P0222,2026-09-01,614.09,REFUNDED
5417,C0840,P0390,2026-09-05,67.58,COMPLETED
5418,C0404,P0080,2026-09-05,4705.54,CANCELLED
5419,C0077,P0420,2026-09-05,4275.36,CANCELLED
5420,C0607,P0489,2026-09-01,2681.89,CANCELLED
5421,C0582,P0407,2026-09-02,272.03,REFUNDED
5422,C0064,P0247,2026-09-05,2657.3,REFUNDED
5423,C0446,P0011,2026-09-05,4912.87,REFUNDED
5424,C0679,P0391,2026-09-01,1191.67,COMPLETED
5425,C0988,P0196,2026-09-03,3510.15,CANCELLED
5426,C0134,P0219,2026-09-05,1429.46,COMPLETED
5427,C0243,P0438,2026-09-05,1708.76,COMPLETED
5428,C0299,P0043,2026-09-01,4409.87,REFUNDED
5429,C0268,P0389,2026-09-03,3020.68,COMPLETED
5430,C0872,P0465,2026-09-03,939.57,REFUNDED
5431,C0323,P0472,2026-09-03,3430.57,REFUNDED
5432,C0949,P0154,2026-09-05,3127.11,COMPLETED
5433,C0821,P0305,2026-09-02,1189.07,COMPLETED
5434,C0403,P0276,2026-09-02,4621.14,COMPLETED
5435,C0718,P0079,2026-09-01,3546.07,COMPLETED
5436,C0852,P0284,2026-09-04,3185.12,COMPLETED
5437,C0754,P0373,2026-09-04,2114.94,REFUNDED
5438,C0335,P0090,2026-09-02,488.18,CANCELLED
5439,C0326,P0132,2026-09-02,3863.06,COMPLETED
5440,C0464,P0195,2026-09-02,1999.85,COMPLETED
5441,C0279,P0238,2026-09-01,2692.26,COMPLETED
5442,C0240,P0157,2026-09-05,3231.35,CANCELLED
5443,C0077,P0233,2026-09-02,2583.63,CANCELLED
5444,C0967,P0146,2026-09-05,4063.33,REFUNDED
5445,C0208,P0193,2026-09-04,744.64,COMPLETED
5446,C0140,P0288,2026-09-01,728.67,COMPLETED
5447,C0799,P0311,2026-09-04,3194.19,CANCELLED
5448,C0789,P0247,2026-09-05,2623.57,COMPLETED
5449,C0599,P0037,2026-09-01,1776.51,REFUNDED
5450,C0112,P0171,2026-09-03,4921.5,CANCELLED
5451,C0160,P0070,2026-09-04,3817.11,REFUNDED
5452,C0109,P0367,2026-09-02,1550.34,COMPLETED
5453,C0169,P0241,2026-09-03,2321.38,REFUNDED
5454,C0461,P0101,2026-09-03,3502.17,COMPLETED
5455,C0478,P0080,2026-09-01,1319.35,COMPLETED
5456,C0322,P0470,2026-09-01,2317.09,REFUNDED
5457,C0417,P0098,2026-09-01,68.54,REFUNDED
5458,C0124,P0003,2026-09-01,1770.04,CANCELLED
5459,C0549,P0007,2026-09-01,3603.15,CANCELLED
5460,C0367,P0442,2026-09-01,414.57,COMPLETED
5461,C0988,P0257,2026-09-01,4149.63,CANCELLED
5462,C0789,P0374,2026-09-03,4989.43,CANCELLED
5463,C0213,P0372,2026-09-02,229.86,COMPLETED
5464,C0463,P0192,2026-09-05,1776.82,REFUNDED
5465,C0316,P0252,2026-09-01,2764.98,COMPLETED
5466,C0475,P0208,2026-09-01,1099.85,COMPLETED
5467,C0272,P0474,2026-09-02,3909.79,COMPLETED
5468,C0873,P0213,2026-09-04,1260.31,COMPLETED
5469,C0123,P0482,2026-09-01,4316.99,CANCELLED
5470,C0093,P0203,2026-09-04,2191.62,COMPLETED
5471,C0162,P0497,2026-09-05,4652.85,CANCELLED
5472,C0827,P0381,2026-09-03,3043.07,COMPLETED
5473,C0703,P0192,2026-09-01,3112.73,COMPLETED
5474,C0312,P0197,2026-09-05,1486.57,REFUNDED
5475,C0847,P0251,2026-09-01,740.57,CANCELLED
5476,C0722,P0158,2026-09-02,2810.61,CANCELLED
5477,C0714,P0329,2026-09-03,4937.81,COMPLETED
5478,C0618,P0302,2026-09-03,3747.63,CANCELLED
5479,C0042,P0037,2026-09-04,742.66,CANCELLED
5480,C0221,P0210,2026-09-01,2139.84,CANCELLED
5481,C0856,P0454,2026-09-05,1202.26,COMPLETED
5482,C0878,P0020,2026-09-03,4993.56,CANCELLED
5483,C0336,P0472,2026-09-03,3680.56,COMPLETED
5484,C0152,P0064,2026-09-03,1812.09,REFUNDED
5485,C0094,P0198,2026-09-02,192.47,REFUNDED
5486,C0729,P0478,2026-09-01,3655.94,COMPLETED
5487,C0255,P0290,2026-09-05,2057.4,REFUNDED
5488,C0992,P0084,2026-09-02,2454.82,REFUNDED
5489,C0365,P0100,2026-09-05,2420.73,REFUNDED
5490,C0406,P0391,2026-09-05,4340.53,REFUNDED
5491,C0526,P0224,2026-09-05,2569.98,REFUNDED
5492,C0051,P0491,2026-09-04,2419.65,REFUNDED
5493,C0694,P0131,2026-09-03,4355.18,CANCELLED
5494,C0307,P0395,2026-09-04,670.06,REFUNDED
5495,C0267,P0468,2026-09-05,2677.31,REFUNDED
5496,C0840,P0385,2026-09-01,4061.93,CANCELLED
5497,C0179,P0370,2026-09-02,1122.88,REFUNDED
5498,C0032,P0179,2026-09-02,4637.84,CANCELLED
5499,C0975,P0261,2026-09-03,2190.59,CANCELLED
5500,C0415,P0364,2026-09-05,2653.52,CANCELLED
5501,C0876,P0251,2026-09-05,3340.77,COMPLETED
5502,C0464,P0326,2026-09-01,1819.8,REFUNDED
5503,C0570,P0353,2026-09-03,484.52,REFUNDED
5504,C0767,P0189,2026-09-04,3290.96,CANCELLED
5505,C0564,P0357,2026-09-04,4401.53,CANCELLED
5506,C0256,P0030,2026-09-01,3922.47,COMPLETED
5507,C0097,P0334,2026-09-05,849.25,COMPLETED
5508,C0474,P0198,2026-09-04,4625.38,COMPLETED
5509,C0105,P0475,2026-09-04,900.89,CANCELLED
5510,C0824,P0218,2026-09-01,836.63,REFUNDED
5511,C0813,P0377,2026-09-01,2154.32,CANCELLED
5512,C0144,P0127,2026-09-05,2203.16,COMPLETED
5513,C0125,P0125,2026-09-01,2597.88,CANCELLED
5514,C0013,P0245,2026-09-01,3471.09,REFUNDED
5515,C0064,P0018,2026-09-03,105.41,COMPLETED
5516,C0851,P0472,2026-09-02,3511.22,COMPLETED
5517,C0800,P0417,2026-09-04,1013.85,COMPLETED
5518,C0228,P0186,2026-09-03,3235.73,COMPLETED
5519,C0134,P0324,2026-09-03,473.85,REFUNDED
5520,C0203,P0362,2026-09-01,2006.11,COMPLETED
5521,C0844,P0347,2026-09-03,4094.26,CANCELLED
5522,C0411,P0015,2026-09-05,886.59,COMPLETED
5523,C0382,P0358,2026-09-03,2773.97,COMPLETED
5524,C0703,P0341,2026-09-05,3222.08,REFUNDED
5525,C0646,P0331,2026-09-02,3396.09,REFUNDED
5526,C0961,P0076,2026-09-04,3584.92,REFUNDED
5527,C0661,P0134,2026-09-04,4838.91,REFUNDED
5528,C0087,P0310,2026-09-05,53.34,CANCELLED
5529,C0597,P0234,2026-09-01,1492.6,COMPLETED
5530,C0601,P0484,2026-09-02,2939.47,CANCELLED
5531,C0266,P0349,2026-09-04,4051.7,CANCELLED
5532,C0940,P0076,2026-09-02,2849.72,COMPLETED
5533,C0833,P0131,2026-09-03,575.55,CANCELLED
5534,C0077,P0127,2026-09-05,1651.12,CANCELLED
5535,C0023,P0309,2026-09-02,3131.31,COMPLETED
5536,C0067,P0297,2026-09-03,2427.35,CANCELLED
5537,C0203,P0488,2026-09-03,803.85,CANCELLED
5538,C0925,P0340,2026-09-01,1647.44,CANCELLED
5539,C0662,P0431,2026-09-03,3036.15,COMPLETED
5540,C0455,P0083,2026-09-03,2505.23,CANCELLED
5541,C0829,P0007,2026-09-02,1517.11,REFUNDED
5542,C0132,P0060,2026-09-05,2767.77,REFUNDED
5543,C0095,P0395,2026-09-04,980.41,REFUNDED
5544,C0927,P0048,2026-09-01,2807.37,REFUNDED
5545,C0868,P0330,2026-09-05,4799.98,REFUNDED
5546,C0850,P0365,2026-09-01,2684.4,COMPLETED
5547,C0829,P0470,2026-09-04,1619.58,REFUNDED
5548,C0340,P0197,2026-09-01,4625.17,COMPLETED
5549,C0126,P0204,2026-09-04,4596.36,CANCELLED
5550,C0044,P0362,2026-09-02,4708.89,CANCELLED
5551,C0965,P0301,2026-09-02,1490.0,REFUNDED
5552,C0473,P0499,2026-09-04,3877.37,REFUNDED
5553,C0052,P0462,2026-09-05,591.33,REFUNDED
5554,C0173,P0042,2026-09-05,4738.76,COMPLETED
5555,C0947,P0266,2026-09-05,1968.28,REFUNDED
5556,C0588,P0466,2026-09-04,2440.09,REFUNDED
5557,C0444,P0097,2026-09-05,2934.43,CANCELLED
5558,C0842,P0449,2026-09-03,2879.7,REFUNDED
5559,C0742,P0217,2026-09-01,4769.32,COMPLETED
5560,C0405,P0085,2026-09-05,738.42,COMPLETED
5561,C0509,P0425,2026-09-05,4788.47,REFUNDED
5562,C0031,P0219,2026-09-02,4321.71,REFUNDED
5563,C0392,P0130,2026-09-02,4343.64,COMPLETED
5564,C0700,P0355,2026-09-01,1787.05,REFUNDED
5565,C0437,P0155,2026-09-01,509.42,COMPLETED
5566,C0177,P0257,2026-09-03,2687.74,REFUNDED
5567,C0363,P0496,2026-09-01,447.38,REFUNDED
5568,C0220,P0273,2026-09-01,615.05,COMPLETED
5569,C0931,P0338,2026-09-04,4886.13,CANCELLED
5570,C0192,P0454,2026-09-03,2651.63,REFUNDED
5571,C0282,P0196,2026-09-05,244.92,COMPLETED
5572,C0287,P0301,2026-09-01,4371.54,REFUNDED
5573,C0457,P0158,2026-09-05,1837.25,REFUNDED
5574,C0905,P0376,2026-09-05,265.76,COMPLETED
5575,C0153,P0211,2026-09-01,3606.08,CANCELLED
5576,C0036,P0386,2026-09-03,959.0,REFUNDED
5577,C0629,P0449,2026-09-03,1385.36,REFUNDED
5578,C0635,P0474,2026-09-02,3534.83,CANCELLED
5579,C0632,P0373,2026-09-05,945.69,REFUNDED
5580,C0252,P0446,2026-09-04,4742.08,COMPLETED
5581,C0663,P0046,2026-09-04,2827.83,CANCELLED
5582,C0303,P0056,2026-09-02,4450.52,REFUNDED
5583,C0511,P0326,2026-09-05,1780.42,COMPLETED
5584,C0422,P0294,2026-09-02,2342.12,CANCELLED
5585,C0904,P0398,2026-09-04,296.46,COMPLETED
5586,C0564,P0409,2026-09-02,1202.93,REFUNDED
5587,C0491,P0177,2026-09-05,132.47,COMPLETED
5588,C0063,P0417,2026-09-01,749.41,CANCELLED
5589,C0090,P0074,2026-09-04,1021.08,CANCELLED
5590,C0287,P0138,2026-09-03,661.28,REFUNDED
5591,C0393,P0384,2026-09-02,3668.88,COMPLETED
5592,C0141,P0108,2026-09-02,792.13,COMPLETED
5593,C0430,P0477,2026-09-01,3186.42,REFUNDED
5594,C0205,P0384,2026-09-02,365.85,REFUNDED
5595,C0659,P0204,2026-09-04,2560.52,REFUNDED
5596,C0906,P0358,2026-09-05,4186.29,CANCELLED
5597,C0817,P0158,2026-09-03,228.84,REFUNDED
5598,C0539,P0004,2026-09-02,1412.42,COMPLETED
5599,C0256,P0087,2026-09-05,2879.52,COMPLETED
5600,C0646,P0418,2026-09-05,4846.74,COMPLETED
5601,C0822,P0252,2026-09-03,2037.43,REFUNDED
5602,C0557,P0001,2026-09-04,3233.48,CANCELLED
5603,C0814,P0050,2026-09-03,1755.92,REFUNDED
5604,C0020,P0036,2026-09-02,4977.54,REFUNDED
5605,C0392,P0397,2026-09-01,852.15,REFUNDED
5606,C0801,P0357,2026-09-02,4262.36,COMPLETED
5607,C0731,P0214,2026-09-04,2069.97,REFUNDED
5608,C0368,P0269,2026-09-02,1093.56,COMPLETED
5609,C0492,P0214,2026-09-03,639.38,REFUNDED
5610,C0558,P0336,2026-09-05,2825.93,COMPLETED
5611,C0801,P0148,2026-09-04,1952.99,CANCELLED
5612,C0497,P0376,2026-09-02,4437.86,COMPLETED
5613,C0353,P0221,2026-09-01,117.52,CANCELLED
5614,C0935,P0088,2026-09-03,4763.52,REFUNDED
5615,C0580,P0091,2026-09-03,3212.75,CANCELLED
5616,C0515,P0192,2026-09-01,148.07,REFUNDED
5617,C0330,P0096,2026-09-04,723.7,COMPLETED
5618,C0398,P0361,2026-09-01,1345.31,CANCELLED
5619,C0277,P0069,2026-09-04,905.17,COMPLETED
5620,C0185,P0102,2026-09-03,1955.23,CANCELLED
5621,C0027,P0250,2026-09-04,3567.4,REFUNDED
5622,C0327,P0094,2026-09-02,737.52,COMPLETED
5623,C0612,P0258,2026-09-03,3523.66,CANCELLED
5624,C0225,P0486,2026-09-03,2892.38,CANCELLED
5625,C0031,P0057,2026-09-03,1849.23,CANCELLED
5626,C0918,P0231,2026-09-01,2374.39,COMPLETED
5627,C0831,P0291,2026-09-02,3973.39,REFUNDED
5628,C0798,P0417,2026-09-04,3193.53,REFUNDED
5629,C0288,P0109,2026-09-02,4971.0,REFUNDED
5630,C0060,P0096,2026-09-03,3501.57,CANCELLED
5631,C0829,P0103,2026-09-03,1666.83,REFUNDED
5632,C0484,P0031,2026-09-05,4426.44,CANCELLED
5633,C0543,P0384,2026-09-02,3467.38,REFUNDED
5634,C0367,P0094,2026-09-03,4043.46,REFUNDED
5635,C0786,P0415,2026-09-02,3825.07,REFUNDED
5636,C0599,P0389,2026-09-01,1560.12,REFUNDED
5637,C0239,P0099,2026-09-01,4732.88,CANCELLED
5638,C0998,P0133,2026-09-04,4807.1,COMPLETED
5639,C0164,P0462,2026-09-04,1869.02,CANCELLED
5640,C0103,P0447,2026-09-03,2069.63,CANCELLED
5641,C0254,P0210,2026-09-04,3896.02,CANCELLED
5642,C0673,P0226,2026-09-03,2505.39,REFUNDED
5643,C0247,P0321,2026-09-03,296.01,CANCELLED
5644,C0273,P0468,2026-09-05,1933.13,REFUNDED
5645,C0547,P0320,2026-09-05,4520.93,CANCELLED
5646,C0836,P0056,2026-09-05,3955.48,COMPLETED
5647,C0811,P0445,2026-09-05,1841.34,COMPLETED
5648,C0940,P0326,2026-09-01,1554.45,COMPLETED
5649,C0755,P0086,2026-09-02,4701.73,REFUNDED
5650,C0058,P0041,2026-09-01,1133.41,COMPLETED
5651,C0783,P0151,2026-09-03,1685.02,CANCELLED
5652,C0971,P0044,2026-09-02,374.64,REFUNDED
5653,C0225,P0194,2026-09-05,1935.05,CANCELLED
5654,C0590,P0064,2026-09-05,2174.23,COMPLETED
5655,C0867,P0142,2026-09-05,2767.42,REFUNDED
5656,C0817,P0033,2026-09-02,2705.47,CANCELLED
5657,C0398,P0176,2026-09-03,4122.47,REFUNDED
5658,C0364,P0016,2026-09-03,1801.98,CANCELLED
5659,C0958,P0300,2026-09-02,4376.29,REFUNDED
5660,C0860,P0121,2026-09-04,1033.2,CANCELLED
5661,C0866,P0245,2026-09-05,3750.31,CANCELLED
5662,C0178,P0249,2026-09-01,1374.96,REFUNDED
5663,C0181,P0345,2026-09-03,1031.58,COMPLETED
5664,C0243,P0390,2026-09-01,1518.53,COMPLETED
5665,C0607,P0052,2026-09-03,3719.98,CANCELLED
5666,C0326,P0005,2026-09-01,1181.77,REFUNDED
5667,C0826,P0032,2026-09-03,4701.9,CANCELLED
5668,C0756,P0137,2026-09-02,1798.21,CANCELLED
5669,C0715,P0385,2026-09-02,2757.81,COMPLETED
5670,C0368,P0490,2026-09-02,2173.35,COMPLETED
5671,C0936,P0004,2026-09-02,842.1,COMPLETED
5672,C0606,P0341,2026-09-03,2111.63,REFUNDED
5673,C0029,P0299,2026-09-02,2497.89,COMPLETED
5674,C0721,P0405,2026-09-05,2199.17,REFUNDED
5675,C0718,P0022,2026-09-03,1988.6,CANCELLED
5676,C0361,P0050,2026-09-05,1533.58,REFUNDED
5677,C0971,P0109,2026-09-03,1600.29,COMPLETED
5678,C0582,P0268,2026-09-01,813.57,CANCELLED
5679,C0578,P0406,2026-09-04,4310.35,CANCELLED
5680,C0146,P0004,2026-09-02,4066.45,COMPLETED
5681,C0577,P0193,2026-09-02,2390.17,REFUNDED
5682,C0972,P0309,2026-09-01,2646.4,CANCELLED
5683,C0193,P0267,2026-09-01,72.65,COMPLETED
5684,C0857,P0493,2026-09-01,2564.07,REFUNDED
5685,C0830,P0390,2026-09-05,3064.29,REFUNDED
5686,C0903,P0137,2026-09-04,1256.33,CANCELLED
5687,C0994,P0478,2026-09-05,3877.04,COMPLETED
5688,C0505,P0249,2026-09-04,3269.7,REFUNDED
5689,C0556,P0243,2026-09-01,3868.69,REFUNDED
5690,C0317,P0388,2026-09-05,3069.92,COMPLETED
5691,C0180,P0173,2026-09-01,1131.29,COMPLETED
5692,C0503,P0310,2026-09-05,4154.15,REFUNDED
5693,C0039,P0220,2026-09-02,1296.52,CANCELLED
5694,C0093,P0173,2026-09-02,1257.08,CANCELLED
5695,C0058,P0190,2026-09-05,4878.21,CANCELLED
5696,C0239,P0350,2026-09-01,2181.59,CANCELLED
5697,C0617,P0456,2026-09-02,3005.46,COMPLETED
5698,C0225,P0176,2026-09-04,1719.22,REFUNDED
5699,C0021,P0162,2026-09-02,2701.08,COMPLETED
5700,C0540,P0419,2026-09-02,1812.35,CANCELLED
5701,C0490,P0123,2026-09-04,3827.64,COMPLETED
5702,C0001,P0482,2026-09-03,3962.71,CANCELLED
5703,C0340,P0185,2026-09-02,1629.68,CANCELLED
5704,C0940,P0341,2026-09-01,344.89,REFUNDED
5705,C0629,P0205,2026-09-04,4972.9,REFUNDED
5706,C0207,P0194,2026-09-01,207.81,COMPLETED
5707,C0826,P0313,2026-09-01,915.6,CANCELLED
5708,C0134,P0030,2026-09-01,1382.24,REFUNDED
5709,C0349,P0500,2026-09-05,2344.23,COMPLETED
5710,C0735,P0183,2026-09-05,3677.44,CANCELLED
5711,C0182,P0448,2026-09-04,90.54,COMPLETED
5712,C0941,P0170,2026-09-03,2316.53,CANCELLED
5713,C0822,P0413,2026-09-04,1437.8,COMPLETED
5714,C0865,P0052,2026-09-01,4592.94,CANCELLED
5715,C0890,P0002,2026-09-04,3802.88,COMPLETED
5716,C0332,P0234,2026-09-05,3804.51,COMPLETED
5717,C0061,P0446,2026-09-04,2857.37,COMPLETED
5718,C0023,P0358,2026-09-05,3499.87,CANCELLED
5719,C0152,P0206,2026-09-05,2261.84,COMPLETED
5720,C0601,P0372,2026-09-01,4577.66,CANCELLED
5721,C0722,P0428,2026-09-01,2475.61,REFUNDED
5722,C0940,P0455,2026-09-02,752.3,CANCELLED
5723,C0146,P0474,2026-09-02,4861.94,REFUNDED
5724,C0793,P0072,2026-09-01,1607.92,CANCELLED
5725,C0114,P0014,2026-09-01,3192.93,COMPLETED
5726,C0867,P0309,2026-09-05,4614.33,REFUNDED
5727,C0539,P0063,2026-09-01,3351.42,COMPLETED
5728,C0882,P0445,2026-09-03,4848.99,REFUNDED
5729,C0374,P0272,2026-09-04,73.7,COMPLETED
5730,C0984,P0144,2026-09-01,2833.03,COMPLETED
5731,C0075,P0487,2026-09-05,191.46,REFUNDED
5732,C0383,P0359,2026-09-02,2137.47,REFUNDED
5733,C0722,P0385,2026-09-05,1708.66,COMPLETED
5734,C0965,P0418,2026-09-05,4964.39,COMPLETED
5735,C0679,P0128,2026-09-01,594.2,REFUNDED
5736,C0406,P0189,2026-09-02,240.34,COMPLETED
5737,C0601,P0232,2026-09-04,706.64,CANCELLED
5738,C0104,P0317,2026-09-03,3501.15,COMPLETED
5739,C0345,P0352,2026-09-04,74.08,REFUNDED
5740,C0310,P0338,2026-09-04,4962.66,REFUNDED
5741,C0331,P0446,2026-09-03,164.64,REFUNDED
5742,C0140,P0244,2026-09-03,965.71,REFUNDED
5743,C1000,P0264,2026-09-05,2833.52,REFUNDED
5744,C0162,P0212,2026-09-01,1592.68,COMPLETED
5745,C0750,P0339,2026-09-04,1749.92,CANCELLED
5746,C0972,P0097,2026-09-01,4429.36,CANCELLED
5747,C0448,P0002,2026-09-05,739.38,REFUNDED
5748,C0811,P0327,2026-09-02,2346.78,CANCELLED
5749,C0655,P0491,2026-09-04,1360.88,REFUNDED
5750,C0984,P0483,2026-09-03,3434.71,REFUNDED
5751,C0499,P0417,2026-09-05,3378.06,REFUNDED
5752,C0665,P0165,2026-09-03,1201.07,CANCELLED
5753,C0325,P0009,2026-09-02,1157.79,COMPLETED
5754,C0179,P0325,2026-09-01,2482.78,COMPLETED
5755,C0725,P0185,2026-09-01,4299.44,COMPLETED
5756,C0992,P0448,2026-09-03,3804.24,COMPLETED
5757,C0576,P0024,2026-09-05,981.05,CANCELLED
5758,C0711,P0497,2026-09-01,3997.56,REFUNDED
5759,C0911,P0414,2026-09-01,3638.17,CANCELLED
5760,C0952,P0377,2026-09-05,547.82,REFUNDED
5761,C0629,P0167,2026-09-05,754.07,CANCELLED
5762,C0806,P0348,2026-09-03,3301.26,COMPLETED
5763,C0366,P0228,2026-09-01,2901.72,CANCELLED
5764,C0229,P0120,2026-09-05,1410.12,COMPLETED
5765,C0682,P0311,2026-09-03,4351.24,COMPLETED
5766,C0604,P0249,2026-09-02,2035.47,COMPLETED
5767,C0835,P0205,2026-09-02,964.02,CANCELLED
5768,C0180,P0379,2026-09-04,2330.56,REFUNDED
5769,C0388,P0314,2026-09-05,1357.75,COMPLETED
5770,C0315,P0407,2026-09-04,2779.24,COMPLETED
5771,C0752,P0042,2026-09-03,4210.44,COMPLETED
5772,C0706,P0179,2026-09-01,1932.51,COMPLETED
5773,C0302,P0220,2026-09-05,956.73,REFUNDED
5774,C0131,P0481,2026-09-02,3355.8,REFUNDED
5775,C0182,P0477,2026-09-04,599.5,CANCELLED
5776,C0747,P0483,2026-09-02,303.01,COMPLETED
5777,C0002,P0477,2026-09-02,1849.21,COMPLETED
5778,C0972,P0244,2026-09-02,1156.05,COMPLETED
5779,C0719,P0338,2026-09-02,1002.57,CANCELLED
5780,C0972,P0439,2026-09-05,3588.82,REFUNDED
5781,C0587,P0359,2026-09-05,1782.98,CANCELLED
5782,C0401,P0464,2026-09-05,1498.15,REFUNDED
5783,C0872,P0052,2026-09-02,4775.07,CANCELLED
5784,C0790,P0376,2026-09-01,1334.74,REFUNDED
5785,C0989,P0198,2026-09-02,3795.16,COMPLETED
5786,C0582,P0151,2026-09-04,4885.16,COMPLETED
5787,C0034,P0311,2026-09-03,4001.02,COMPLETED
5788,C0187,P0100,2026-09-03,4127.8,REFUNDED
5789,C0617,P0365,2026-09-03,3147.76,COMPLETED
5790,C0326,P0074,2026-09-04,2943.77,REFUNDED
5791,C0944,P0446,2026-09-01,1654.69,COMPLETED
5792,C0829,P0267,2026-09-01,438.04,COMPLETED
5793,C0991,P0449,2026-09-03,3344.53,REFUNDED
5794,C0627,P0293,2026-09-01,4619.64,CANCELLED
5795,C0227,P0402,2026-09-03,1752.9,CANCELLED
5796,C0655,P0439,2026-09-02,1819.52,REFUNDED
5797,C0580,P0367,2026-09-05,3791.2,CANCELLED
5798,C0107,P0259,2026-09-05,1138.6,REFUNDED
5799,C0960,P0017,2026-09-04,2296.09,COMPLETED
5800,C0509,P0066,2026-09-01,204.69,REFUNDED
5801,C0145,P0255,2026-09-03,3836.1,COMPLETED
5802,C0340,P0408,2026-09-01,721.78,COMPLETED
5803,C0764,P0045,2026-09-03,973.06,COMPLETED
5804,C0080,P0155,2026-09-02,4233.75,COMPLETED
5805,C0244,P0427,2026-09-04,2107.88,REFUNDED
5806,C0356,P0345,2026-09-04,1038.99,COMPLETED
5807,C0328,P0281,2026-09-04,2239.2,CANCELLED
5808,C0172,P0448,2026-09-04,1957.09,COMPLETED
5809,C0652,P0240,2026-09-01,4988.55,REFUNDED
5810,C0907,P0087,2026-09-05,744.97,CANCELLED
5811,C0987,P0459,2026-09-01,480.0,COMPLETED
5812,C0091,P0229,2026-09-01,1621.43,REFUNDED
5813,C0842,P0489,2026-09-02,2404.36,COMPLETED
5814,C0726,P0060,2026-09-04,4818.45,CANCELLED
5815,C0687,P0247,2026-09-01,3609.75,COMPLETED
5816,C0655,P0340,2026-09-01,3824.36,COMPLETED
5817,C0747,P0277,2026-09-02,3748.46,REFUNDED
5818,C0908,P0124,2026-09-01,3817.2,CANCELLED
5819,C0344,P0125,2026-09-05,1323.77,CANCELLED
5820,C0458,P0109,2026-09-02,552.44,COMPLETED
5821,C0012,P0088,2026-09-03,3778.62,CANCELLED
5822,C0272,P0386,2026-09-04,192.3,REFUNDED
5823,C0215,P0484,2026-09-04,1324.82,REFUNDED
5824,C0256,P0338,2026-09-05,636.72,CANCELLED
5825,C0710,P0359,2026-09-01,4879.75,REFUNDED
5826,C0070,P0046,2026-09-01,3292.26,CANCELLED
5827,C0359,P0055,2026-09-04,1991.66,REFUNDED
5828,C0263,P0223,2026-09-02,119.87,REFUNDED
5829,C0806,P0367,2026-09-04,3126.11,COMPLETED
5830,C0111,P0015,2026-09-01,343.09,COMPLETED
5831,C0738,P0083,2026-09-03,2876.55,COMPLETED
5832,C0002,P0476,2026-09-02,464.99,CANCELLED
5833,C0050,P0476,2026-09-01,4169.68,REFUNDED
5834,C0396,P0168,2026-09-02,1240.47,REFUNDED
5835,C0449,P0463,2026-09-02,3960.99,REFUNDED
5836,C0751,P0197,2026-09-03,1212.61,CANCELLED
5837,C0430,P0393,2026-09-03,3111.41,COMPLETED
5838,C0993,P0144,2026-09-03,1713.33,COMPLETED
5839,C0171,P0113,2026-09-01,415.08,REFUNDED
5840,C0906,P0369,2026-09-04,3736.42,COMPLETED
5841,C0424,P0132,2026-09-05,4708.07,COMPLETED
5842,C0505,P0341,2026-09-05,1588.29,CANCELLED
5843,C0903,P0244,2026-09-02,210.81,COMPLETED
5844,C0388,P0488,2026-09-04,1683.15,REFUNDED
5845,C0360,P0460,2026-09-05,3096.95,CANCELLED
5846,C0560,P0344,2026-09-01,2971.36,REFUNDED
5847,C0385,P0064,2026-09-04,757.05,CANCELLED
5848,C0104,P0341,2026-09-04,4113.4,CANCELLED
5849,C0849,P0070,2026-09-04,4576.18,COMPLETED
5850,C0491,P0473,2026-09-05,3534.3,REFUNDED
5851,C0808,P0274,2026-09-02,2122.93,COMPLETED
5852,C0885,P0325,2026-09-05,1176.44,CANCELLED
5853,C0592,P0372,2026-09-02,4028.95,CANCELLED
5854,C0667,P0252,2026-09-05,4740.83,COMPLETED
5855,C0777,P0047,2026-09-03,4763.73,COMPLETED
5856,C0704,P0408,2026-09-03,1115.8,COMPLETED
5857,C0231,P0355,2026-09-01,3919.14,CANCELLED
5858,C0167,P0171,2026-09-01,4147.53,CANCELLED
5859,C0463,P0447,2026-09-02,2678.53,COMPLETED
5860,C0076,P0115,2026-09-03,2802.46,COMPLETED
5861,C0819,P0478,2026-09-05,4788.49,COMPLETED
5862,C0867,P0295,2026-09-01,1577.45,CANCELLED
5863,C0035,P0393,2026-09-05,1753.57,CANCELLED
5864,C0302,P0474,2026-09-04,4682.01,COMPLETED
5865,C0021,P0308,2026-09-02,3304.97,COMPLETED
5866,C0327,P0034,2026-09-03,3268.55,COMPLETED
5867,C0268,P0330,2026-09-03,333.06,REFUNDED
5868,C0975,P0176,2026-09-02,1878.02,CANCELLED
5869,C0108,P0194,2026-09-04,4088.76,COMPLETED
5870,C0076,P0467,2026-09-05,2033.65,COMPLETED
5871,C0351,P0368,2026-09-05,1863.03,COMPLETED
5872,C0175,P0381,2026-09-02,4302.15,COMPLETED
5873,C0910,P0377,2026-09-04,766.53,CANCELLED
5874,C0385,P0372,2026-09-01,919.74,CANCELLED
5875,C0165,P0196,2026-09-02,3625.64,CANCELLED
5876,C0750,P0335,2026-09-02,579.98,REFUNDED
5877,C0077,P0329,2026-09-03,1313.99,CANCELLED
5878,C0561,P0402,2026-09-05,2383.33,REFUNDED
5879,C0965,P0288,2026-09-01,3847.19,CANCELLED
5880,C0920,P0495,2026-09-01,2235.74,COMPLETED
5881,C0096,P0439,2026-09-01,2359.46,COMPLETED
5882,C0347,P0224,2026-09-03,3051.57,REFUNDED
5883,C0609,P0414,2026-09-04,366.42,CANCELLED
5884,C0629,P0120,2026-09-01,3605.76,COMPLETED
5885,C0915,P0115,2026-09-05,1499.38,REFUNDED
5886,C0495,P0133,2026-09-01,170.2,REFUNDED
5887,C0722,P0060,2026-09-05,1461.93,COMPLETED
5888,C0032,P0149,2026-09-03,1330.87,REFUNDED
5889,C0442,P0045,2026-09-05,4481.74,COMPLETED
5890,C0966,P0058,2026-09-05,2630.62,REFUNDED
5891,C0670,P0046,2026-09-01,3550.88,CANCELLED
5892,C0169,P0175,2026-09-03,3252.14,CANCELLED
5893,C0622,P0380,2026-09-03,1281.22,REFUNDED
5894,C0912,P0304,2026-09-05,4420.52,CANCELLED
5895,C0445,P0480,2026-09-02,1893.94,COMPLETED
5896,C0161,P0097,2026-09-01,4580.99,REFUNDED
5897,C0055,P0382,2026-09-04,468.55,COMPLETED
5898,C0104,P0483,2026-09-03,238.77,CANCELLED
5899,C0340,P0060,2026-09-05,3283.21,CANCELLED
5900,C0211,P0294,2026-09-02,826.08,COMPLETED
5901,C0998,P0189,2026-09-04,4907.55,REFUNDED
5902,C0195,P0066,2026-09-05,2444.85,REFUNDED
5903,C0420,P0437,2026-09-05,637.58,REFUNDED
5904,C0714,P0161,2026-09-05,3230.46,REFUNDED
5905,C0568,P0489,2026-09-04,1637.43,REFUNDED
5906,C0740,P0195,2026-09-05,2069.6,REFUNDED
5907,C0948,P0296,2026-09-05,3432.43,CANCELLED
5908,C0748,P0378,2026-09-04,617.73,REFUNDED
5909,C0554,P0001,2026-09-03,3382.08,REFUNDED
5910,C0272,P0160,2026-09-05,2365.11,CANCELLED
5911,C0677,P0032,2026-09-05,676.21,CANCELLED
5912,C0289,P0303,2026-09-05,4521.09,CANCELLED
5913,C0305,P0275,2026-09-04,4801.73,CANCELLED
5914,C0244,P0098,2026-09-01,4054.04,REFUNDED
5915,C0099,P0434,2026-09-05,4553.02,CANCELLED
5916,C0051,P0199,2026-09-03,1107.47,CANCELLED
5917,C0403,P0217,2026-09-02,850.53,COMPLETED
5918,C0586,P0164,2026-09-05,602.14,COMPLETED
5919,C0563,P0395,2026-09-03,2165.44,REFUNDED
5920,C0861,P0187,2026-09-05,3442.28,CANCELLED
5921,C0503,P0409,2026-09-04,462.74,CANCELLED
5922,C0158,P0348,2026-09-05,315.2,REFUNDED
5923,C0056,P0479,2026-09-02,2541.93,COMPLETED
5924,C0370,P0408,2026-09-02,1181.51,COMPLETED
5925,C0004,P0065,2026-09-03,3111.84,COMPLETED
5926,C0438,P0267,2026-09-05,825.82,REFUNDED
5927,C0090,P0340,2026-09-01,2988.83,REFUNDED
5928,C0302,P0309,2026-09-03,1268.62,COMPLETED
5929,C0844,P0303,2026-09-01,2857.64,REFUNDED
5930,C0678,P0114,2026-09-05,423.8,REFUNDED
5931,C0641,P0055,2026-09-03,1645.2,COMPLETED
5932,C0615,P0203,2026-09-05,1128.26,REFUNDED
5933,C0492,P0005,2026-09-05,2329.52,CANCELLED
5934,C0205,P0276,2026-09-02,3901.17,REFUNDED
5935,C0100,P0437,2026-09-02,613.85,REFUNDED
5936,C0027,P0236,2026-09-02,183.18,COMPLETED
5937,C0212,P0162,2026-09-01,727.7,COMPLETED
5938,C0175,P0075,2026-09-02,2593.53,CANCELLED
5939,C0654,P0418,2026-09-02,2283.54,REFUNDED
5940,C0299,P0483,2026-09-03,54.85,CANCELLED
5941,C0084,P0152,2026-09-02,3235.17,COMPLETED
5942,C0485,P0429,2026-09-04,1763.97,COMPLETED
5943,C0865,P0113,2026-09-04,2994.54,CANCELLED
5944,C0119,P0256,2026-09-05,3112.81,CANCELLED
5945,C0316,P0349,2026-09-05,3658.53,COMPLETED
5946,C0804,P0234,2026-09-01,1897.14,REFUNDED
5947,C0408,P0076,2026-09-04,1022.66,CANCELLED
5948,C0483,P0308,2026-09-05,1308.76,CANCELLED
5949,C0501,P0146,2026-09-01,1623.09,CANCELLED
5950,C0917,P0075,2026-09-05,101.24,REFUNDED
5951,C0677,P0383,2026-09-04,4941.55,REFUNDED
5952,C0272,P0341,2026-09-02,79.1,CANCELLED
5953,C0094,P0435,2026-09-04,3891.76,REFUNDED
5954,C0658,P0411,2026-09-01,1917.55,COMPLETED
5955,C0558,P0424,2026-09-04,4044.24,REFUNDED
5956,C0397,P0360,2026-09-04,1257.98,REFUNDED
5957,C0190,P0018,2026-09-01,2497.12,CANCELLED
5958,C0380,P0307,2026-09-04,3083.94,REFUNDED
5959,C0907,P0164,2026-09-02,4440.92,COMPLETED
5960,C0391,P0159,2026-09-02,3736.64,CANCELLED
5961,C0379,P0258,2026-09-03,1582.91,COMPLETED
5962,C0192,P0353,2026-09-05,1763.79,REFUNDED
5963,C0457,P0064,2026-09-02,323.69,REFUNDED
5964,C0046,P0141,2026-09-05,2992.5,REFUNDED
5965,C0270,P0435,2026-09-05,2539.84,COMPLETED
5966,C0451,P0362,2026-09-02,2290.32,CANCELLED
5967,C0477,P0294,2026-09-03,2013.17,REFUNDED
5968,C0270,P0245,2026-09-05,1226.81,REFUNDED
5969,C0232,P0324,2026-09-03,3906.6,CANCELLED
5970,C0858,P0425,2026-09-02,1397.39,CANCELLED
5971,C0276,P0111,2026-09-05,3042.71,REFUNDED
5972,C0578,P0254,2026-09-02,3608.19,REFUNDED
5973,C0064,P0150,2026-09-05,1068.29,COMPLETED
5974,C0155,P0361,2026-09-01,2070.03,COMPLETED
5975,C0771,P0495,2026-09-03,3464.38,REFUNDED
5976,C0714,P0193,2026-09-01,3413.13,REFUNDED
5977,C0684,P0031,2026-09-03,1523.11,COMPLETED
5978,C0100,P0415,2026-09-04,390.6,CANCELLED
5979,C0088,P0171,2026-09-01,3569.37,CANCELLED
5980,C0685,P0079,2026-09-02,773.67,CANCELLED
5981,C0353,P0424,2026-09-05,3954.6,REFUNDED
5982,C0828,P0367,2026-09-05,2731.43,CANCELLED
5983,C0555,P0108,2026-09-04,526.48,REFUNDED
5984,C0424,P0435,2026-09-03,423.81,COMPLETED
5985,C0995,P0376,2026-09-01,1255.76,REFUNDED
5986,C0775,P0479,2026-09-05,2769.83,COMPLETED
5987,C0604,P0415,2026-09-02,704.2,REFUNDED
5988,C0233,P0116,2026-09-04,903.99,REFUNDED
5989,C0567,P0359,2026-09-05,289.92,CANCELLED
5990,C0063,P0377,2026-09-03,3764.2,COMPLETED
5991,C0861,P0027,2026-09-05,545.64,REFUNDED
5992,C0397,P0473,2026-09-02,1260.61,CANCELLED
5993,C0839,P0444,2026-09-04,1907.72,REFUNDED
5994,C0536,P0398,2026-09-03,547.72,COMPLETED
5995,C0429,P0092,2026-09-01,1587.0,COMPLETED
5996,C0989,P0439,2026-09-05,787.04,CANCELLED
5997,C0549,P0250,2026-09-04,537.77,CANCELLED
5998,C0704,P0373,2026-09-05,2700.32,CANCELLED
5999,C0888,P0201,2026-09-04,2757.18,REFUNDED
6000,C0959,P0154,2026-09-03,1840.23,COMPLETED
6001,C0487,P0418,2026-09-04,1218.43,COMPLETED
6002,C0587,P0338,2026-09-01,206.06,REFUNDED
6003,C0903,P0468,2026-09-02,2773.36,COMPLETED
6004,C0242,P0435,2026-09-01,1025.08,CANCELLED
6005,C0488,P0082,2026-09-05,3669.46,COMPLETED
6006,C0307,P0012,2026-09-04,4413.35,REFUNDED
6007,C0081,P0281,2026-09-04,3376.99,REFUNDED
6008,C0405,P0201,2026-09-01,2638.71,CANCELLED
6009,C0925,P0173,2026-09-02,3632.14,CANCELLED
6010,C0875,P0217,2026-09-02,3204.02,COMPLETED
6011,C0732,P0348,2026-09-05,1150.2,CANCELLED
6012,C0036,P0243,2026-09-03,4213.43,COMPLETED
6013,C0515,P0179,2026-09-05,1225.92,REFUNDED
6014,C0585,P0388,2026-09-03,2848.43,CANCELLED
6015,C0923,P0201,2026-09-01,3354.44,CANCELLED
6016,C0530,P0201,2026-09-03,475.47,CANCELLED
6017,C0820,P0037,2026-09-02,4695.14,COMPLETED
6018,C0586,P0271,2026-09-03,2420.48,COMPLETED
6019,C0694,P0373,2026-09-04,1265.39,COMPLETED
6020,C0636,P0145,2026-09-05,1932.86,REFUNDED
6021,C0151,P0145,2026-09-02,112.52,CANCELLED
6022,C0124,P0357,2026-09-02,3757.98,REFUNDED
6023,C0973,P0473,2026-09-05,2982.93,COMPLETED
6024,C0776,P0100,2026-09-03,1565.97,CANCELLED
6025,C0460,P0359,2026-09-05,2456.16,COMPLETED
6026,C0178,P0439,2026-09-03,2436.61,CANCELLED
6027,C0972,P0281,2026-09-01,278.56,REFUNDED
6028,C0172,P0202,2026-09-01,164.52,REFUNDED
6029,C0996,P0050,2026-09-02,690.54,CANCELLED
6030,C0217,P0068,2026-09-04,1322.05,COMPLETED
6031,C0828,P0166,2026-09-02,3600.49,COMPLETED
6032,C0198,P0386,2026-09-01,3913.69,REFUNDED
6033,C0130,P0406,2026-09-01,4834.29,CANCELLED
6034,C0044,P0298,2026-09-05,4570.96,CANCELLED
6035,C0434,P0444,2026-09-04,2310.92,REFUNDED
6036,C0081,P0413,2026-09-05,2196.82,REFUNDED
6037,C0700,P0028,2026-09-04,1381.52,CANCELLED
6038,C0446,P0436,2026-09-04,1857.66,REFUNDED
6039,C0207,P0479,2026-09-01,3981.67,CANCELLED
6040,C0843,P0364,2026-09-01,3982.56,COMPLETED
6041,C0643,P0156,2026-09-01,3372.89,REFUNDED
6042,C0152,P0235,2026-09-04,4197.85,CANCELLED
6043,C0855,P0336,2026-09-05,1637.17,CANCELLED
6044,C0610,P0084,2026-09-02,942.5,CANCELLED
6045,C0265,P0296,2026-09-01,2320.95,COMPLETED
6046,C0328,P0071,2026-09-01,2668.98,CANCELLED
6047,C0933,P0227,2026-09-02,450.59,REFUNDED
6048,C0745,P0357,2026-09-05,595.14,REFUNDED
6049,C0937,P0248,2026-09-03,3916.35,REFUNDED
6050,C0827,P0150,2026-09-01,3779.7,REFUNDED
6051,C0069,P0460,2026-09-01,3129.97,CANCELLED
6052,C0090,P0075,2026-09-01,4002.81,CANCELLED
6053,C0398,P0108,2026-09-04,1554.46,CANCELLED
6054,C0570,P0112,2026-09-05,1334.73,REFUNDED
6055,C0407,P0412,2026-09-01,1848.67,REFUNDED
6056,C0566,P0384,2026-09-05,3047.26,REFUNDED
6057,C0334,P0101,2026-09-03,751.75,REFUNDED
6058,C0878,P0377,2026-09-01,2007.37,REFUNDED
6059,C0283,P0334,2026-09-03,1725.24,COMPLETED
6060,C0533,P0005,2026-09-05,4122.38,REFUNDED
6061,C0470,P0186,2026-09-01,3020.2,REFUNDED
6062,C0940,P0372,2026-09-03,2294.92,REFUNDED
6063,C0895,P0439,2026-09-01,2517.66,COMPLETED
6064,C0013,P0295,2026-09-04,1219.82,COMPLETED
6065,C0806,P0053,2026-09-04,2258.43,COMPLETED
6066,C0718,P0348,2026-09-02,3437.56,REFUNDED
6067,C0639,P0403,2026-09-05,625.83,COMPLETED
6068,C0602,P0440,2026-09-02,3788.48,CANCELLED
6069,C0536,P0076,2026-09-05,2530.08,COMPLETED
6070,C0801,P0193,2026-09-04,2105.6,REFUNDED
6071,C0430,P0487,2026-09-04,749.76,REFUNDED
6072,C0116,P0219,2026-09-02,2157.0,COMPLETED
6073,C0425,P0348,2026-09-01,2944.04,CANCELLED
6074,C0154,P0431,2026-09-03,2033.92,COMPLETED
6075,C0152,P0087,2026-09-02,715.64,REFUNDED
6076,C0581,P0475,2026-09-03,2038.54,CANCELLED
6077,C0603,P0029,2026-09-03,4154.45,CANCELLED
6078,C0597,P0050,2026-09-01,4622.15,COMPLETED
6079,C0777,P0183,2026-09-04,2231.07,COMPLETED
6080,C0988,P0499,2026-09-04,1132.86,COMPLETED
6081,C0963,P0243,2026-09-04,175.03,CANCELLED
6082,C0103,P0092,2026-09-05,1849.11,CANCELLED
6083,C0948,P0484,2026-09-03,1076.99,COMPLETED
6084,C0109,P0027,2026-09-04,537.31,REFUNDED
6085,C0577,P0061,2026-09-02,2745.13,CANCELLED
6086,C0799,P0264,2026-09-01,4267.76,CANCELLED
6087,C0104,P0333,2026-09-04,2415.25,REFUNDED
6088,C0805,P0174,2026-09-02,1468.15,CANCELLED
6089,C0293,P0304,2026-09-04,4964.13,REFUNDED
6090,C0889,P0223,2026-09-04,871.07,REFUNDED
6091,C0549,P0497,2026-09-02,741.96,COMPLETED
6092,C0902,P0077,2026-09-05,3452.58,CANCELLED
6093,C0353,P0322,2026-09-02,4641.77,COMPLETED
6094,C0899,P0370,2026-09-03,3819.05,COMPLETED
6095,C0421,P0207,2026-09-01,1479.01,REFUNDED
6096,C0271,P0126,2026-09-05,1934.86,CANCELLED
6097,C0393,P0018,2026-09-01,390.8,REFUNDED
6098,C0671,P0061,2026-09-04,1520.74,CANCELLED
6099,C0498,P0124,2026-09-04,1985.36,CANCELLED
6100,C0586,P0204,2026-09-04,1937.25,CANCELLED
6101,C0624,P0251,2026-09-01,2496.48,COMPLETED
6102,C0485,P0155,2026-09-02,1063.73,REFUNDED
6103,C0039,P0353,2026-09-05,1131.14,CANCELLED
6104,C0177,P0306,2026-09-05,1519.44,CANCELLED
6105,C0283,P0489,2026-09-01,3415.88,CANCELLED
6106,C0413,P0089,2026-09-03,404.51,COMPLETED
6107,C0148,P0335,2026-09-01,2312.54,CANCELLED
6108,C0634,P0382,2026-09-04,3906.72,COMPLETED
6109,C0624,P0193,2026-09-05,3436.78,CANCELLED
6110,C0698,P0398,2026-09-05,911.87,CANCELLED
6111,C0711,P0355,2026-09-03,3371.16,CANCELLED
6112,C0412,P0408,2026-09-01,1904.24,COMPLETED
6113,C0040,P0344,2026-09-02,1512.83,REFUNDED
6114,C0406,P0338,2026-09-02,1172.48,CANCELLED
6115,C0911,P0046,2026-09-02,3024.78,REFUNDED
6116,C0901,P0399,2026-09-04,4952.23,REFUNDED
6117,C0340,P0238,2026-09-02,3698.75,CANCELLED
6118,C0708,P0443,2026-09-01,1075.68,CANCELLED
6119,C0244,P0419,2026-09-02,4619.25,COMPLETED
6120,C0051,P0333,2026-09-03,1346.56,COMPLETED
6121,C0764,P0196,2026-09-03,184.71,COMPLETED
6122,C0487,P0141,2026-09-02,1288.75,COMPLETED
6123,C0943,P0324,2026-09-02,1600.31,REFUNDED
6124,C0276,P0335,2026-09-03,2716.31,CANCELLED
6125,C0919,P0228,2026-09-04,2848.61,CANCELLED
6126,C0382,P0189,2026-09-01,2986.12,COMPLETED
6127,C0021,P0006,2026-09-04,4516.85,COMPLETED
6128,C0346,P0062,2026-09-05,4638.51,COMPLETED
6129,C0838,P0060,2026-09-01,1121.43,COMPLETED
6130,C0813,P0043,2026-09-04,2778.47,CANCELLED
6131,C0311,P0063,2026-09-01,3908.08,CANCELLED
6132,C0319,P0251,2026-09-02,1195.07,COMPLETED
6133,C0288,P0329,2026-09-02,190.12,REFUNDED
6134,C0864,P0343,2026-09-01,2729.35,CANCELLED
6135,C0504,P0466,2026-09-01,2457.79,REFUNDED
6136,C0879,P0261,2026-09-05,3036.59,CANCELLED
6137,C0713,P0116,2026-09-02,3221.45,COMPLETED
6138,C0702,P0012,2026-09-01,2037.74,COMPLETED
6139,C0101,P0301,2026-09-04,1173.72,CANCELLED
6140,C0996,P0294,2026-09-01,4222.55,COMPLETED
6141,C0890,P0294,2026-09-02,3839.26,COMPLETED
6142,C0234,P0246,2026-09-04,2904.43,CANCELLED
6143,C0138,P0141,2026-09-02,946.57,CANCELLED
6144,C0308,P0356,2026-09-05,4762.84,REFUNDED
6145,C0998,P0382,2026-09-03,3908.35,CANCELLED
6146,C0762,P0049,2026-09-02,3549.39,REFUNDED
6147,C0454,P0407,2026-09-04,4742.8,REFUNDED
6148,C0793,P0304,2026-09-04,612.39,REFUNDED
6149,C0846,P0093,2026-09-05,3237.05,CANCELLED
6150,C0329,P0197,2026-09-05,2438.64,REFUNDED
6151,C0276,P0248,2026-09-03,335.37,CANCELLED
6152,C0747,P0331,2026-09-04,1682.66,REFUNDED
6153,C0427,P0360,2026-09-01,1154.12,REFUNDED
6154,C0620,P0223,2026-09-02,368.85,COMPLETED
6155,C0662,P0153,2026-09-02,4543.82,COMPLETED
6156,C0092,P0293,2026-09-04,296.9,REFUNDED
6157,C0193,P0065,2026-09-01,3726.99,COMPLETED
6158,C0453,P0051,2026-09-05,3443.68,CANCELLED
6159,C0217,P0167,2026-09-03,2916.1,COMPLETED
6160,C0936,P0033,2026-09-03,455.68,REFUNDED
6161,C0844,P0366,2026-09-03,2285.73,COMPLETED
6162,C0417,P0466,2026-09-05,685.0,CANCELLED
6163,C0759,P0442,2026-09-01,826.55,CANCELLED
6164,C0497,P0408,2026-09-02,2425.08,REFUNDED
6165,C0778,P0276,2026-09-05,2617.04,REFUNDED
6166,C0529,P0095,2026-09-03,151.09,REFUNDED
6167,C0889,P0208,2026-09-01,2705.54,REFUNDED
6168,C0383,P0417,2026-09-02,2259.43,REFUNDED
6169,C0841,P0359,2026-09-04,2937.78,REFUNDED
6170,C0058,P0011,2026-09-03,4945.06,COMPLETED
6171,C0528,P0202,2026-09-05,2032.37,CANCELLED
6172,C0811,P0285,2026-09-01,314.47,CANCELLED
6173,C0163,P0419,2026-09-01,4145.55,REFUNDED
6174,C0068,P0275,2026-09-04,1706.6,COMPLETED
6175,C0319,P0402,2026-09-03,2268.59,CANCELLED
6176,C0727,P0416,2026-09-03,3083.47,CANCELLED
6177,C0519,P0272,2026-09-01,3960.79,COMPLETED
6178,C0414,P0251,2026-09-02,3649.54,CANCELLED
6179,C0139,P0033,2026-09-04,3298.04,REFUNDED
6180,C0800,P0266,2026-09-02,4171.52,COMPLETED
6181,C0872,P0429,2026-09-03,2411.47,COMPLETED
6182,C0537,P0300,2026-09-01,1460.05,REFUNDED
6183,C0901,P0276,2026-09-04,3090.79,COMPLETED
6184,C0583,P0366,2026-09-04,3140.2,COMPLETED
6185,C0030,P0420,2026-09-05,331.56,COMPLETED
6186,C0178,P0405,2026-09-01,848.09,REFUNDED
6187,C0198,P0334,2026-09-02,4347.83,CANCELLED
6188,C0897,P0064,2026-09-04,576.96,CANCELLED
6189,C0853,P0386,2026-09-04,664.98,COMPLETED
6190,C0206,P0386,2026-09-05,1431.84,COMPLETED
6191,C0858,P0107,2026-09-02,4275.65,COMPLETED
6192,C0060,P0495,2026-09-02,3963.11,COMPLETED
6193,C0256,P0338,2026-09-01,4939.83,CANCELLED
6194,C0034,P0460,2026-09-01,1811.93,CANCELLED
6195,C0468,P0061,2026-09-02,3701.96,REFUNDED
6196,C0052,P0093,2026-09-01,2786.82,CANCELLED
6197,C0941,P0442,2026-09-04,2695.96,CANCELLED
6198,C0370,P0307,2026-09-05,554.93,COMPLETED
6199,C0722,P0356,2026-09-05,4705.4,REFUNDED
6200,C0204,P0093,2026-09-02,4841.11,COMPLETED
6201,C0281,P0003,2026-09-01,2191.71,COMPLETED
6202,C0378,P0285,2026-09-02,2487.95,CANCELLED
6203,C0844,P0229,2026-09-03,3177.62,CANCELLED
6204,C0476,P0410,2026-09-05,3439.32,REFUNDED
6205,C0518,P0161,2026-09-04,4789.97,COMPLETED
6206,C0407,P0063,2026-09-02,3547.5,CANCELLED
6207,C0651,P0021,2026-09-05,2061.59,COMPLETED
6208,C0946,P0066,2026-09-05,1254.11,COMPLETED
6209,C0127,P0295,2026-09-03,4966.11,COMPLETED
6210,C0698,P0106,2026-09-04,1040.58,CANCELLED
6211,C0032,P0335,2026-09-05,515.89,COMPLETED
6212,C0248,P0083,2026-09-04,3002.07,CANCELLED
6213,C0382,P0045,2026-09-02,4906.3,CANCELLED
6214,C0501,P0288,2026-09-04,1864.29,COMPLETED
6215,C0609,P0132,2026-09-02,1794.38,REFUNDED
6216,C0457,P0436,2026-09-05,4098.98,COMPLETED
6217,C0182,P0386,2026-09-02,3736.99,CANCELLED
6218,C0984,P0018,2026-09-01,3778.81,CANCELLED
6219,C0892,P0044,2026-09-05,561.61,REFUNDED
6220,C0486,P0064,2026-09-02,3003.58,CANCELLED
6221,C0601,P0260,2026-09-05,3063.57,CANCELLED
6222,C0565,P0153,2026-09-03,1128.7,COMPLETED
6223,C0359,P0187,2026-09-04,4573.59,REFUNDED
6224,C0353,P0495,2026-09-01,2560.23,CANCELLED
6225,C0168,P0279,2026-09-03,488.97,COMPLETED
6226,C0858,P0088,2026-09-02,4203.94,CANCELLED
6227,C0916,P0217,2026-09-05,1095.73,COMPLETED
6228,C0265,P0484,2026-09-04,4272.08,CANCELLED
6229,C0767,P0337,2026-09-01,3567.11,COMPLETED
6230,C0851,P0001,2026-09-04,3258.94,REFUNDED
6231,C0706,P0128,2026-09-05,4440.94,REFUNDED
6232,C0093,P0154,2026-09-05,315.08,COMPLETED
6233,C0292,P0024,2026-09-04,2675.49,COMPLETED
6234,C0029,P0485,2026-09-04,4741.41,COMPLETED
6235,C0396,P0485,2026-09-01,3503.61,COMPLETED
6236,C0051,P0266,2026-09-04,613.45,CANCELLED
6237,C0167,P0464,2026-09-04,1075.55,CANCELLED
6238,C0875,P0401,2026-09-01,4125.33,COMPLETED
6239,C0586,P0151,2026-09-04,2522.98,REFUNDED
6240,C0799,P0338,2026-09-04,2158.79,COMPLETED
6241,C0989,P0274,2026-09-02,2494.07,COMPLETED
6242,C0220,P0228,2026-09-04,983.2,REFUNDED
6243,C0878,P0072,2026-09-05,3432.18,COMPLETED
6244,C0227,P0296,2026-09-02,900.12,REFUNDED
6245,C0663,P0252,2026-09-01,1975.64,COMPLETED
6246,C0231,P0356,2026-09-03,4022.25,COMPLETED
6247,C0694,P0161,2026-09-01,3470.71,CANCELLED
6248,C0212,P0268,2026-09-04,2136.88,COMPLETED
6249,C0276,P0467,2026-09-05,646.64,CANCELLED
6250,C0668,P0181,2026-09-02,4196.01,COMPLETED
6251,C0420,P0311,2026-09-01,430.56,COMPLETED
6252,C0526,P0276,2026-09-02,3088.91,REFUNDED
6253,C0021,P0262,2026-09-02,2658.07,CANCELLED
6254,C0886,P0108,2026-09-02,1375.42,REFUNDED
6255,C0800,P0353,2026-09-03,231.32,REFUNDED
6256,C0991,P0051,2026-09-03,4247.03,COMPLETED
6257,C0786,P0340,2026-09-02,1586.84,COMPLETED
6258,C0699,P0420,2026-09-01,3030.15,COMPLETED
6259,C0010,P0023,2026-09-04,328.6,CANCELLED
6260,C0486,P0122,2026-09-03,2407.3,COMPLETED
6261,C0934,P0019,2026-09-01,858.54,COMPLETED
6262,C0136,P0097,2026-09-03,1818.42,COMPLETED
6263,C0663,P0073,2026-09-05,1514.48,REFUNDED
6264,C0178,P0154,2026-09-04,2603.65,CANCELLED
6265,C0616,P0439,2026-09-01,1697.9,CANCELLED
6266,C0821,P0427,2026-09-03,1163.29,COMPLETED
6267,C0009,P0111,2026-09-04,3489.48,REFUNDED
6268,C0230,P0491,2026-09-05,4523.84,CANCELLED
6269,C0259,P0069,2026-09-02,4110.63,CANCELLED
6270,C0623,P0309,2026-09-01,1210.38,REFUNDED
6271,C0825,P0283,2026-09-05,3008.62,COMPLETED
6272,C0966,P0111,2026-09-02,2950.68,REFUNDED
6273,C0313,P0303,2026-09-01,3804.6,CANCELLED
6274,C0730,P0184,2026-09-05,662.13,COMPLETED
6275,C0991,P0143,2026-09-02,2435.05,REFUNDED
6276,C0727,P0066,2026-09-03,1428.34,CANCELLED
6277,C0659,P0374,2026-09-05,3675.96,REFUNDED
6278,C0282,P0319,2026-09-04,3038.6,COMPLETED
6279,C0434,P0217,2026-09-04,812.93,CANCELLED
6280,C0917,P0039,2026-09-05,4558.34,CANCELLED
6281,C0386,P0282,2026-09-01,3897.12,COMPLETED
6282,C0873,P0131,2026-09-05,4465.28,COMPLETED
6283,C0358,P0134,2026-09-05,573.91,CANCELLED
6284,C0471,P0196,2026-09-05,4053.17,COMPLETED
6285,C0259,P0333,2026-09-03,395.21,REFUNDED
6286,C0224,P0463,2026-09-02,3020.98,CANCELLED
6287,C0478,P0084,2026-09-04,3711.84,REFUNDED
6288,C0310,P0205,2026-09-05,1647.22,REFUNDED
6289,C0694,P0234,2026-09-05,4408.89,REFUNDED
6290,C0534,P0043,2026-09-05,380.51,REFUNDED
6291,C0845,P0484,2026-09-03,3708.32,REFUNDED
6292,C0639,P0131,2026-09-05,4908.2,CANCELLED
6293,C0407,P0347,2026-09-01,4745.97,CANCELLED
6294,C0599,P0218,2026-09-02,1307.6,REFUNDED
6295,C0105,P0482,2026-09-02,2492.98,COMPLETED
6296,C0008,P0356,2026-09-01,2133.81,CANCELLED
6297,C0524,P0074,2026-09-03,938.55,REFUNDED
6298,C0679,P0275,2026-09-01,4678.54,COMPLETED
6299,C0990,P0105,2026-09-05,4103.56,REFUNDED
6300,C0864,P0037,2026-09-02,4957.72,CANCELLED
6301,C0860,P0323,2026-09-05,3548.01,CANCELLED
6302,C0384,P0376,2026-09-04,2058.79,CANCELLED
6303,C0575,P0138,2026-09-05,234.75,COMPLETED
6304,C0663,P0325,2026-09-03,3496.26,CANCELLED
6305,C0609,P0357,2026-09-05,2006.07,CANCELLED
6306,C0624,P0331,2026-09-03,2878.67,REFUNDED
6307,C0290,P0099,2026-09-02,1342.54,COMPLETED
6308,C0306,P0366,2026-09-03,1328.13,CANCELLED
6309,C0701,P0191,2026-09-05,4132.83,REFUNDED
6310,C0111,P0289,2026-09-03,3630.47,COMPLETED
6311,C0494,P0337,2026-09-05,2796.55,REFUNDED
6312,C0066,P0332,2026-09-05,1625.78,REFUNDED
6313,C0345,P0421,2026-09-05,514.39,REFUNDED
6314,C0284,P0262,2026-09-01,1978.58,CANCELLED
6315,C0656,P0310,2026-09-01,3891.11,COMPLETED
6316,C0333,P0084,2026-09-03,3035.38,REFUNDED
6317,C0883,P0215,2026-09-03,92.95,COMPLETED
6318,C0284,P0421,2026-09-04,3870.47,CANCELLED
6319,C0268,P0079,2026-09-05,2377.95,REFUNDED
6320,C0672,P0162,2026-09-05,2029.72,REFUNDED
6321,C0729,P0404,2026-09-04,3324.31,REFUNDED
6322,C0976,P0223,2026-09-01,1721.49,CANCELLED
6323,C0914,P0195,2026-09-04,4791.77,COMPLETED
6324,C0668,P0014,2026-09-01,278.4,COMPLETED
6325,C0306,P0494,2026-09-03,2956.36,COMPLETED
6326,C0193,P0310,2026-09-02,3494.03,COMPLETED
6327,C0154,P0127,2026-09-02,1563.98,COMPLETED
6328,C0530,P0040,2026-09-05,4415.55,CANCELLED
6329,C0784,P0139,2026-09-04,2917.51,REFUNDED
6330,C0247,P0064,2026-09-04,2350.83,CANCELLED
6331,C0922,P0273,2026-09-04,3166.71,REFUNDED
6332,C0059,P0057,2026-09-04,4577.6,COMPLETED
6333,C0825,P0351,2026-09-02,208.95,CANCELLED
6334,C0878,P0281,2026-09-05,4927.09,REFUNDED
6335,C0822,P0209,2026-09-02,3075.83,COMPLETED
6336,C0830,P0034,2026-09-01,4337.91,REFUNDED
6337,C0615,P0169,2026-09-05,3527.96,COMPLETED
6338,C0414,P0328,2026-09-04,2331.47,REFUNDED
6339,C0677,P0046,2026-09-03,3198.45,REFUNDED
6340,C0328,P0186,2026-09-04,4465.57,REFUNDED
6341,C0698,P0466,2026-09-01,1676.68,CANCELLED
6342,C0144,P0171,2026-09-05,4731.25,REFUNDED
6343,C0739,P0399,2026-09-01,4632.36,COMPLETED
6344,C0027,P0140,2026-09-04,2121.76,REFUNDED
6345,C0672,P0075,2026-09-04,2565.7,REFUNDED
6346,C0510,P0445,2026-09-05,379.39,COMPLETED
6347,C0303,P0409,2026-09-05,1070.67,CANCELLED
6348,C0266,P0116,2026-09-04,4816.81,COMPLETED
6349,C0929,P0141,2026-09-04,2378.82,CANCELLED
6350,C0429,P0006,2026-09-05,4674.81,CANCELLED
6351,C0415,P0051,2026-09-02,2291.47,COMPLETED
6352,C0398,P0194,2026-09-05,2417.18,CANCELLED
6353,C0755,P0497,2026-09-05,723.62,REFUNDED
6354,C0037,P0114,2026-09-04,2420.17,REFUNDED
6355,C0598,P0194,2026-09-05,1170.5,REFUNDED
6356,C0726,P0488,2026-09-04,1503.98,COMPLETED
6357,C0586,P0054,2026-09-02,105.47,REFUNDED
6358,C0836,P0401,2026-09-02,4603.41,REFUNDED
6359,C0195,P0474,2026-09-03,1562.87,REFUNDED
6360,C0352,P0064,2026-09-05,3269.76,CANCELLED
6361,C0744,P0090,2026-09-05,3249.38,COMPLETED
6362,C0731,P0270,2026-09-02,3688.13,CANCELLED
6363,C0228,P0373,2026-09-04,4728.23,CANCELLED
6364,C0703,P0449,2026-09-01,515.59,CANCELLED
6365,C0548,P0157,2026-09-05,3102.81,COMPLETED
6366,C0654,P0302,2026-09-03,4403.82,CANCELLED
6367,C0804,P0421,2026-09-05,4205.46,COMPLETED
6368,C0488,P0414,2026-09-01,1186.19,CANCELLED
6369,C0929,P0251,2026-09-04,4056.42,REFUNDED
6370,C0964,P0049,2026-09-02,2088.38,REFUNDED
6371,C0688,P0271,2026-09-02,4566.2,CANCELLED
6372,C0368,P0179,2026-09-03,964.9,CANCELLED
6373,C0520,P0359,2026-09-01,1211.71,CANCELLED
6374,C0308,P0293,2026-09-03,1597.72,CANCELLED
6375,C0866,P0444,2026-09-01,4513.85,CANCELLED
6376,C0175,P0145,2026-09-03,516.02,CANCELLED
6377,C0861,P0283,2026-09-04,2744.18,CANCELLED
6378,C0674,P0139,2026-09-04,3261.63,REFUNDED
6379,C0898,P0312,2026-09-05,1584.52,CANCELLED
6380,C0572,P0051,2026-09-03,1378.85,CANCELLED
6381,C0186,P0460,2026-09-04,1517.83,REFUNDED
6382,C0301,P0025,2026-09-05,4861.52,COMPLETED
6383,C0100,P0088,2026-09-01,4369.45,COMPLETED
6384,C0483,P0163,2026-09-01,1390.22,CANCELLED
6385,C0132,P0485,2026-09-01,3363.54,CANCELLED
6386,C0759,P0385,2026-09-02,3357.36,CANCELLED
6387,C0265,P0200,2026-09-03,828.84,COMPLETED
6388,C0743,P0093,2026-09-05,1433.58,COMPLETED
6389,C0828,P0177,2026-09-02,4052.12,CANCELLED
6390,C0573,P0413,2026-09-03,3781.99,COMPLETED
6391,C0782,P0380,2026-09-03,86.25,CANCELLED
6392,C0935,P0348,2026-09-03,3024.57,REFUNDED
6393,C0188,P0496,2026-09-03,2224.13,REFUNDED
6394,C0970,P0404,2026-09-02,1787.63,REFUNDED
6395,C0697,P0273,2026-09-05,4477.51,COMPLETED
6396,C0922,P0283,2026-09-04,499.76,CANCELLED
6397,C0344,P0305,2026-09-04,3358.12,CANCELLED
6398,C0671,P0452,2026-09-05,2598.03,REFUNDED
6399,C0092,P0436,2026-09-04,3303.98,CANCELLED
6400,C0228,P0207,2026-09-02,4900.38,COMPLETED
6401,C0364,P0245,2026-09-02,2111.82,REFUNDED
6402,C0229,P0304,2026-09-03,1406.12,REFUNDED
6403,C0763,P0066,2026-09-05,3082.81,CANCELLED
6404,C0893,P0133,2026-09-03,2900.99,CANCELLED
6405,C0315,P0005,2026-09-02,560.1,CANCELLED
6406,C0431,P0352,2026-09-02,2500.21,COMPLETED
6407,C0808,P0263,2026-09-02,1002.41,CANCELLED
6408,C0909,P0366,2026-09-05,2718.8,CANCELLED
6409,C0340,P0080,2026-09-05,3548.07,REFUNDED
6410,C0381,P0337,2026-09-03,4491.41,COMPLETED
6411,C0267,P0065,2026-09-04,2363.92,REFUNDED
6412,C0600,P0074,2026-09-02,1633.6,CANCELLED
6413,C0302,P0194,2026-09-02,4162.55,REFUNDED
6414,C0475,P0291,2026-09-05,714.46,CANCELLED
6415,C0872,P0377,2026-09-05,4201.91,REFUNDED
6416,C0121,P0137,2026-09-01,4951.09,CANCELLED
6417,C0482,P0028,2026-09-03,3437.67,COMPLETED
6418,C0055,P0471,2026-09-04,3136.77,REFUNDED
6419,C0888,P0372,2026-09-02,2567.43,COMPLETED
6420,C0650,P0328,2026-09-03,4132.03,COMPLETED
6421,C0598,P0499,2026-09-01,1958.44,COMPLETED
6422,C0595,P0190,2026-09-03,426.66,COMPLETED
6423,C0967,P0363,2026-09-02,4514.0,CANCELLED
6424,C0636,P0399,2026-09-05,3910.51,COMPLETED
6425,C0073,P0128,2026-09-03,184.45,CANCELLED
6426,C0484,P0348,2026-09-04,1038.19,COMPLETED
6427,C0911,P0312,2026-09-02,1947.49,CANCELLED
6428,C0200,P0215,2026-09-03,3101.69,CANCELLED
6429,C0513,P0362,2026-09-04,947.13,CANCELLED
6430,C0123,P0235,2026-09-02,2910.64,REFUNDED
6431,C0889,P0094,2026-09-05,4950.88,COMPLETED
6432,C0698,P0225,2026-09-02,224.4,REFUNDED
6433,C0391,P0182,2026-09-04,4786.21,CANCELLED
6434,C0543,P0409,2026-09-05,1247.22,COMPLETED
6435,C0306,P0240,2026-09-02,1942.04,COMPLETED
6436,C0424,P0258,2026-09-02,1938.94,CANCELLED
6437,C0056,P0147,2026-09-03,2936.28,COMPLETED
6438,C0892,P0142,2026-09-05,4685.88,REFUNDED
6439,C0875,P0488,2026-09-05,2145.96,REFUNDED
6440,C0155,P0220,2026-09-03,907.68,COMPLETED
6441,C0141,P0267,2026-09-01,881.01,COMPLETED
6442,C0206,P0483,2026-09-02,1767.52,REFUNDED
6443,C0351,P0368,2026-09-05,1196.98,REFUNDED
6444,C0420,P0452,2026-09-01,1949.43,CANCELLED
6445,C0584,P0473,2026-09-05,2864.97,CANCELLED
6446,C0915,P0417,2026-09-04,509.68,COMPLETED
6447,C0929,P0118,2026-09-03,373.85,CANCELLED
6448,C0469,P0157,2026-09-03,4122.46,REFUNDED
6449,C0147,P0326,2026-09-01,3923.06,COMPLETED
6450,C0324,P0440,2026-09-04,999.78,CANCELLED
6451,C0884,P0045,2026-09-05,3400.2,COMPLETED
6452,C0733,P0486,2026-09-03,4187.08,CANCELLED
6453,C0185,P0157,2026-09-04,3975.6,REFUNDED
6454,C0798,P0209,2026-09-05,3928.04,COMPLETED
6455,C0083,P0395,2026-09-03,1562.44,REFUNDED
6456,C0500,P0161,2026-09-01,1438.19,CANCELLED
6457,C0341,P0433,2026-09-05,3173.08,CANCELLED
6458,C0647,P0047,2026-09-03,786.54,COMPLETED
6459,C0182,P0325,2026-09-04,60.89,COMPLETED
6460,C0321,P0041,2026-09-03,2151.97,REFUNDED
6461,C0650,P0040,2026-09-03,929.49,CANCELLED
6462,C0060,P0374,2026-09-02,3736.17,COMPLETED
6463,C0005,P0123,2026-09-01,1387.29,COMPLETED
6464,C0463,P0484,2026-09-02,997.01,COMPLETED
6465,C0281,P0048,2026-09-03,4039.47,CANCELLED
6466,C0215,P0085,2026-09-05,3389.0,COMPLETED
6467,C0780,P0295,2026-09-01,2717.05,REFUNDED
6468,C0793,P0030,2026-09-05,1188.86,COMPLETED
6469,C0173,P0044,2026-09-05,1228.74,REFUNDED
6470,C0591,P0381,2026-09-01,1083.0,REFUNDED
6471,C0783,P0147,2026-09-01,1886.09,REFUNDED
6472,C0163,P0284,2026-09-04,4698.4,REFUNDED
6473,C0502,P0476,2026-09-05,3701.01,CANCELLED
6474,C0805,P0253,2026-09-04,1937.18,COMPLETED
6475,C0782,P0414,2026-09-02,4517.52,REFUNDED
6476,C0799,P0448,2026-09-01,1309.29,REFUNDED
6477,C0091,P0006,2026-09-02,234.55,REFUNDED
6478,C0133,P0493,2026-09-05,2201.56,REFUNDED
6479,C0630,P0486,2026-09-03,4051.45,REFUNDED
6480,C0445,P0218,2026-09-05,4069.08,CANCELLED
6481,C0649,P0347,2026-09-02,919.85,CANCELLED
6482,C0440,P0261,2026-09-03,1282.99,COMPLETED
6483,C0414,P0478,2026-09-01,2832.0,CANCELLED
6484,C0440,P0375,2026-09-01,1949.41,REFUNDED
6485,C0989,P0070,2026-09-03,3120.1,REFUNDED
6486,C0489,P0246,2026-09-02,711.08,CANCELLED
6487,C0393,P0255,2026-09-04,1682.36,COMPLETED
6488,C0005,P0264,2026-09-03,153.08,REFUNDED
6489,C0039,P0351,2026-09-01,1381.49,COMPLETED
6490,C0547,P0347,2026-09-03,1733.13,CANCELLED
6491,C0205,P0455,2026-09-03,4172.68,COMPLETED
6492,C0749,P0273,2026-09-04,2909.21,CANCELLED
6493,C0383,P0358,2026-09-01,1769.61,REFUNDED
6494,C0973,P0064,2026-09-03,4871.7,CANCELLED
6495,C0015,P0208,2026-09-03,4270.2,REFUNDED
6496,C0914,P0008,2026-09-02,3186.33,CANCELLED
6497,C0330,P0316,2026-09-01,4682.94,REFUNDED
6498,C0776,P0098,2026-09-02,4044.46,CANCELLED
6499,C0854,P0467,2026-09-02,4944.05,CANCELLED
6500,C0544,P0426,2026-09-03,3063.45,CANCELLED
6501,C0196,P0382,2026-09-05,4401.73,REFUNDED
6502,C0019,P0004,2026-09-02,4609.76,REFUNDED
6503,C0693,P0366,2026-09-04,4225.46,REFUNDED
6504,C0005,P0218,2026-09-04,4334.86,CANCELLED
6505,C0642,P0360,2026-09-05,1281.26,REFUNDED
6506,C0752,P0274,2026-09-01,2163.25,REFUNDED
6507,C0255,P0384,2026-09-02,4526.32,CANCELLED
6508,C0232,P0177,2026-09-04,4374.44,CANCELLED
6509,C0711,P0126,2026-09-04,2138.65,REFUNDED
6510,C0899,P0379,2026-09-03,1667.46,REFUNDED
6511,C0353,P0339,2026-09-01,1647.44,COMPLETED
6512,C0320,P0487,2026-09-01,525.82,COMPLETED
6513,C0133,P0472,2026-09-05,4316.34,CANCELLED
6514,C0106,P0422,2026-09-03,2054.05,REFUNDED
6515,C0393,P0451,2026-09-02,271.77,COMPLETED
6516,C0516,P0484,2026-09-01,2316.64,REFUNDED
6517,C0603,P0271,2026-09-03,4022.71,COMPLETED
6518,C0314,P0351,2026-09-01,2639.02,CANCELLED
6519,C0172,P0312,2026-09-01,72.42,REFUNDED
6520,C0067,P0022,2026-09-03,3822.01,CANCELLED
6521,C0844,P0311,2026-09-02,4000.94,REFUNDED
6522,C0047,P0230,2026-09-04,1734.1,REFUNDED
6523,C0306,P0494,2026-09-04,725.05,REFUNDED
6524,C0972,P0087,2026-09-05,2567.86,COMPLETED
6525,C0298,P0346,2026-09-05,2303.88,CANCELLED
6526,C0467,P0477,2026-09-01,4676.08,REFUNDED
6527,C0746,P0452,2026-09-05,4930.48,COMPLETED
6528,C0533,P0392,2026-09-05,3710.88,REFUNDED
6529,C0611,P0269,2026-09-04,3072.08,COMPLETED
6530,C0537,P0463,2026-09-05,2039.73,COMPLETED
6531,C0346,P0116,2026-09-01,1917.59,COMPLETED
6532,C0445,P0090,2026-09-05,4816.21,REFUNDED
6533,C0910,P0039,2026-09-02,2177.01,CANCELLED
6534,C0704,P0188,2026-09-04,2965.76,COMPLETED
6535,C0138,P0430,2026-09-01,3075.89,COMPLETED
6536,C0351,P0069,2026-09-03,1328.16,COMPLETED
6537,C0924,P0264,2026-09-03,131.19,REFUNDED
6538,C0502,P0181,2026-09-02,3518.94,COMPLETED
6539,C0368,P0488,2026-09-02,2315.0,CANCELLED
6540,C0769,P0027,2026-09-05,4274.1,REFUNDED
6541,C0193,P0217,2026-09-05,3230.26,COMPLETED
6542,C0169,P0254,2026-09-05,4367.3,CANCELLED
6543,C0971,P0195,2026-09-03,4339.36,CANCELLED
6544,C0929,P0088,2026-09-04,2194.49,COMPLETED
6545,C0941,P0192,2026-09-02,304.88,CANCELLED
6546,C0832,P0497,2026-09-02,4239.08,CANCELLED
6547,C0414,P0058,2026-09-03,3125.07,CANCELLED
6548,C0020,P0174,2026-09-05,4545.52,REFUNDED
6549,C0234,P0468,2026-09-04,449.93,COMPLETED
6550,C0230,P0348,2026-09-04,4818.7,REFUNDED
6551,C0745,P0128,2026-09-01,1113.72,CANCELLED
6552,C0135,P0426,2026-09-03,2641.82,COMPLETED
6553,C0217,P0277,2026-09-05,3990.78,CANCELLED
6554,C0752,P0436,2026-09-05,4757.9,REFUNDED
6555,C0023,P0393,2026-09-04,4665.09,CANCELLED
6556,C0604,P0440,2026-09-04,2267.75,CANCELLED
6557,C0517,P0061,2026-09-05,1716.78,REFUNDED
6558,C0174,P0149,2026-09-04,2428.15,CANCELLED
6559,C0127,P0154,2026-09-03,1824.56,COMPLETED
6560,C0376,P0248,2026-09-03,2189.07,COMPLETED
6561,C0729,P0151,2026-09-02,1662.67,COMPLETED
6562,C0667,P0136,2026-09-02,3280.47,REFUNDED
6563,C0812,P0110,2026-09-04,429.04,CANCELLED
6564,C0039,P0002,2026-09-03,3653.46,COMPLETED
6565,C0385,P0378,2026-09-05,2140.77,REFUNDED
6566,C0898,P0324,2026-09-03,149.01,COMPLETED
6567,C0656,P0292,2026-09-03,524.81,COMPLETED
6568,C0262,P0202,2026-09-05,2482.4,COMPLETED
6569,C0790,P0112,2026-09-03,1498.03,CANCELLED
6570,C0548,P0473,2026-09-05,2836.73,COMPLETED
6571,C0639,P0157,2026-09-04,3629.86,COMPLETED
6572,C0050,P0476,2026-09-03,944.47,REFUNDED
6573,C0609,P0478,2026-09-03,1456.23,COMPLETED
6574,C0050,P0492,2026-09-05,1077.06,REFUNDED
6575,C0678,P0330,2026-09-03,4829.48,REFUNDED
6576,C0111,P0264,2026-09-02,3072.95,REFUNDED
6577,C0670,P0423,2026-09-05,3216.32,COMPLETED
6578,C0857,P0458,2026-09-02,2202.94,COMPLETED
6579,C0021,P0019,2026-09-03,2609.76,CANCELLED
6580,C0050,P0479,2026-09-05,142.3,REFUNDED
6581,C0707,P0238,2026-09-01,4883.2,CANCELLED
6582,C0119,P0457,2026-09-01,4635.44,REFUNDED
6583,C0427,P0317,2026-09-04,1654.82,REFUNDED
6584,C0455,P0435,2026-09-03,4551.19,CANCELLED
6585,C0390,P0250,2026-09-01,3246.28,REFUNDED
6586,C0127,P0030,2026-09-02,3918.62,CANCELLED
6587,C0561,P0183,2026-09-01,2072.22,COMPLETED
6588,C0259,P0004,2026-09-01,3551.68,REFUNDED
6589,C0486,P0316,2026-09-01,3965.39,REFUNDED
6590,C0719,P0236,2026-09-02,1185.16,COMPLETED
6591,C0157,P0169,2026-09-03,1748.62,CANCELLED
6592,C0211,P0153,2026-09-03,275.53,CANCELLED
6593,C0712,P0182,2026-09-02,4132.88,CANCELLED
6594,C0703,P0055,2026-09-05,3759.48,CANCELLED
6595,C0646,P0003,2026-09-02,1358.25,CANCELLED
6596,C0010,P0180,2026-09-01,930.84,COMPLETED
6597,C0309,P0456,2026-09-02,2826.9,COMPLETED
6598,C0431,P0370,2026-09-02,406.9,REFUNDED
6599,C0678,P0096,2026-09-01,4165.62,COMPLETED
6600,C0104,P0206,2026-09-03,2708.44,CANCELLED
6601,C0679,P0182,2026-09-03,880.7,REFUNDED
6602,C0533,P0005,2026-09-01,1689.11,CANCELLED
6603,C0277,P0052,2026-09-02,2256.23,COMPLETED
6604,C0638,P0221,2026-09-01,1538.28,COMPLETED
6605,C0621,P0252,2026-09-03,214.8,REFUNDED
6606,C0718,P0102,2026-09-03,693.76,CANCELLED
6607,C0141,P0044,2026-09-04,325.7,COMPLETED
6608,C0429,P0271,2026-09-01,4317.91,REFUNDED
6609,C0851,P0264,2026-09-05,4303.36,COMPLETED
6610,C0921,P0461,2026-09-02,2717.64,REFUNDED
6611,C0108,P0079,2026-09-04,4362.9,CANCELLED
6612,C0524,P0211,2026-09-05,4995.01,REFUNDED
6613,C0737,P0064,2026-09-02,2167.77,COMPLETED
6614,C0633,P0468,2026-09-01,903.53,REFUNDED
6615,C0121,P0250,2026-09-03,1913.14,CANCELLED
6616,C0290,P0004,2026-09-03,4163.06,REFUNDED
6617,C0117,P0080,2026-09-03,2595.1,REFUNDED
6618,C0804,P0394,2026-09-05,3958.45,COMPLETED
6619,C0109,P0337,2026-09-05,3164.47,COMPLETED
6620,C0510,P0129,2026-09-05,3814.93,CANCELLED
6621,C0204,P0116,2026-09-04,1284.37,COMPLETED
6622,C0624,P0241,2026-09-04,3251.78,COMPLETED
6623,C0205,P0203,2026-09-05,2886.2,COMPLETED
6624,C0797,P0192,2026-09-05,3805.77,COMPLETED
6625,C0270,P0154,2026-09-04,2065.66,CANCELLED
6626,C0852,P0187,2026-09-02,2818.47,COMPLETED
6627,C0536,P0220,2026-09-04,306.26,CANCELLED
6628,C0997,P0457,2026-09-02,1957.54,CANCELLED
6629,C0207,P0094,2026-09-04,1649.23,COMPLETED
6630,C0367,P0275,2026-09-04,1786.43,COMPLETED
6631,C0721,P0416,2026-09-04,143.78,CANCELLED
6632,C0420,P0138,2026-09-03,4207.5,COMPLETED
6633,C0303,P0056,2026-09-04,157.59,REFUNDED
6634,C0165,P0225,2026-09-02,443.36,REFUNDED
6635,C0041,P0337,2026-09-01,3832.43,CANCELLED
6636,C0562,P0430,2026-09-02,2224.41,REFUNDED
6637,C0509,P0225,2026-09-03,2911.62,REFUNDED
6638,C0933,P0083,2026-09-05,3025.36,CANCELLED
6639,C0213,P0072,2026-09-02,466.09,REFUNDED
6640,C0705,P0182,2026-09-03,4042.24,REFUNDED
6641,C0956,P0383,2026-09-03,3260.18,CANCELLED
6642,C0493,P0223,2026-09-02,57.59,CANCELLED
6643,C0339,P0003,2026-09-01,1505.03,COMPLETED
6644,C0241,P0184,2026-09-05,4607.27,CANCELLED
6645,C0003,P0453,2026-09-02,4305.29,COMPLETED
6646,C0014,P0446,2026-09-02,779.78,CANCELLED
6647,C0688,P0364,2026-09-05,4347.72,CANCELLED
6648,C0092,P0102,2026-09-01,3555.16,CANCELLED
6649,C0929,P0057,2026-09-02,2325.35,COMPLETED
6650,C0114,P0098,2026-09-02,2644.7,COMPLETED
6651,C0856,P0146,2026-09-01,3806.98,COMPLETED
6652,C0588,P0021,2026-09-02,291.42,CANCELLED
6653,C0686,P0069,2026-09-02,1120.36,COMPLETED
6654,C0506,P0203,2026-09-05,1671.36,COMPLETED
6655,C0153,P0216,2026-09-02,776.07,REFUNDED
6656,C0973,P0381,2026-09-01,4729.5,REFUNDED
6657,C0093,P0170,2026-09-03,3749.42,REFUNDED
6658,C0799,P0462,2026-09-05,1117.38,COMPLETED
6659,C0524,P0017,2026-09-01,1555.02,COMPLETED
6660,C0077,P0083,2026-09-01,1442.23,REFUNDED
6661,C0741,P0342,2026-09-04,3162.9,CANCELLED
6662,C0741,P0102,2026-09-01,1327.92,COMPLETED
6663,C0104,P0486,2026-09-01,2567.92,COMPLETED
6664,C0927,P0246,2026-09-05,3008.86,REFUNDED
6665,C0263,P0492,2026-09-02,3748.68,REFUNDED
6666,C0660,P0341,2026-09-04,3607.72,CANCELLED
6667,C0237,P0137,2026-09-03,1201.51,COMPLETED
6668,C0468,P0061,2026-09-04,2709.22,CANCELLED
6669,C0304,P0216,2026-09-02,3387.61,REFUNDED
6670,C0271,P0251,2026-09-02,795.17,COMPLETED
6671,C0476,P0282,2026-09-05,1150.63,COMPLETED
6672,C0052,P0254,2026-09-04,2226.73,CANCELLED
6673,C0103,P0410,2026-09-03,2137.31,CANCELLED
6674,C0833,P0350,2026-09-01,2410.05,COMPLETED
6675,C0179,P0366,2026-09-05,4218.95,COMPLETED
6676,C0896,P0066,2026-09-02,4515.77,COMPLETED
6677,C0041,P0167,2026-09-04,2270.04,REFUNDED
6678,C0873,P0385,2026-09-04,1138.21,CANCELLED
6679,C0298,P0392,2026-09-05,663.96,COMPLETED
6680,C0369,P0400,2026-09-01,2260.18,CANCELLED
6681,C0821,P0452,2026-09-04,1435.71,COMPLETED
6682,C0694,P0205,2026-09-02,1818.77,REFUNDED
6683,C0321,P0257,2026-09-02,2334.68,CANCELLED
6684,C0437,P0372,2026-09-03,2168.64,REFUNDED
6685,C0757,P0473,2026-09-04,3392.25,CANCELLED
6686,C0119,P0380,2026-09-04,4456.45,COMPLETED
6687,C0098,P0432,2026-09-03,1971.21,COMPLETED
6688,C0872,P0423,2026-09-03,4718.84,REFUNDED
6689,C0777,P0200,2026-09-03,2250.26,REFUNDED
6690,C0912,P0068,2026-09-05,1600.15,CANCELLED
6691,C0047,P0057,2026-09-03,253.64,REFUNDED
6692,C0010,P0491,2026-09-04,3090.55,CANCELLED
6693,C0873,P0056,2026-09-02,4551.97,REFUNDED
6694,C0142,P0406,2026-09-04,4578.41,REFUNDED
6695,C0680,P0011,2026-09-02,3046.99,REFUNDED
6696,C0663,P0065,2026-09-05,4077.9,COMPLETED
6697,C0175,P0080,2026-09-01,1361.58,REFUNDED
6698,C0337,P0177,2026-09-03,2504.19,COMPLETED
6699,C0367,P0257,2026-09-02,3878.25,CANCELLED
6700,C0916,P0007,2026-09-05,1902.95,REFUNDED
6701,C0449,P0393,2026-09-01,1399.44,REFUNDED
6702,C0979,P0351,2026-09-05,1469.93,COMPLETED
6703,C0637,P0122,2026-09-04,1235.16,COMPLETED
6704,C0275,P0027,2026-09-04,1462.04,REFUNDED
6705,C0900,P0348,2026-09-05,2537.06,COMPLETED
6706,C0751,P0425,2026-09-02,1704.7,CANCELLED
6707,C0096,P0176,2026-09-01,2957.79,COMPLETED
6708,C0382,P0220,2026-09-04,4249.79,COMPLETED
6709,C0835,P0500,2026-09-01,2258.32,COMPLETED
6710,C0351,P0306,2026-09-05,2325.49,REFUNDED
6711,C0188,P0378,2026-09-02,1306.06,REFUNDED
6712,C0117,P0005,2026-09-04,4137.84,REFUNDED
6713,C0411,P0223,2026-09-01,186.11,CANCELLED
6714,C0410,P0246,2026-09-04,3778.53,COMPLETED
6715,C0986,P0149,2026-09-02,1238.13,COMPLETED
6716,C0468,P0145,2026-09-01,1977.0,COMPLETED
6717,C0279,P0249,2026-09-04,2128.46,REFUNDED
6718,C0856,P0043,2026-09-02,2402.83,REFUNDED
6719,C0395,P0390,2026-09-02,173.86,CANCELLED
6720,C0707,P0220,2026-09-04,4366.99,CANCELLED
6721,C0872,P0127,2026-09-02,161.51,COMPLETED
6722,C0490,P0317,2026-09-05,4339.55,COMPLETED
6723,C0820,P0079,2026-09-05,2135.19,REFUNDED
6724,C0432,P0374,2026-09-02,1805.72,REFUNDED
6725,C0665,P0262,2026-09-01,1575.22,REFUNDED
6726,C0908,P0096,2026-09-03,2253.5,CANCELLED
6727,C0817,P0128,2026-09-02,1038.62,REFUNDED
6728,C0171,P0144,2026-09-02,486.92,CANCELLED
6729,C0116,P0393,2026-09-02,1619.6,COMPLETED
6730,C0136,P0059,2026-09-05,2382.36,COMPLETED
6731,C0713,P0443,2026-09-05,1078.1,COMPLETED
6732,C0744,P0135,2026-09-05,3895.93,COMPLETED
6733,C0061,P0359,2026-09-02,344.01,COMPLETED
6734,C0966,P0127,2026-09-04,2962.38,CANCELLED
6735,C0865,P0342,2026-09-02,3954.39,REFUNDED
6736,C0164,P0421,2026-09-01,3234.58,REFUNDED
6737,C0107,P0220,2026-09-04,280.23,REFUNDED
6738,C0427,P0102,2026-09-03,4262.97,REFUNDED
6739,C0934,P0243,2026-09-05,3705.45,CANCELLED
6740,C0605,P0362,2026-09-01,3991.73,CANCELLED
6741,C0495,P0401,2026-09-03,1894.37,COMPLETED
6742,C0822,P0415,2026-09-02,1817.49,CANCELLED
6743,C0583,P0053,2026-09-05,2555.89,CANCELLED
6744,C0695,P0359,2026-09-05,1248.73,CANCELLED
6745,C0449,P0374,2026-09-02,1488.0,REFUNDED
6746,C0186,P0258,2026-09-02,1353.79,COMPLETED
6747,C0626,P0313,2026-09-02,1258.62,COMPLETED
6748,C0389,P0093,2026-09-03,4916.8,COMPLETED
6749,C0798,P0097,2026-09-03,4012.43,COMPLETED
6750,C0368,P0438,2026-09-02,3290.74,COMPLETED
6751,C0627,P0303,2026-09-05,2142.2,REFUNDED
6752,C0030,P0323,2026-09-05,1267.71,REFUNDED
6753,C0884,P0325,2026-09-02,4771.46,REFUNDED
6754,C0701,P0077,2026-09-03,4573.25,COMPLETED
6755,C0902,P0118,2026-09-05,4331.35,CANCELLED
6756,C0859,P0062,2026-09-03,694.16,COMPLETED
6757,C0745,P0068,2026-09-03,2087.51,REFUNDED
6758,C0997,P0206,2026-09-04,4920.07,CANCELLED
6759,C0914,P0020,2026-09-01,3174.92,COMPLETED
6760,C0134,P0141,2026-09-04,4581.34,CANCELLED
6761,C0495,P0099,2026-09-04,3371.98,CANCELLED
6762,C0943,P0476,2026-09-04,116.72,COMPLETED
6763,C0500,P0075,2026-09-02,4791.99,COMPLETED
6764,C0116,P0219,2026-09-02,1338.13,REFUNDED
6765,C0909,P0010,2026-09-04,193.07,CANCELLED
6766,C0422,P0316,2026-09-03,4997.72,COMPLETED
6767,C0452,P0103,2026-09-02,3697.47,COMPLETED
6768,C0048,P0047,2026-09-01,397.19,COMPLETED
6769,C0065,P0443,2026-09-05,3691.28,COMPLETED
6770,C0268,P0027,2026-09-03,4083.92,CANCELLED
6771,C0671,P0195,2026-09-03,2945.33,REFUNDED
6772,C0322,P0209,2026-09-03,3779.65,REFUNDED
6773,C0013,P0269,2026-09-05,1840.28,REFUNDED
6774,C0722,P0157,2026-09-04,2136.01,CANCELLED
6775,C0890,P0359,2026-09-05,439.39,CANCELLED
6776,C0695,P0325,2026-09-01,3462.7,REFUNDED
6777,C0538,P0119,2026-09-02,3009.38,CANCELLED
6778,C0786,P0114,2026-09-04,2860.1,REFUNDED
6779,C0762,P0173,2026-09-05,3691.21,REFUNDED
6780,C0591,P0219,2026-09-05,4176.06,CANCELLED
6781,C0742,P0246,2026-09-04,4968.41,CANCELLED
6782,C0579,P0032,2026-09-01,479.48,CANCELLED
6783,C0230,P0262,2026-09-02,553.92,REFUNDED
6784,C0979,P0219,2026-09-05,4439.32,REFUNDED
6785,C0686,P0330,2026-09-02,2536.79,CANCELLED
6786,C0895,P0027,2026-09-04,3756.94,COMPLETED
6787,C0347,P0156,2026-09-01,2266.72,REFUNDED
6788,C0532,P0057,2026-09-02,4649.29,CANCELLED
6789,C0536,P0138,2026-09-01,2038.88,REFUNDED
6790,C0705,P0187,2026-09-03,428.68,COMPLETED
6791,C0718,P0144,2026-09-02,3664.32,CANCELLED
6792,C0634,P0483,2026-09-05,2378.4,CANCELLED
6793,C0098,P0180,2026-09-04,2154.0,COMPLETED
6794,C0444,P0365,2026-09-05,510.4,CANCELLED
6795,C0678,P0215,2026-09-04,3232.04,REFUNDED
6796,C0745,P0127,2026-09-01,3257.15,CANCELLED
6797,C0255,P0164,2026-09-02,2580.05,COMPLETED
6798,C0494,P0459,2026-09-04,3361.2,COMPLETED
6799,C0355,P0025,2026-09-03,1439.29,CANCELLED
6800,C0680,P0094,2026-09-02,2334.71,CANCELLED
6801,C0693,P0021,2026-09-05,2938.57,REFUNDED
6802,C0657,P0001,2026-09-05,2029.48,CANCELLED
6803,C0395,P0027,2026-09-05,3271.95,REFUNDED
6804,C0153,P0339,2026-09-02,3920.77,CANCELLED
6805,C0860,P0382,2026-09-02,1947.83,COMPLETED
6806,C0847,P0165,2026-09-02,4432.92,CANCELLED
6807,C0572,P0109,2026-09-01,3555.44,COMPLETED
6808,C0914,P0147,2026-09-01,128.32,REFUNDED
6809,C0628,P0242,2026-09-02,1895.68,CANCELLED
6810,C0056,P0144,2026-09-03,709.18,CANCELLED
6811,C0012,P0466,2026-09-04,2050.37,COMPLETED
6812,C0659,P0311,2026-09-01,4890.86,REFUNDED
6813,C0957,P0052,2026-09-05,2951.53,COMPLETED
6814,C0161,P0221,2026-09-02,133.04,CANCELLED
6815,C0518,P0095,2026-09-02,3227.42,REFUNDED
6816,C0870,P0130,2026-09-01,385.61,COMPLETED
6817,C0481,P0486,2026-09-01,3605.73,COMPLETED
6818,C0873,P0252,2026-09-03,3521.85,CANCELLED
6819,C0508,P0187,2026-09-05,3473.69,COMPLETED
6820,C0891,P0172,2026-09-04,67.86,REFUNDED
6821,C0170,P0156,2026-09-05,943.38,REFUNDED
6822,C0077,P0058,2026-09-04,3536.64,CANCELLED
6823,C0770,P0050,2026-09-05,2507.08,REFUNDED
6824,C0504,P0343,2026-09-05,4545.93,CANCELLED
6825,C0329,P0007,2026-09-05,4284.06,COMPLETED
6826,C0247,P0350,2026-09-05,1611.95,REFUNDED
6827,C0339,P0283,2026-09-04,4198.97,REFUNDED
6828,C0994,P0395,2026-09-03,3418.03,CANCELLED
6829,C0285,P0442,2026-09-02,3134.55,CANCELLED
6830,C0052,P0067,2026-09-03,2140.54,COMPLETED
6831,C0520,P0170,2026-09-05,4577.4,COMPLETED
6832,C0229,P0185,2026-09-03,382.07,CANCELLED
6833,C0564,P0380,2026-09-02,321.24,CANCELLED
6834,C0659,P0415,2026-09-02,382.8,CANCELLED
6835,C0388,P0186,2026-09-05,4384.57,REFUNDED
6836,C0413,P0381,2026-09-04,2683.07,COMPLETED
6837,C0837,P0399,2026-09-01,1911.68,CANCELLED
6838,C0241,P0302,2026-09-01,1576.22,REFUNDED
6839,C0081,P0271,2026-09-02,1572.27,COMPLETED
6840,C0471,P0310,2026-09-01,4344.69,REFUNDED
6841,C0455,P0191,2026-09-03,1105.41,CANCELLED
6842,C0821,P0122,2026-09-03,2974.36,COMPLETED
6843,C0587,P0333,2026-09-02,496.93,CANCELLED
6844,C0459,P0142,2026-09-04,2296.23,REFUNDED
6845,C0091,P0108,2026-09-01,3716.22,CANCELLED
6846,C0878,P0300,2026-09-05,1730.94,CANCELLED
6847,C0511,P0197,2026-09-05,1342.69,CANCELLED
6848,C0458,P0045,2026-09-03,1531.2,COMPLETED
6849,C0324,P0455,2026-09-01,1547.11,CANCELLED
6850,C0122,P0055,2026-09-04,684.6,REFUNDED
6851,C0510,P0067,2026-09-01,980.49,REFUNDED
6852,C0764,P0323,2026-09-03,3048.25,REFUNDED
6853,C0670,P0381,2026-09-02,1446.03,REFUNDED
6854,C0019,P0309,2026-09-02,132.6,REFUNDED
6855,C0106,P0062,2026-09-05,4491.1,CANCELLED
6856,C0414,P0022,2026-09-01,4375.12,REFUNDED
6857,C0423,P0301,2026-09-01,874.09,REFUNDED
6858,C0037,P0496,2026-09-02,3623.93,REFUNDED
6859,C0571,P0468,2026-09-05,3926.3,REFUNDED
6860,C0563,P0453,2026-09-02,2430.21,CANCELLED
6861,C0001,P0336,2026-09-05,1167.02,REFUNDED
6862,C0846,P0419,2026-09-03,1818.88,CANCELLED
6863,C0094,P0098,2026-09-01,456.33,CANCELLED
6864,C0811,P0099,2026-09-01,4583.09,CANCELLED
6865,C0619,P0361,2026-09-03,3425.7,REFUNDED
6866,C0987,P0229,2026-09-02,3786.17,COMPLETED
6867,C0634,P0474,2026-09-04,2061.12,COMPLETED
6868,C0653,P0051,2026-09-03,1584.96,COMPLETED
6869,C0312,P0039,2026-09-05,4341.97,CANCELLED
6870,C0912,P0483,2026-09-02,2509.66,REFUNDED
6871,C0521,P0280,2026-09-01,1547.11,CANCELLED
6872,C0576,P0317,2026-09-05,1058.75,CANCELLED
6873,C0212,P0176,2026-09-02,4848.4,REFUNDED
6874,C0671,P0155,2026-09-01,4597.43,COMPLETED
6875,C0688,P0372,2026-09-05,427.96,CANCELLED
6876,C0468,P0243,2026-09-04,3387.86,CANCELLED
6877,C0974,P0390,2026-09-04,92.88,COMPLETED
6878,C0350,P0104,2026-09-01,1808.94,REFUNDED
6879,C0373,P0274,2026-09-02,1900.75,CANCELLED
6880,C0846,P0370,2026-09-05,1374.3,REFUNDED
6881,C0056,P0079,2026-09-04,4726.15,COMPLETED
6882,C0837,P0023,2026-09-01,2121.12,REFUNDED
6883,C0229,P0066,2026-09-05,1625.48,REFUNDED
6884,C0865,P0099,2026-09-01,4082.84,CANCELLED
6885,C0466,P0215,2026-09-02,1778.85,REFUNDED
6886,C0340,P0282,2026-09-04,4756.79,REFUNDED
6887,C0574,P0365,2026-09-01,4681.54,CANCELLED
6888,C0786,P0130,2026-09-02,3890.31,COMPLETED
6889,C0635,P0457,2026-09-02,1855.17,CANCELLED
6890,C0615,P0450,2026-09-01,880.55,CANCELLED
6891,C0485,P0389,2026-09-02,638.69,COMPLETED
6892,C0734,P0437,2026-09-02,2774.37,COMPLETED
6893,C0673,P0434,2026-09-01,1672.95,COMPLETED
6894,C0373,P0465,2026-09-04,4390.28,CANCELLED
6895,C0734,P0287,2026-09-04,4043.32,REFUNDED
6896,C0464,P0500,2026-09-04,336.53,COMPLETED
6897,C0117,P0178,2026-09-02,2907.81,COMPLETED
6898,C0100,P0459,2026-09-01,1552.76,CANCELLED
6899,C0778,P0188,2026-09-01,4436.65,REFUNDED
6900,C0675,P0230,2026-09-05,3978.58,CANCELLED
6901,C0228,P0323,2026-09-01,426.08,CANCELLED
6902,C0003,P0368,2026-09-01,895.51,REFUNDED
6903,C0350,P0061,2026-09-01,4989.9,REFUNDED
6904,C0364,P0467,2026-09-04,4897.07,REFUNDED
6905,C0850,P0224,2026-09-04,1684.95,REFUNDED
6906,C0649,P0035,2026-09-01,4047.87,COMPLETED
6907,C0988,P0248,2026-09-02,4205.54,CANCELLED
6908,C0820,P0215,2026-09-02,4866.36,COMPLETED
6909,C0299,P0269,2026-09-01,597.48,CANCELLED
6910,C0561,P0477,2026-09-01,2330.54,REFUNDED
6911,C0535,P0488,2026-09-05,3801.6,COMPLETED
6912,C0383,P0258,2026-09-01,930.18,CANCELLED
6913,C0719,P0405,2026-09-04,2713.28,CANCELLED
6914,C0109,P0012,2026-09-02,4715.2,COMPLETED
6915,C0047,P0086,2026-09-03,530.65,CANCELLED
6916,C0919,P0307,2026-09-05,1140.68,COMPLETED
6917,C0169,P0141,2026-09-04,2685.84,CANCELLED
6918,C0505,P0357,2026-09-02,4775.24,REFUNDED
6919,C0144,P0496,2026-09-02,503.91,REFUNDED
6920,C0842,P0067,2026-09-05,4463.07,COMPLETED
6921,C0735,P0149,2026-09-02,3838.88,CANCELLED
6922,C0761,P0024,2026-09-01,3675.08,CANCELLED
6923,C0739,P0490,2026-09-03,4964.13,COMPLETED
6924,C0420,P0290,2026-09-05,4804.56,REFUNDED
6925,C0110,P0032,2026-09-02,371.9,CANCELLED
6926,C0261,P0407,2026-09-04,1328.09,CANCELLED
6927,C0626,P0498,2026-09-04,1956.64,CANCELLED
6928,C0201,P0356,2026-09-03,1332.62,REFUNDED
6929,C0193,P0098,2026-09-02,3532.71,COMPLETED
6930,C0124,P0380,2026-09-05,4911.05,CANCELLED
6931,C0953,P0418,2026-09-01,906.59,REFUNDED
6932,C0873,P0204,2026-09-02,4577.9,REFUNDED
6933,C0403,P0254,2026-09-04,558.84,COMPLETED
6934,C0221,P0351,2026-09-03,3060.92,COMPLETED
6935,C0469,P0273,2026-09-05,1881.38,COMPLETED
6936,C0845,P0446,2026-09-01,2343.39,REFUNDED
6937,C0801,P0263,2026-09-02,4213.86,REFUNDED
6938,C0196,P0498,2026-09-03,4891.47,COMPLETED
6939,C0734,P0039,2026-09-02,4242.61,CANCELLED
6940,C0347,P0085,2026-09-01,4210.06,COMPLETED
6941,C0111,P0225,2026-09-01,3690.75,CANCELLED
6942,C0776,P0385,2026-09-03,552.94,CANCELLED
6943,C0425,P0261,2026-09-01,363.41,COMPLETED
6944,C0048,P0197,2026-09-05,1606.25,COMPLETED
6945,C0949,P0288,2026-09-04,2387.3,CANCELLED
6946,C0649,P0400,2026-09-05,1006.3,CANCELLED
6947,C0858,P0200,2026-09-02,498.86,CANCELLED
6948,C0689,P0206,2026-09-03,481.42,COMPLETED
6949,C0603,P0311,2026-09-01,3632.46,COMPLETED
6950,C0127,P0140,2026-09-05,486.2,COMPLETED
6951,C0791,P0106,2026-09-03,1284.82,COMPLETED
6952,C0914,P0095,2026-09-02,1695.08,COMPLETED
6953,C0462,P0002,2026-09-02,3223.51,COMPLETED
6954,C0469,P0082,2026-09-05,1844.09,REFUNDED
6955,C0675,P0293,2026-09-03,4252.43,CANCELLED
6956,C0604,P0112,2026-09-04,4763.74,CANCELLED
6957,C0980,P0304,2026-09-02,1637.6,REFUNDED
6958,C0517,P0357,2026-09-01,243.01,REFUNDED
6959,C0138,P0005,2026-09-05,341.49,REFUNDED
6960,C0987,P0451,2026-09-02,1571.19,CANCELLED
6961,C0511,P0476,2026-09-03,100.8,REFUNDED
6962,C0005,P0405,2026-09-03,2232.71,COMPLETED
6963,C0544,P0263,2026-09-04,485.36,CANCELLED
6964,C0754,P0234,2026-09-01,3575.44,COMPLETED
6965,C0050,P0258,2026-09-01,4473.83,COMPLETED
6966,C0567,P0363,2026-09-02,3102.36,REFUNDED
6967,C0958,P0369,2026-09-05,4445.6,CANCELLED
6968,C0444,P0269,2026-09-05,2065.97,COMPLETED
6969,C0859,P0133,2026-09-03,3088.86,CANCELLED
6970,C0600,P0156,2026-09-02,1550.24,CANCELLED
6971,C0495,P0437,2026-09-05,3851.87,CANCELLED
6972,C0947,P0113,2026-09-04,1632.85,COMPLETED
6973,C0521,P0152,2026-09-01,2063.55,COMPLETED
6974,C0800,P0363,2026-09-01,4205.08,REFUNDED
6975,C0944,P0138,2026-09-02,2189.19,REFUNDED
6976,C0933,P0283,2026-09-04,3759.1,REFUNDED
6977,C0182,P0061,2026-09-01,1561.86,COMPLETED
6978,C0709,P0088,2026-09-02,4940.37,CANCELLED
6979,C0593,P0115,2026-09-03,1552.7,CANCELLED
6980,C0178,P0024,2026-09-02,3926.27,REFUNDED
6981,C0749,P0274,2026-09-04,3722.81,COMPLETED
6982,C0835,P0122,2026-09-03,959.62,CANCELLED
6983,C0132,P0150,2026-09-05,2975.51,REFUNDED
6984,C0107,P0021,2026-09-03,749.73,REFUNDED
6985,C0397,P0328,2026-09-05,4696.86,COMPLETED
6986,C0674,P0076,2026-09-03,4295.55,REFUNDED
6987,C0615,P0483,2026-09-04,3009.86,COMPLETED
6988,C0621,P0453,2026-09-03,1739.15,COMPLETED
6989,C0904,P0143,2026-09-02,322.63,COMPLETED
6990,C0330,P0475,2026-09-02,1568.59,CANCELLED
6991,C0517,P0069,2026-09-01,456.07,COMPLETED
6992,C0903,P0139,2026-09-03,3109.71,COMPLETED
6993,C0394,P0448,2026-09-01,3682.03,REFUNDED
6994,C0429,P0405,2026-09-02,559.75,CANCELLED
6995,C0624,P0027,2026-09-01,2125.79,CANCELLED
6996,C0938,P0329,2026-09-02,567.98,REFUNDED
6997,C0710,P0128,2026-09-04,3489.13,COMPLETED
6998,C0781,P0422,2026-09-01,1943.1,COMPLETED
6999,C0255,P0108,2026-09-04,3221.55,REFUNDED
7000,C0281,P0274,2026-09-01,3465.61,REFUNDED
7001,C0408,P0060,2026-09-03,511.75,CANCELLED
7002,C0987,P0001,2026-09-05,341.42,CANCELLED
7003,C0352,P0333,2026-09-02,3781.09,REFUNDED
7004,C0994,P0178,2026-09-04,4209.0,REFUNDED
7005,C0302,P0324,2026-09-02,3526.48,CANCELLED
7006,C0464,P0310,2026-09-05,2655.86,REFUNDED
7007,C0825,P0498,2026-09-04,705.45,REFUNDED
7008,C0137,P0189,2026-09-03,3337.56,REFUNDED
7009,C0142,P0167,2026-09-01,713.29,CANCELLED
7010,C0423,P0043,2026-09-02,3713.26,REFUNDED
7011,C0617,P0485,2026-09-05,2052.26,CANCELLED
7012,C0717,P0362,2026-09-05,749.91,COMPLETED
7013,C0908,P0453,2026-09-01,4129.92,REFUNDED
7014,C0767,P0282,2026-09-04,4629.02,CANCELLED
7015,C0525,P0136,2026-09-01,802.13,COMPLETED
7016,C0307,P0370,2026-09-04,464.41,CANCELLED
7017,C0864,P0069,2026-09-04,4062.23,COMPLETED
7018,C0719,P0210,2026-09-05,1811.41,COMPLETED
7019,C0561,P0460,2026-09-01,3208.28,CANCELLED
7020,C0882,P0314,2026-09-04,893.97,CANCELLED
7021,C0322,P0151,2026-09-02,3921.71,CANCELLED
7022,C0729,P0167,2026-09-02,4186.51,COMPLETED
7023,C0755,P0030,2026-09-02,2863.98,CANCELLED
7024,C0958,P0321,2026-09-03,1938.22,COMPLETED
7025,C0567,P0418,2026-09-05,772.75,COMPLETED
7026,C0648,P0006,2026-09-01,2668.94,CANCELLED
7027,C0223,P0422,2026-09-03,3175.56,COMPLETED
7028,C0206,P0183,2026-09-03,2508.02,COMPLETED
7029,C0215,P0113,2026-09-03,4008.17,CANCELLED
7030,C0640,P0375,2026-09-02,3556.66,REFUNDED
7031,C0732,P0495,2026-09-01,3741.49,REFUNDED
7032,C0298,P0144,2026-09-02,105.06,COMPLETED
7033,C0704,P0091,2026-09-03,2865.08,REFUNDED
7034,C0354,P0132,2026-09-01,738.8,REFUNDED
7035,C0944,P0498,2026-09-02,4008.28,CANCELLED
7036,C0689,P0009,2026-09-01,3185.09,CANCELLED
7037,C0136,P0276,2026-09-01,4688.06,CANCELLED
7038,C0728,P0337,2026-09-01,3186.08,COMPLETED
7039,C0666,P0445,2026-09-05,2486.77,CANCELLED
7040,C0999,P0399,2026-09-03,3812.31,REFUNDED
7041,C0982,P0481,2026-09-04,2778.78,CANCELLED
7042,C0183,P0400,2026-09-04,2306.53,COMPLETED
7043,C0516,P0299,2026-09-05,3532.12,REFUNDED
7044,C0556,P0055,2026-09-04,831.61,REFUNDED
7045,C0711,P0370,2026-09-03,201.0,REFUNDED
7046,C0653,P0382,2026-09-04,4802.81,CANCELLED
7047,C0331,P0353,2026-09-03,3321.99,COMPLETED
7048,C0728,P0196,2026-09-05,4568.7,REFUNDED
7049,C0119,P0485,2026-09-01,1373.29,REFUNDED
7050,C0780,P0335,2026-09-03,1731.02,CANCELLED
7051,C0361,P0132,2026-09-04,2492.06,CANCELLED
7052,C0576,P0446,2026-09-05,687.65,COMPLETED
7053,C0492,P0321,2026-09-03,4035.05,COMPLETED
7054,C0597,P0325,2026-09-03,2804.68,CANCELLED
7055,C0585,P0310,2026-09-03,4699.41,CANCELLED
7056,C0966,P0283,2026-09-04,766.5,REFUNDED
7057,C0684,P0106,2026-09-02,1780.76,CANCELLED
7058,C0728,P0419,2026-09-02,1511.45,CANCELLED
7059,C0428,P0227,2026-09-03,972.02,COMPLETED
7060,C0691,P0113,2026-09-04,3600.23,REFUNDED
7061,C0766,P0167,2026-09-01,271.24,CANCELLED
7062,C0916,P0138,2026-09-02,3400.61,CANCELLED
7063,C0862,P0105,2026-09-03,2583.01,CANCELLED
7064,C0547,P0298,2026-09-04,4631.25,REFUNDED
7065,C0293,P0323,2026-09-04,3230.47,CANCELLED
7066,C0899,P0414,2026-09-01,3547.16,CANCELLED
7067,C0868,P0440,2026-09-01,779.73,COMPLETED
7068,C0433,P0386,2026-09-01,3177.17,REFUNDED
7069,C0828,P0203,2026-09-05,2604.24,COMPLETED
7070,C0014,P0080,2026-09-01,128.88,CANCELLED
7071,C0536,P0229,2026-09-01,1931.51,REFUNDED
7072,C0110,P0119,2026-09-05,1475.78,REFUNDED
7073,C0026,P0374,2026-09-01,191.97,CANCELLED
7074,C0391,P0372,2026-09-01,3966.91,CANCELLED
7075,C0149,P0223,2026-09-02,4167.18,COMPLETED
7076,C0055,P0189,2026-09-01,1347.63,CANCELLED
7077,C0687,P0076,2026-09-04,2121.62,COMPLETED
7078,C0058,P0462,2026-09-05,1825.13,CANCELLED
7079,C0205,P0246,2026-09-02,1537.16,REFUNDED
7080,C0274,P0048,2026-09-01,2411.68,CANCELLED
7081,C0769,P0254,2026-09-04,2283.22,COMPLETED
7082,C0805,P0093,2026-09-04,4032.99,REFUNDED
7083,C0165,P0236,2026-09-03,3478.32,COMPLETED
7084,C0294,P0095,2026-09-01,3054.59,CANCELLED
7085,C0700,P0418,2026-09-04,1738.27,COMPLETED
7086,C0257,P0442,2026-09-02,3604.18,REFUNDED
7087,C0150,P0091,2026-09-04,165.3,REFUNDED
7088,C0860,P0097,2026-09-05,4359.59,REFUNDED
7089,C0064,P0292,2026-09-01,3191.09,REFUNDED
7090,C0708,P0252,2026-09-05,4861.66,REFUNDED
7091,C0804,P0483,2026-09-01,2942.9,CANCELLED
7092,C0303,P0374,2026-09-05,1685.89,COMPLETED
7093,C0209,P0093,2026-09-01,1991.11,CANCELLED
7094,C0772,P0332,2026-09-03,3454.66,COMPLETED
7095,C0555,P0145,2026-09-04,1060.98,REFUNDED
7096,C0034,P0011,2026-09-01,514.15,CANCELLED
7097,C0368,P0159,2026-09-02,1975.2,REFUNDED
7098,C0834,P0084,2026-09-05,3153.67,REFUNDED
7099,C0464,P0454,2026-09-01,1804.37,COMPLETED
7100,C0105,P0091,2026-09-01,4036.03,COMPLETED
7101,C0631,P0419,2026-09-03,1141.76,REFUNDED
7102,C0889,P0202,2026-09-01,2816.38,COMPLETED
7103,C0692,P0352,2026-09-04,2677.67,COMPLETED
7104,C0758,P0312,2026-09-01,4637.39,COMPLETED
7105,C0576,P0097,2026-09-02,2241.85,REFUNDED
7106,C0886,P0036,2026-09-05,4406.36,COMPLETED
7107,C0230,P0074,2026-09-01,1770.59,REFUNDED
7108,C0761,P0037,2026-09-04,3501.42,REFUNDED
7109,C0663,P0219,2026-09-04,4561.05,REFUNDED
7110,C0575,P0126,2026-09-01,3086.04,COMPLETED
7111,C0399,P0233,2026-09-02,4156.46,COMPLETED
7112,C0244,P0466,2026-09-01,416.64,CANCELLED
7113,C0524,P0331,2026-09-04,1977.3,REFUNDED
7114,C0804,P0497,2026-09-02,4796.96,COMPLETED
7115,C0816,P0207,2026-09-03,2112.62,COMPLETED
7116,C0818,P0052,2026-09-01,683.49,CANCELLED
7117,C0713,P0371,2026-09-01,4641.02,REFUNDED
7118,C0295,P0270,2026-09-03,4224.56,COMPLETED
7119,C0710,P0071,2026-09-03,164.0,COMPLETED
7120,C0681,P0373,2026-09-05,486.51,COMPLETED
7121,C0049,P0385,2026-09-03,533.55,REFUNDED
7122,C0949,P0414,2026-09-04,3648.23,REFUNDED
7123,C0391,P0007,2026-09-03,1007.97,COMPLETED
7124,C0397,P0309,2026-09-02,1941.84,CANCELLED
7125,C0427,P0052,2026-09-04,4614.42,REFUNDED
7126,C0980,P0194,2026-09-02,2435.87,CANCELLED
7127,C0808,P0197,2026-09-01,2966.15,REFUNDED
7128,C1000,P0011,2026-09-02,3343.78,CANCELLED
7129,C0702,P0057,2026-09-01,2263.72,CANCELLED
7130,C0321,P0424,2026-09-01,4416.93,CANCELLED
7131,C0990,P0007,2026-09-05,3780.64,CANCELLED
7132,C0566,P0391,2026-09-04,3096.22,CANCELLED
7133,C0056,P0426,2026-09-02,1110.88,COMPLETED
7134,C0014,P0330,2026-09-03,132.55,CANCELLED
7135,C0762,P0479,2026-09-05,1679.89,REFUNDED
7136,C0258,P0023,2026-09-05,3811.64,CANCELLED
7137,C0208,P0068,2026-09-03,3664.87,COMPLETED
7138,C0636,P0128,2026-09-04,4291.35,REFUNDED
7139,C0890,P0395,2026-09-04,2629.22,CANCELLED
7140,C0800,P0043,2026-09-04,3998.31,REFUNDED
7141,C0882,P0138,2026-09-05,3838.22,REFUNDED
7142,C0892,P0074,2026-09-03,3662.77,CANCELLED
7143,C0454,P0481,2026-09-04,2822.59,CANCELLED
7144,C0850,P0322,2026-09-01,4756.16,COMPLETED
7145,C0231,P0308,2026-09-02,2869.21,CANCELLED
7146,C0934,P0007,2026-09-01,1574.8,CANCELLED
7147,C0649,P0406,2026-09-05,2966.15,CANCELLED
7148,C0722,P0495,2026-09-01,3779.75,REFUNDED
7149,C0727,P0005,2026-09-03,1335.1,REFUNDED
7150,C0664,P0491,2026-09-02,4053.95,COMPLETED
7151,C0377,P0406,2026-09-02,3668.83,REFUNDED
7152,C0774,P0055,2026-09-05,4787.31,COMPLETED
7153,C0603,P0278,2026-09-04,1205.12,COMPLETED
7154,C0560,P0377,2026-09-02,2230.47,CANCELLED
7155,C0757,P0419,2026-09-04,2825.93,REFUNDED
7156,C0618,P0174,2026-09-03,2963.19,REFUNDED
7157,C0202,P0437,2026-09-04,4419.39,CANCELLED
7158,C0795,P0363,2026-09-04,4788.7,CANCELLED
7159,C0743,P0044,2026-09-04,2073.75,CANCELLED
7160,C0988,P0104,2026-09-02,1114.51,REFUNDED
7161,C0199,P0072,2026-09-01,328.66,CANCELLED
7162,C0302,P0246,2026-09-03,2843.78,CANCELLED
7163,C0460,P0389,2026-09-05,3657.13,REFUNDED
7164,C0182,P0289,2026-09-01,674.17,CANCELLED
7165,C0700,P0457,2026-09-05,3664.26,CANCELLED
7166,C0077,P0228,2026-09-02,2492.45,CANCELLED
7167,C0192,P0418,2026-09-02,4048.75,CANCELLED
7168,C0986,P0084,2026-09-04,1316.45,REFUNDED
7169,C0178,P0158,2026-09-01,2577.14,CANCELLED
7170,C0753,P0170,2026-09-01,2609.49,CANCELLED
7171,C0527,P0246,2026-09-01,4082.73,CANCELLED
7172,C0123,P0080,2026-09-03,2667.17,CANCELLED
7173,C0387,P0125,2026-09-04,3862.6,CANCELLED
7174,C0042,P0029,2026-09-04,4181.83,CANCELLED
7175,C0439,P0279,2026-09-04,1692.06,COMPLETED
7176,C0286,P0355,2026-09-01,3459.39,REFUNDED
7177,C0570,P0137,2026-09-03,788.79,CANCELLED
7178,C0271,P0322,2026-09-03,4460.05,COMPLETED
7179,C0134,P0279,2026-09-05,1869.42,COMPLETED
7180,C0165,P0064,2026-09-01,3334.49,REFUNDED
7181,C0599,P0011,2026-09-01,3329.02,REFUNDED
7182,C0867,P0423,2026-09-01,3334.57,REFUNDED
7183,C0262,P0023,2026-09-01,4369.56,CANCELLED
7184,C0006,P0053,2026-09-04,836.31,REFUNDED
7185,C0339,P0279,2026-09-05,4535.85,COMPLETED
7186,C0478,P0152,2026-09-04,3598.68,REFUNDED
7187,C0727,P0053,2026-09-04,4510.3,CANCELLED
7188,C0960,P0262,2026-09-01,3812.68,CANCELLED
7189,C0159,P0454,2026-09-03,598.38,CANCELLED
7190,C0041,P0429,2026-09-01,1130.75,CANCELLED
7191,C0158,P0213,2026-09-01,1265.07,COMPLETED
7192,C0951,P0073,2026-09-03,1087.86,COMPLETED
7193,C0331,P0001,2026-09-05,2212.11,CANCELLED
7194,C0612,P0468,2026-09-02,2574.27,CANCELLED
7195,C0053,P0115,2026-09-05,1747.1,COMPLETED
7196,C0793,P0013,2026-09-05,2699.13,CANCELLED
7197,C0955,P0117,2026-09-01,1525.23,REFUNDED
7198,C0641,P0219,2026-09-05,4713.5,REFUNDED
7199,C0631,P0198,2026-09-03,2140.91,REFUNDED
7200,C0864,P0076,2026-09-05,4537.91,REFUNDED
7201,C0678,P0181,2026-09-01,3213.74,CANCELLED
7202,C0309,P0336,2026-09-03,2536.79,REFUNDED
7203,C0503,P0147,2026-09-02,3073.52,COMPLETED
7204,C0809,P0116,2026-09-01,2026.16,REFUNDED
7205,C0587,P0472,2026-09-03,1653.54,REFUNDED
7206,C0564,P0451,2026-09-02,2780.74,REFUNDED
7207,C0367,P0351,2026-09-01,2424.17,CANCELLED
7208,C0075,P0197,2026-09-03,1380.56,COMPLETED
7209,C0803,P0352,2026-09-05,1439.6,CANCELLED
7210,C0725,P0453,2026-09-05,1661.0,CANCELLED
7211,C0326,P0367,2026-09-05,2895.47,CANCELLED
7212,C0539,P0422,2026-09-01,1706.88,REFUNDED
7213,C0226,P0462,2026-09-05,442.78,CANCELLED
7214,C0980,P0058,2026-09-03,1819.2,COMPLETED
7215,C0189,P0252,2026-09-05,1043.3,COMPLETED
7216,C0534,P0087,2026-09-04,4691.26,COMPLETED
7217,C0070,P0057,2026-09-04,1645.77,CANCELLED
7218,C0806,P0115,2026-09-05,1755.83,COMPLETED
7219,C0518,P0053,2026-09-05,3947.09,REFUNDED
7220,C0164,P0490,2026-09-04,1682.28,REFUNDED
7221,C0426,P0490,2026-09-02,3161.12,REFUNDED
7222,C0557,P0145,2026-09-01,4622.64,CANCELLED
7223,C0550,P0183,2026-09-02,3515.1,REFUNDED
7224,C0414,P0040,2026-09-04,2468.3,COMPLETED
7225,C0095,P0316,2026-09-05,2710.37,CANCELLED
7226,C0358,P0171,2026-09-04,2313.9,REFUNDED
7227,C0227,P0061,2026-09-01,1418.35,COMPLETED
7228,C0905,P0185,2026-09-04,4836.49,REFUNDED
7229,C0219,P0473,2026-09-04,368.63,REFUNDED
7230,C0680,P0474,2026-09-05,3198.76,CANCELLED
7231,C0340,P0471,2026-09-05,4855.13,REFUNDED
7232,C0340,P0044,2026-09-03,1959.57,COMPLETED
7233,C0370,P0459,2026-09-01,4442.25,REFUNDED
7234,C0301,P0023,2026-09-04,4646.3,REFUNDED
7235,C0224,P0310,2026-09-04,2171.28,CANCELLED
7236,C0974,P0078,2026-09-01,1649.99,REFUNDED
7237,C0771,P0092,2026-09-02,645.49,CANCELLED
7238,C0634,P0220,2026-09-02,3753.55,COMPLETED
7239,C0544,P0272,2026-09-04,633.19,COMPLETED
7240,C0487,P0172,2026-09-03,3104.63,CANCELLED
7241,C0575,P0308,2026-09-01,2490.45,CANCELLED
7242,C0844,P0093,2026-09-04,1323.0,COMPLETED
7243,C0771,P0348,2026-09-04,1158.9,CANCELLED
7244,C0665,P0218,2026-09-05,3084.99,CANCELLED
7245,C0010,P0077,2026-09-03,1810.18,CANCELLED
7246,C0118,P0458,2026-09-02,1625.55,COMPLETED
7247,C0685,P0342,2026-09-02,3849.14,REFUNDED
7248,C0355,P0352,2026-09-02,3904.32,COMPLETED
7249,C0457,P0155,2026-09-03,2207.36,COMPLETED
7250,C0247,P0320,2026-09-04,4439.27,COMPLETED
7251,C0927,P0419,2026-09-02,3076.32,COMPLETED
7252,C0658,P0147,2026-09-02,2230.97,CANCELLED
7253,C0629,P0179,2026-09-05,3014.32,COMPLETED
7254,C0941,P0449,2026-09-05,1226.04,COMPLETED
7255,C0637,P0054,2026-09-05,3627.0,COMPLETED
7256,C0250,P0139,2026-09-03,4571.9,COMPLETED
7257,C0982,P0470,2026-09-05,296.61,REFUNDED
7258,C0041,P0256,2026-09-05,4779.3,REFUNDED
7259,C0699,P0339,2026-09-01,1787.26,COMPLETED
7260,C0907,P0189,2026-09-05,2546.37,REFUNDED
7261,C0329,P0478,2026-09-04,959.24,COMPLETED
7262,C0391,P0136,2026-09-01,4183.6,COMPLETED
7263,C0938,P0416,2026-09-01,2010.21,COMPLETED
7264,C0816,P0465,2026-09-03,998.77,COMPLETED
7265,C0968,P0365,2026-09-02,236.31,COMPLETED
7266,C0117,P0409,2026-09-04,3805.07,COMPLETED
7267,C0396,P0040,2026-09-02,1670.04,REFUNDED
7268,C0263,P0404,2026-09-01,2403.23,CANCELLED
7269,C0554,P0002,2026-09-02,3214.54,REFUNDED
7270,C0742,P0442,2026-09-04,904.13,COMPLETED
7271,C0290,P0478,2026-09-01,1439.87,CANCELLED
7272,C0026,P0077,2026-09-05,674.95,CANCELLED
7273,C0934,P0399,2026-09-04,1439.78,CANCELLED
7274,C0530,P0336,2026-09-05,2730.18,REFUNDED
7275,C0842,P0076,2026-09-02,3738.28,REFUNDED
7276,C0789,P0164,2026-09-01,1561.28,CANCELLED
7277,C0384,P0076,2026-09-01,3330.95,CANCELLED
7278,C0527,P0200,2026-09-04,878.6,REFUNDED
7279,C0823,P0229,2026-09-01,1938.77,CANCELLED
7280,C0521,P0370,2026-09-02,2788.82,CANCELLED
7281,C0457,P0408,2026-09-01,2860.24,CANCELLED
7282,C0499,P0403,2026-09-03,2623.51,COMPLETED
7283,C0045,P0500,2026-09-01,1307.5,REFUNDED
7284,C0304,P0245,2026-09-05,3291.79,CANCELLED
7285,C0920,P0418,2026-09-01,294.11,CANCELLED
7286,C0668,P0035,2026-09-02,459.92,COMPLETED
7287,C0198,P0058,2026-09-03,3187.15,REFUNDED
7288,C0329,P0296,2026-09-05,2555.45,CANCELLED
7289,C0527,P0219,2026-09-05,216.25,COMPLETED
7290,C0085,P0492,2026-09-05,90.13,CANCELLED
7291,C0971,P0373,2026-09-05,1059.71,COMPLETED
7292,C0099,P0143,2026-09-05,4554.45,CANCELLED
7293,C0172,P0075,2026-09-05,2790.07,COMPLETED
7294,C0995,P0047,2026-09-04,406.35,CANCELLED
7295,C0980,P0166,2026-09-02,4278.94,REFUNDED
7296,C0792,P0066,2026-09-01,4358.81,CANCELLED
7297,C0551,P0094,2026-09-01,2221.24,CANCELLED
7298,C0547,P0393,2026-09-04,1247.95,CANCELLED
7299,C0008,P0198,2026-09-01,3983.07,CANCELLED
7300,C0642,P0181,2026-09-05,2658.57,REFUNDED
7301,C0068,P0164,2026-09-05,2031.21,REFUNDED
7302,C0216,P0254,2026-09-05,3747.01,COMPLETED
7303,C0687,P0218,2026-09-03,566.42,CANCELLED
7304,C0645,P0247,2026-09-05,1762.31,COMPLETED
7305,C0793,P0356,2026-09-01,1343.01,CANCELLED
7306,C0219,P0499,2026-09-01,2113.3,REFUNDED
7307,C0886,P0212,2026-09-05,128.07,REFUNDED
7308,C0702,P0309,2026-09-04,1262.99,COMPLETED
7309,C0435,P0407,2026-09-03,813.49,REFUNDED
7310,C0856,P0326,2026-09-03,1995.11,REFUNDED
7311,C0107,P0171,2026-09-05,3094.52,CANCELLED
7312,C0211,P0071,2026-09-02,2215.22,REFUNDED
7313,C0551,P0411,2026-09-02,4286.17,COMPLETED
7314,C0849,P0484,2026-09-01,4660.41,REFUNDED
7315,C0720,P0335,2026-09-04,4132.24,COMPLETED
7316,C0900,P0472,2026-09-03,2044.36,CANCELLED
7317,C1000,P0126,2026-09-05,3517.55,CANCELLED
7318,C0760,P0197,2026-09-05,2504.07,CANCELLED
7319,C0794,P0215,2026-09-02,287.99,CANCELLED
7320,C0446,P0282,2026-09-05,1697.15,REFUNDED
7321,C0663,P0255,2026-09-04,1070.74,CANCELLED
7322,C0837,P0276,2026-09-05,4629.64,COMPLETED
7323,C0963,P0274,2026-09-03,4270.2,REFUNDED
7324,C0074,P0253,2026-09-04,1529.62,COMPLETED
7325,C0765,P0273,2026-09-01,2888.26,REFUNDED
7326,C0703,P0275,2026-09-05,580.07,REFUNDED
7327,C0158,P0421,2026-09-02,3469.83,REFUNDED
7328,C0025,P0118,2026-09-01,3567.46,CANCELLED
7329,C0471,P0197,2026-09-01,4114.01,REFUNDED
7330,C0735,P0043,2026-09-03,1777.67,REFUNDED
7331,C0340,P0298,2026-09-05,2250.02,REFUNDED
7332,C0039,P0367,2026-09-01,3151.36,CANCELLED
7333,C0090,P0216,2026-09-04,3429.86,REFUNDED
7334,C0076,P0270,2026-09-04,4024.95,CANCELLED
7335,C0056,P0296,2026-09-03,1853.93,COMPLETED
7336,C0183,P0398,2026-09-04,260.74,CANCELLED
7337,C0814,P0356,2026-09-01,4906.52,REFUNDED
7338,C0258,P0416,2026-09-02,4403.42,REFUNDED
7339,C0572,P0384,2026-09-02,4748.8,COMPLETED
7340,C0073,P0113,2026-09-04,4850.76,CANCELLED
7341,C0589,P0360,2026-09-05,3627.14,REFUNDED
7342,C0842,P0045,2026-09-01,4256.47,CANCELLED
7343,C0234,P0121,2026-09-03,3262.59,COMPLETED
7344,C0933,P0186,2026-09-05,3298.98,REFUNDED
7345,C0265,P0002,2026-09-04,2807.56,COMPLETED
7346,C0418,P0105,2026-09-01,4311.43,REFUNDED
7347,C0398,P0436,2026-09-01,3384.21,REFUNDED
7348,C0462,P0009,2026-09-02,2297.24,REFUNDED
7349,C0646,P0186,2026-09-05,4380.02,REFUNDED
7350,C0415,P0286,2026-09-04,2767.66,COMPLETED
7351,C0444,P0243,2026-09-05,492.24,REFUNDED
7352,C0324,P0491,2026-09-03,835.64,CANCELLED
7353,C0018,P0069,2026-09-02,952.85,COMPLETED
7354,C0399,P0472,2026-09-05,1336.12,CANCELLED
7355,C0690,P0057,2026-09-04,4714.85,CANCELLED
7356,C0122,P0031,2026-09-05,1885.36,REFUNDED
7357,C0548,P0467,2026-09-05,2414.58,CANCELLED
7358,C0007,P0179,2026-09-02,2584.39,REFUNDED
7359,C0657,P0185,2026-09-04,1478.43,CANCELLED
7360,C0738,P0435,2026-09-04,2007.35,CANCELLED
7361,C0634,P0435,2026-09-05,2256.76,REFUNDED
7362,C0065,P0444,2026-09-04,3067.08,COMPLETED
7363,C0775,P0399,2026-09-01,4169.37,REFUNDED
7364,C0764,P0420,2026-09-03,4164.39,COMPLETED
7365,C0600,P0072,2026-09-01,4159.17,CANCELLED
7366,C0047,P0151,2026-09-05,456.82,REFUNDED
7367,C0718,P0236,2026-09-03,3917.32,REFUNDED
7368,C0869,P0074,2026-09-02,2834.75,CANCELLED
7369,C0075,P0428,2026-09-01,2869.11,COMPLETED
7370,C0367,P0437,2026-09-03,545.27,CANCELLED
7371,C0951,P0283,2026-09-01,2549.12,REFUNDED
7372,C0515,P0498,2026-09-05,2307.62,CANCELLED
7373,C0109,P0477,2026-09-04,1904.49,COMPLETED
7374,C0297,P0468,2026-09-01,389.18,CANCELLED
7375,C0806,P0216,2026-09-03,2884.3,REFUNDED
7376,C0703,P0125,2026-09-04,3455.56,CANCELLED
7377,C0309,P0108,2026-09-01,1529.73,COMPLETED
7378,C0622,P0424,2026-09-04,3977.65,CANCELLED
7379,C0089,P0115,2026-09-05,3039.88,CANCELLED
7380,C0289,P0029,2026-09-02,867.8,REFUNDED
7381,C0784,P0383,2026-09-02,1069.74,REFUNDED
7382,C0949,P0071,2026-09-04,546.54,REFUNDED
7383,C0449,P0061,2026-09-03,4592.38,COMPLETED
7384,C0391,P0493,2026-09-05,3118.57,COMPLETED
7385,C0405,P0357,2026-09-05,930.32,COMPLETED
7386,C0842,P0361,2026-09-02,3808.71,COMPLETED
7387,C0677,P0074,2026-09-03,3811.77,REFUNDED
7388,C0032,P0194,2026-09-04,2610.88,CANCELLED
7389,C0486,P0376,2026-09-03,3238.26,COMPLETED
7390,C0161,P0014,2026-09-01,3331.67,REFUNDED
7391,C0547,P0357,2026-09-04,2405.55,COMPLETED
7392,C0226,P0495,2026-09-05,2227.88,REFUNDED
7393,C0140,P0218,2026-09-04,2200.15,REFUNDED
7394,C0765,P0191,2026-09-02,1927.21,CANCELLED
7395,C0401,P0028,2026-09-03,1630.23,REFUNDED
7396,C0816,P0360,2026-09-01,4494.56,REFUNDED
7397,C0817,P0055,2026-09-05,2432.97,REFUNDED
7398,C0870,P0340,2026-09-04,1840.14,COMPLETED
7399,C0559,P0298,2026-09-03,1549.81,COMPLETED
7400,C0303,P0038,2026-09-05,3083.15,COMPLETED
7401,C0984,P0245,2026-09-04,3260.78,REFUNDED
7402,C0650,P0429,2026-09-04,3556.4,REFUNDED
7403,C0148,P0305,2026-09-05,3211.3,CANCELLED
7404,C0306,P0446,2026-09-02,1564.29,COMPLETED
7405,C0694,P0081,2026-09-03,4920.75,COMPLETED
7406,C0909,P0016,2026-09-05,2187.95,COMPLETED
7407,C0937,P0076,2026-09-04,2380.22,COMPLETED
7408,C0989,P0188,2026-09-01,2488.51,CANCELLED
7409,C0815,P0073,2026-09-03,1714.61,REFUNDED
7410,C0888,P0041,2026-09-04,2082.11,COMPLETED
7411,C0747,P0126,2026-09-05,2840.2,REFUNDED
7412,C0664,P0040,2026-09-03,4756.21,COMPLETED
7413,C0383,P0007,2026-09-02,3643.32,REFUNDED
7414,C0981,P0292,2026-09-01,4158.84,CANCELLED
7415,C0973,P0426,2026-09-04,1364.88,CANCELLED
7416,C0012,P0417,2026-09-01,3081.83,REFUNDED
7417,C0567,P0214,2026-09-02,4493.09,CANCELLED
7418,C0896,P0077,2026-09-05,2460.04,COMPLETED
7419,C0569,P0392,2026-09-03,4735.71,CANCELLED
7420,C0145,P0094,2026-09-01,3484.97,REFUNDED
7421,C0127,P0241,2026-09-04,1527.37,CANCELLED
7422,C0043,P0381,2026-09-02,607.14,CANCELLED
7423,C0006,P0072,2026-09-02,1092.02,REFUNDED
7424,C0587,P0384,2026-09-03,2989.02,COMPLETED
7425,C0611,P0271,2026-09-05,2359.77,COMPLETED
7426,C0404,P0358,2026-09-02,4970.84,COMPLETED
7427,C0551,P0486,2026-09-04,3336.75,COMPLETED
7428,C0561,P0154,2026-09-03,593.46,CANCELLED
7429,C0970,P0241,2026-09-05,4751.25,CANCELLED
7430,C0088,P0211,2026-09-05,3235.07,CANCELLED
7431,C0313,P0370,2026-09-02,2338.6,CANCELLED
7432,C0216,P0173,2026-09-01,4301.1,COMPLETED
7433,C0767,P0228,2026-09-05,3844.17,REFUNDED
7434,C0760,P0401,2026-09-05,3092.08,COMPLETED
7435,C0926,P0331,2026-09-02,1351.01,REFUNDED
7436,C0744,P0356,2026-09-03,3332.9,COMPLETED
7437,C0353,P0007,2026-09-05,4102.3,REFUNDED
7438,C0217,P0147,2026-09-04,3313.35,CANCELLED
7439,C0423,P0057,2026-09-05,3486.46,COMPLETED
7440,C0928,P0080,2026-09-05,2444.6,REFUNDED
7441,C0662,P0031,2026-09-02,906.1,COMPLETED
7442,C0872,P0452,2026-09-05,4715.79,CANCELLED
7443,C0525,P0329,2026-09-01,2368.08,COMPLETED
7444,C0146,P0017,2026-09-04,2527.38,REFUNDED
7445,C0165,P0310,2026-09-02,2036.39,COMPLETED
7446,C0189,P0385,2026-09-03,564.12,CANCELLED
7447,C0227,P0089,2026-09-04,1745.91,COMPLETED
7448,C0632,P0258,2026-09-04,3258.38,CANCELLED
7449,C0855,P0083,2026-09-02,3669.58,COMPLETED
7450,C0259,P0006,2026-09-05,2464.6,REFUNDED
7451,C0199,P0203,2026-09-04,521.39,REFUNDED
7452,C0118,P0427,2026-09-05,2693.14,COMPLETED
7453,C0186,P0217,2026-09-05,4383.9,CANCELLED
7454,C0688,P0349,2026-09-01,1901.76,COMPLETED
7455,C0819,P0486,2026-09-04,1109.28,COMPLETED
7456,C0581,P0449,2026-09-01,3342.7,COMPLETED
7457,C0873,P0233,2026-09-05,800.66,REFUNDED
7458,C0056,P0284,2026-09-01,4310.48,CANCELLED
7459,C0872,P0365,2026-09-01,2705.21,CANCELLED
7460,C0770,P0425,2026-09-03,4835.35,CANCELLED
7461,C0955,P0133,2026-09-01,1780.11,REFUNDED
7462,C0563,P0471,2026-09-02,137.38,REFUNDED
7463,C0473,P0293,2026-09-01,3887.47,CANCELLED
7464,C0661,P0257,2026-09-05,3761.89,COMPLETED
7465,C0563,P0157,2026-09-02,3939.49,REFUNDED
7466,C0075,P0364,2026-09-03,4191.54,CANCELLED
7467,C0298,P0117,2026-09-05,2455.62,COMPLETED
7468,C0688,P0217,2026-09-02,3009.13,COMPLETED
7469,C0069,P0477,2026-09-02,4172.68,COMPLETED
7470,C0257,P0081,2026-09-04,1842.52,CANCELLED
7471,C0101,P0140,2026-09-01,2532.85,REFUNDED
7472,C0203,P0499,2026-09-02,3285.42,CANCELLED
7473,C0744,P0048,2026-09-02,2042.14,COMPLETED
7474,C0595,P0268,2026-09-04,819.15,CANCELLED
7475,C0499,P0194,2026-09-04,4494.73,COMPLETED
7476,C0975,P0487,2026-09-01,2677.97,CANCELLED
7477,C0339,P0065,2026-09-03,4549.96,CANCELLED
7478,C0366,P0381,2026-09-02,3158.95,CANCELLED
7479,C0132,P0109,2026-09-02,631.91,COMPLETED
7480,C0688,P0206,2026-09-01,1007.41,REFUNDED
7481,C0672,P0317,2026-09-03,879.84,REFUNDED
7482,C0241,P0029,2026-09-03,1106.35,COMPLETED
7483,C0103,P0113,2026-09-05,3693.51,REFUNDED
7484,C0292,P0201,2026-09-05,3946.14,COMPLETED
7485,C0635,P0095,2026-09-01,3208.51,COMPLETED
7486,C0072,P0422,2026-09-04,2248.0,REFUNDED
7487,C0922,P0382,2026-09-03,1537.89,COMPLETED
7488,C0199,P0500,2026-09-01,2351.82,REFUNDED
7489,C0326,P0287,2026-09-02,1295.53,REFUNDED
7490,C0498,P0310,2026-09-03,4043.98,REFUNDED
7491,C0462,P0431,2026-09-03,4985.6,REFUNDED
7492,C0337,P0040,2026-09-03,2250.71,CANCELLED
7493,C0632,P0419,2026-09-04,3595.77,COMPLETED
7494,C0676,P0355,2026-09-02,1309.7,COMPLETED
7495,C0314,P0240,2026-09-03,4896.41,CANCELLED
7496,C0711,P0245,2026-09-01,3363.73,CANCELLED
7497,C0599,P0161,2026-09-05,2471.24,COMPLETED
7498,C0157,P0335,2026-09-01,4056.32,CANCELLED
7499,C0580,P0329,2026-09-04,4111.55,COMPLETED
7500,C0581,P0208,2026-09-03,1265.51,COMPLETED
7501,C0374,P0424,2026-09-01,1489.69,COMPLETED
7502,C0828,P0195,2026-09-02,2802.06,REFUNDED
7503,C0324,P0085,2026-09-03,3582.54,COMPLETED
7504,C0982,P0028,2026-09-03,2880.93,CANCELLED
7505,C0439,P0412,2026-09-01,4973.74,CANCELLED
7506,C0173,P0191,2026-09-05,2615.1,COMPLETED
7507,C0005,P0332,2026-09-04,1122.92,REFUNDED
7508,C0321,P0218,2026-09-04,4697.21,REFUNDED
7509,C0253,P0100,2026-09-01,1895.67,COMPLETED
7510,C0805,P0139,2026-09-04,3844.59,COMPLETED
7511,C0227,P0056,2026-09-04,233.54,REFUNDED
7512,C0730,P0054,2026-09-01,2334.32,CANCELLED
7513,C0758,P0040,2026-09-05,995.27,REFUNDED
7514,C0657,P0186,2026-09-02,4132.0,REFUNDED
7515,C0447,P0309,2026-09-03,548.83,COMPLETED
7516,C0284,P0399,2026-09-05,435.27,COMPLETED
7517,C0861,P0434,2026-09-05,1772.28,CANCELLED
7518,C0369,P0172,2026-09-05,3405.13,CANCELLED
7519,C0138,P0015,2026-09-05,3312.31,REFUNDED
7520,C0696,P0123,2026-09-01,244.6,REFUNDED
7521,C0751,P0145,2026-09-05,569.06,COMPLETED
7522,C0340,P0084,2026-09-05,3761.04,CANCELLED
7523,C0899,P0278,2026-09-01,4703.58,CANCELLED
7524,C0492,P0055,2026-09-04,2327.06,CANCELLED
7525,C0474,P0034,2026-09-04,3963.36,CANCELLED
7526,C0457,P0109,2026-09-05,1385.07,CANCELLED
7527,C0368,P0306,2026-09-02,215.55,CANCELLED
7528,C0794,P0006,2026-09-01,2737.83,CANCELLED
7529,C0313,P0388,2026-09-03,3518.61,COMPLETED
7530,C0499,P0466,2026-09-01,931.58,CANCELLED
7531,C0565,P0159,2026-09-04,2668.56,COMPLETED
7532,C0112,P0097,2026-09-03,1603.39,CANCELLED
7533,C0180,P0283,2026-09-04,534.44,CANCELLED
7534,C0662,P0104,2026-09-05,4524.13,CANCELLED
7535,C0622,P0327,2026-09-01,822.67,COMPLETED
7536,C0084,P0476,2026-09-02,3758.84,CANCELLED
7537,C0862,P0017,2026-09-03,1857.57,CANCELLED
7538,C0288,P0124,2026-09-05,4061.59,CANCELLED
7539,C0880,P0138,2026-09-02,1219.94,REFUNDED
7540,C0847,P0044,2026-09-04,2770.9,COMPLETED
7541,C0144,P0292,2026-09-04,3967.73,CANCELLED
7542,C0913,P0290,2026-09-03,2947.62,CANCELLED
7543,C0552,P0023,2026-09-05,2253.59,COMPLETED
7544,C0202,P0289,2026-09-04,3400.44,COMPLETED
7545,C0270,P0405,2026-09-05,1797.06,CANCELLED
7546,C0752,P0248,2026-09-05,1029.81,CANCELLED
7547,C0908,P0024,2026-09-05,2170.76,CANCELLED
7548,C0642,P0025,2026-09-02,4999.29,COMPLETED
7549,C0079,P0162,2026-09-05,1871.67,CANCELLED
7550,C0745,P0048,2026-09-04,3385.34,REFUNDED
7551,C0078,P0484,2026-09-05,1812.43,COMPLETED
7552,C0914,P0159,2026-09-05,2659.58,REFUNDED
7553,C0020,P0005,2026-09-04,2067.22,COMPLETED
7554,C0870,P0183,2026-09-03,2470.8,REFUNDED
7555,C0520,P0385,2026-09-05,2299.55,REFUNDED
7556,C0647,P0145,2026-09-04,707.56,COMPLETED
7557,C0032,P0491,2026-09-05,2714.74,REFUNDED
7558,C0833,P0204,2026-09-03,1386.95,CANCELLED
7559,C0596,P0257,2026-09-01,472.61,COMPLETED
7560,C0593,P0100,2026-09-03,1107.47,CANCELLED
7561,C0415,P0162,2026-09-03,4014.18,REFUNDED
7562,C0788,P0385,2026-09-05,4110.35,COMPLETED
7563,C0605,P0201,2026-09-03,3778.74,COMPLETED
7564,C0218,P0372,2026-09-03,3079.85,COMPLETED
7565,C0929,P0183,2026-09-01,418.33,CANCELLED
7566,C0038,P0499,2026-09-01,988.33,COMPLETED
7567,C0565,P0067,2026-09-01,3037.83,REFUNDED
7568,C0267,P0360,2026-09-05,4558.34,COMPLETED
7569,C0557,P0346,2026-09-02,1583.94,COMPLETED
7570,C0916,P0050,2026-09-05,2487.87,CANCELLED
7571,C0553,P0170,2026-09-02,1583.29,COMPLETED
7572,C0484,P0209,2026-09-01,3091.71,REFUNDED
7573,C0670,P0460,2026-09-04,2189.46,COMPLETED
7574,C0794,P0380,2026-09-03,4262.78,REFUNDED
7575,C0153,P0258,2026-09-02,4618.28,COMPLETED
7576,C0375,P0052,2026-09-04,1602.56,CANCELLED
7577,C0402,P0258,2026-09-01,3575.72,COMPLETED
7578,C0229,P0414,2026-09-03,3649.54,CANCELLED
7579,C0913,P0397,2026-09-01,2099.53,REFUNDED
7580,C0791,P0077,2026-09-01,3854.7,REFUNDED
7581,C0604,P0013,2026-09-04,4427.97,REFUNDED
7582,C0751,P0301,2026-09-01,4755.94,REFUNDED
7583,C0878,P0408,2026-09-04,1376.75,REFUNDED
7584,C0298,P0196,2026-09-01,4818.16,CANCELLED
7585,C0138,P0245,2026-09-02,1020.29,REFUNDED
7586,C0476,P0301,2026-09-05,3849.84,COMPLETED
7587,C0514,P0445,2026-09-05,4868.29,CANCELLED
7588,C0523,P0437,2026-09-05,3354.42,CANCELLED
7589,C0093,P0020,2026-09-04,3337.76,CANCELLED
7590,C0407,P0149,2026-09-02,4575.16,COMPLETED
7591,C0373,P0083,2026-09-04,3384.04,COMPLETED
7592,C0515,P0078,2026-09-03,1180.22,REFUNDED
7593,C0011,P0350,2026-09-02,1852.82,REFUNDED
7594,C0679,P0238,2026-09-04,3163.01,COMPLETED
7595,C0245,P0041,2026-09-02,4225.23,COMPLETED
7596,C0869,P0454,2026-09-01,2825.56,REFUNDED
7597,C0988,P0321,2026-09-05,809.17,REFUNDED
7598,C0826,P0048,2026-09-05,4130.59,COMPLETED
7599,C0629,P0488,2026-09-03,2592.65,COMPLETED
7600,C0701,P0368,2026-09-03,4872.83,CANCELLED
7601,C0170,P0119,2026-09-03,1746.39,COMPLETED
7602,C0776,P0453,2026-09-05,4745.49,REFUNDED
7603,C0527,P0111,2026-09-01,3363.47,REFUNDED
7604,C0144,P0414,2026-09-04,1224.56,COMPLETED
7605,C0457,P0349,2026-09-04,3660.83,COMPLETED
7606,C0164,P0335,2026-09-01,4058.4,CANCELLED
7607,C0184,P0073,2026-09-01,4732.58,CANCELLED
7608,C0580,P0394,2026-09-01,3552.33,REFUNDED
7609,C0972,P0368,2026-09-05,4009.6,COMPLETED
7610,C0580,P0083,2026-09-05,750.38,REFUNDED
7611,C0676,P0494,2026-09-03,2557.57,REFUNDED
7612,C0894,P0257,2026-09-02,3829.76,CANCELLED
7613,C0991,P0265,2026-09-03,1982.18,CANCELLED
7614,C0150,P0374,2026-09-05,4697.92,CANCELLED
7615,C0754,P0312,2026-09-05,563.25,REFUNDED
7616,C0750,P0334,2026-09-03,4060.73,COMPLETED
7617,C0496,P0268,2026-09-02,3377.48,CANCELLED
7618,C0962,P0477,2026-09-01,4786.72,COMPLETED
7619,C0368,P0394,2026-09-03,3993.98,COMPLETED
7620,C0042,P0175,2026-09-04,872.92,REFUNDED
7621,C0225,P0230,2026-09-04,1356.08,COMPLETED
7622,C0780,P0403,2026-09-03,3305.49,CANCELLED
7623,C0500,P0068,2026-09-05,1645.24,REFUNDED
7624,C0238,P0174,2026-09-05,837.38,COMPLETED
7625,C0065,P0149,2026-09-04,1919.17,COMPLETED
7626,C0271,P0185,2026-09-04,4620.2,COMPLETED
7627,C0379,P0320,2026-09-04,2948.63,REFUNDED
7628,C0240,P0439,2026-09-04,3959.1,CANCELLED
7629,C0044,P0482,2026-09-01,2755.44,REFUNDED
7630,C0685,P0221,2026-09-03,4039.84,REFUNDED
7631,C0212,P0021,2026-09-04,776.4,REFUNDED
7632,C0531,P0457,2026-09-03,1699.08,CANCELLED
7633,C0930,P0365,2026-09-02,3112.55,REFUNDED
7634,C0811,P0397,2026-09-01,1565.36,COMPLETED
7635,C0370,P0350,2026-09-03,4884.89,COMPLETED
7636,C0398,P0199,2026-09-03,3805.96,COMPLETED
7637,C0481,P0123,2026-09-04,2284.95,REFUNDED
7638,C0940,P0107,2026-09-03,1357.32,CANCELLED
7639,C0466,P0313,2026-09-04,3164.12,CANCELLED
7640,C0903,P0311,2026-09-04,1918.83,COMPLETED
7641,C0048,P0039,2026-09-03,1892.89,CANCELLED
7642,C0041,P0491,2026-09-05,1113.11,CANCELLED
7643,C0665,P0079,2026-09-01,1905.18,COMPLETED
7644,C0332,P0291,2026-09-05,4103.91,CANCELLED
7645,C0106,P0322,2026-09-04,1436.81,CANCELLED
7646,C0721,P0255,2026-09-03,4626.44,CANCELLED
7647,C0992,P0050,2026-09-03,591.41,CANCELLED
7648,C0534,P0413,2026-09-02,532.9,COMPLETED
7649,C0649,P0008,2026-09-02,3873.7,COMPLETED
7650,C0850,P0074,2026-09-05,2685.0,REFUNDED
7651,C0281,P0393,2026-09-05,4257.51,REFUNDED
7652,C0855,P0446,2026-09-01,4530.17,CANCELLED
7653,C0760,P0159,2026-09-04,1745.91,REFUNDED
7654,C0270,P0281,2026-09-02,1108.45,COMPLETED
7655,C0593,P0445,2026-09-02,4610.76,CANCELLED
7656,C0558,P0497,2026-09-03,978.52,COMPLETED
7657,C0584,P0409,2026-09-03,4833.54,COMPLETED
7658,C0179,P0401,2026-09-04,3451.39,REFUNDED
7659,C0386,P0459,2026-09-04,764.7,REFUNDED
7660,C0670,P0045,2026-09-02,1070.08,COMPLETED
7661,C0388,P0256,2026-09-02,4136.37,REFUNDED
7662,C0375,P0049,2026-09-04,3235.17,COMPLETED
7663,C0602,P0233,2026-09-03,546.32,CANCELLED
7664,C0670,P0161,2026-09-03,2985.9,REFUNDED
7665,C0920,P0087,2026-09-01,2250.57,COMPLETED
7666,C0856,P0479,2026-09-01,4758.54,COMPLETED
7667,C0080,P0152,2026-09-04,2172.76,CANCELLED
7668,C0530,P0083,2026-09-03,1539.5,CANCELLED
7669,C0258,P0035,2026-09-05,543.6,REFUNDED
7670,C0386,P0144,2026-09-05,3904.04,REFUNDED
7671,C0997,P0296,2026-09-03,1433.32,COMPLETED
7672,C0930,P0187,2026-09-02,2508.44,CANCELLED
7673,C0229,P0181,2026-09-01,447.34,COMPLETED
7674,C0529,P0046,2026-09-01,1940.91,CANCELLED
7675,C0416,P0037,2026-09-04,716.17,REFUNDED
7676,C0362,P0092,2026-09-02,188.11,COMPLETED
7677,C0837,P0364,2026-09-02,418.78,REFUNDED
7678,C0889,P0396,2026-09-01,3326.29,REFUNDED
7679,C0354,P0236,2026-09-02,1256.96,CANCELLED
7680,C0499,P0133,2026-09-02,1252.52,REFUNDED
7681,C0812,P0243,2026-09-03,1371.47,CANCELLED
7682,C0494,P0132,2026-09-02,345.34,REFUNDED
7683,C0909,P0391,2026-09-04,532.36,CANCELLED
7684,C0619,P0449,2026-09-04,963.69,COMPLETED
7685,C0007,P0227,2026-09-04,886.47,COMPLETED
7686,C0514,P0333,2026-09-04,1074.94,REFUNDED
7687,C0904,P0474,2026-09-03,1976.38,COMPLETED
7688,C0143,P0072,2026-09-04,1018.2,COMPLETED
7689,C0451,P0482,2026-09-02,2565.38,REFUNDED
7690,C0170,P0064,2026-09-03,4398.33,CANCELLED
7691,C0236,P0498,2026-09-05,2004.72,COMPLETED
7692,C0079,P0292,2026-09-01,1490.85,COMPLETED
7693,C0527,P0250,2026-09-04,4544.29,COMPLETED
7694,C0659,P0021,2026-09-01,278.74,COMPLETED
7695,C0288,P0187,2026-09-01,2886.4,REFUNDED
7696,C0217,P0440,2026-09-01,4957.35,COMPLETED
7697,C0154,P0147,2026-09-02,3323.93,COMPLETED
7698,C0192,P0206,2026-09-03,2441.68,REFUNDED
7699,C0162,P0210,2026-09-01,586.62,CANCELLED
7700,C0371,P0439,2026-09-01,2740.14,COMPLETED
7701,C0617,P0318,2026-09-03,3888.62,REFUNDED
7702,C0735,P0470,2026-09-05,1917.22,COMPLETED
7703,C0837,P0349,2026-09-03,3715.29,CANCELLED
7704,C0122,P0067,2026-09-05,1897.22,REFUNDED
7705,C0677,P0226,2026-09-05,2441.76,REFUNDED
7706,C0236,P0188,2026-09-04,3288.32,CANCELLED
7707,C0425,P0263,2026-09-01,3460.76,REFUNDED
7708,C0831,P0433,2026-09-01,375.12,CANCELLED
7709,C0339,P0320,2026-09-05,2109.38,CANCELLED
7710,C0738,P0488,2026-09-01,4794.38,CANCELLED
7711,C0117,P0161,2026-09-01,2519.99,CANCELLED
7712,C0494,P0192,2026-09-04,256.89,CANCELLED
7713,C0692,P0043,2026-09-05,2750.72,CANCELLED
7714,C0491,P0350,2026-09-05,4235.5,REFUNDED
7715,C0491,P0212,2026-09-04,2004.02,CANCELLED
7716,C0216,P0260,2026-09-04,294.16,COMPLETED
7717,C0605,P0231,2026-09-04,1534.03,CANCELLED
7718,C0166,P0135,2026-09-05,2529.97,COMPLETED
7719,C0663,P0450,2026-09-02,4078.92,REFUNDED
7720,C0854,P0449,2026-09-02,1150.73,REFUNDED
7721,C0421,P0350,2026-09-01,1169.63,CANCELLED
7722,C0023,P0022,2026-09-02,4144.2,CANCELLED
7723,C0250,P0318,2026-09-05,851.08,REFUNDED
7724,C0045,P0330,2026-09-05,4232.51,COMPLETED
7725,C0131,P0030,2026-09-03,3288.99,COMPLETED
7726,C0588,P0380,2026-09-04,3989.43,CANCELLED
7727,C0607,P0405,2026-09-01,1320.68,CANCELLED
7728,C0165,P0126,2026-09-03,2175.53,CANCELLED
7729,C0138,P0359,2026-09-04,1527.63,REFUNDED
7730,C0645,P0421,2026-09-02,2964.67,COMPLETED
7731,C0525,P0288,2026-09-04,462.41,COMPLETED
7732,C0041,P0005,2026-09-03,233.17,COMPLETED
7733,C0913,P0080,2026-09-02,3603.72,REFUNDED
7734,C0587,P0437,2026-09-04,3439.2,CANCELLED
7735,C0151,P0054,2026-09-01,1191.92,CANCELLED
7736,C0058,P0149,2026-09-02,3424.57,CANCELLED
7737,C0171,P0193,2026-09-01,1965.17,REFUNDED
7738,C0265,P0082,2026-09-02,4563.03,REFUNDED
7739,C0945,P0292,2026-09-01,3990.62,CANCELLED
7740,C0185,P0205,2026-09-02,2867.18,REFUNDED
7741,C0530,P0438,2026-09-05,4828.02,CANCELLED
7742,C0982,P0038,2026-09-03,3610.62,COMPLETED
7743,C0416,P0115,2026-09-02,3765.91,CANCELLED
7744,C0614,P0199,2026-09-04,3243.61,CANCELLED
7745,C0993,P0448,2026-09-03,1185.87,REFUNDED
7746,C0578,P0237,2026-09-02,696.91,CANCELLED
7747,C0653,P0343,2026-09-04,4081.04,REFUNDED
7748,C0020,P0048,2026-09-03,4990.34,COMPLETED
7749,C0900,P0179,2026-09-05,3540.58,CANCELLED
7750,C0737,P0239,2026-09-04,3001.11,COMPLETED
7751,C0746,P0240,2026-09-05,3429.25,CANCELLED
7752,C0678,P0329,2026-09-01,660.74,CANCELLED
7753,C0842,P0274,2026-09-04,392.3,CANCELLED
7754,C0291,P0461,2026-09-05,4323.71,COMPLETED
7755,C0970,P0419,2026-09-03,2815.33,CANCELLED
7756,C0088,P0239,2026-09-02,544.21,COMPLETED
7757,C0222,P0056,2026-09-03,2015.67,REFUNDED
7758,C0460,P0044,2026-09-03,2746.9,CANCELLED
7759,C0622,P0093,2026-09-05,2918.91,COMPLETED
7760,C0483,P0375,2026-09-02,2349.51,REFUNDED
7761,C0889,P0056,2026-09-03,103.33,CANCELLED
7762,C0494,P0470,2026-09-02,1422.5,CANCELLED
7763,C0175,P0492,2026-09-01,633.44,REFUNDED
7764,C0225,P0473,2026-09-05,1693.96,REFUNDED
7765,C0851,P0204,2026-09-02,1270.68,CANCELLED
7766,C0421,P0394,2026-09-05,3011.89,CANCELLED
7767,C0616,P0222,2026-09-03,3206.2,REFUNDED
7768,C0147,P0103,2026-09-03,2019.97,REFUNDED
7769,C0814,P0206,2026-09-03,735.81,CANCELLED
7770,C0597,P0169,2026-09-03,4379.41,REFUNDED
7771,C0841,P0034,2026-09-01,4765.37,CANCELLED
7772,C0786,P0163,2026-09-01,2037.57,CANCELLED
7773,C0187,P0176,2026-09-04,67.06,CANCELLED
7774,C0639,P0310,2026-09-03,912.45,COMPLETED
7775,C0676,P0249,2026-09-03,2146.05,COMPLETED
7776,C0524,P0109,2026-09-03,3688.1,REFUNDED
7777,C0271,P0360,2026-09-03,3795.82,COMPLETED
7778,C0172,P0380,2026-09-04,2774.49,REFUNDED
7779,C0742,P0244,2026-09-03,2574.72,COMPLETED
7780,C0703,P0059,2026-09-02,1865.85,CANCELLED
7781,C0351,P0143,2026-09-02,1417.9,REFUNDED
7782,C0945,P0233,2026-09-01,101.8,CANCELLED
7783,C0465,P0020,2026-09-01,4330.96,COMPLETED
7784,C0611,P0280,2026-09-02,4643.88,COMPLETED
7785,C0605,P0080,2026-09-02,1197.93,REFUNDED
7786,C0071,P0486,2026-09-02,3874.88,CANCELLED
7787,C0236,P0241,2026-09-04,1871.88,REFUNDED
7788,C0388,P0075,2026-09-03,1192.41,CANCELLED
7789,C0395,P0328,2026-09-05,2542.25,REFUNDED
7790,C0136,P0110,2026-09-05,1525.31,CANCELLED
7791,C0112,P0164,2026-09-04,3428.09,REFUNDED
7792,C0017,P0291,2026-09-05,3126.71,COMPLETED
7793,C0208,P0017,2026-09-01,459.28,COMPLETED
7794,C0536,P0308,2026-09-04,2070.86,COMPLETED
7795,C0881,P0397,2026-09-04,2270.74,REFUNDED
7796,C0932,P0195,2026-09-04,4432.68,COMPLETED
7797,C0517,P0032,2026-09-02,1665.04,COMPLETED
7798,C0701,P0480,2026-09-02,468.08,COMPLETED
7799,C0430,P0414,2026-09-03,1591.92,CANCELLED
7800,C0847,P0186,2026-09-02,4595.47,COMPLETED
7801,C0154,P0405,2026-09-04,1918.04,REFUNDED
7802,C0621,P0221,2026-09-02,1127.48,CANCELLED
7803,C0099,P0243,2026-09-01,3466.83,CANCELLED
7804,C0182,P0110,2026-09-02,1758.55,CANCELLED
7805,C0488,P0028,2026-09-05,178.69,CANCELLED
7806,C0924,P0109,2026-09-05,856.48,REFUNDED
7807,C0630,P0445,2026-09-04,453.36,REFUNDED
7808,C0615,P0012,2026-09-02,283.07,CANCELLED
7809,C0040,P0488,2026-09-01,4048.65,REFUNDED
7810,C0899,P0389,2026-09-04,487.71,COMPLETED
7811,C0803,P0351,2026-09-03,4558.87,CANCELLED
7812,C0545,P0217,2026-09-01,1260.49,REFUNDED
7813,C0516,P0139,2026-09-05,479.56,COMPLETED
7814,C0771,P0130,2026-09-01,1685.57,COMPLETED
7815,C0121,P0326,2026-09-01,2590.47,CANCELLED
7816,C0096,P0091,2026-09-05,3192.19,CANCELLED
7817,C0494,P0043,2026-09-04,3547.34,CANCELLED
7818,C0676,P0073,2026-09-02,2852.99,COMPLETED
7819,C0134,P0036,2026-09-01,109.08,CANCELLED
7820,C0924,P0141,2026-09-03,1141.71,COMPLETED
7821,C0618,P0208,2026-09-03,4049.73,CANCELLED
7822,C0553,P0042,2026-09-02,4318.5,COMPLETED
7823,C0848,P0153,2026-09-01,2296.29,CANCELLED
7824,C0002,P0448,2026-09-04,2489.27,CANCELLED
7825,C0919,P0365,2026-09-05,2490.07,COMPLETED
7826,C0961,P0232,2026-09-02,4292.25,COMPLETED
7827,C0794,P0447,2026-09-03,3511.33,COMPLETED
7828,C0695,P0215,2026-09-05,1001.62,REFUNDED
7829,C0665,P0269,2026-09-05,1759.73,CANCELLED
7830,C0442,P0110,2026-09-02,2526.57,COMPLETED
7831,C0535,P0343,2026-09-03,4542.4,REFUNDED
7832,C0431,P0458,2026-09-05,4471.6,COMPLETED
7833,C0380,P0133,2026-09-02,1552.15,COMPLETED
7834,C0896,P0095,2026-09-03,691.37,CANCELLED
7835,C0045,P0426,2026-09-02,4554.88,COMPLETED
7836,C0715,P0028,2026-09-03,3508.3,COMPLETED
7837,C0543,P0048,2026-09-01,73.82,REFUNDED
7838,C0440,P0459,2026-09-01,511.45,REFUNDED
7839,C0235,P0462,2026-09-01,1991.19,COMPLETED
7840,C0961,P0220,2026-09-05,2727.31,COMPLETED
7841,C0822,P0176,2026-09-01,1197.7,COMPLETED
7842,C0494,P0494,2026-09-04,3191.23,REFUNDED
7843,C0809,P0386,2026-09-04,2798.64,COMPLETED
7844,C0788,P0153,2026-09-04,1637.76,CANCELLED
7845,C0391,P0085,2026-09-05,1233.39,REFUNDED
7846,C0359,P0102,2026-09-03,1956.67,COMPLETED
7847,C0604,P0179,2026-09-05,1331.39,CANCELLED
7848,C0824,P0483,2026-09-01,3792.47,REFUNDED
7849,C0760,P0215,2026-09-04,2295.05,COMPLETED
7850,C0930,P0247,2026-09-03,4172.01,REFUNDED
7851,C0780,P0244,2026-09-02,2314.65,COMPLETED
7852,C0858,P0275,2026-09-03,4335.06,COMPLETED
7853,C0714,P0353,2026-09-03,2206.14,REFUNDED
7854,C0590,P0402,2026-09-03,350.17,REFUNDED
7855,C0101,P0083,2026-09-03,1969.48,CANCELLED
7856,C0436,P0495,2026-09-03,1160.98,COMPLETED
7857,C0138,P0357,2026-09-03,1656.76,COMPLETED
7858,C0261,P0224,2026-09-04,4773.14,REFUNDED
7859,C0489,P0182,2026-09-01,4221.82,REFUNDED
7860,C0785,P0468,2026-09-05,4659.54,REFUNDED
7861,C0239,P0355,2026-09-02,4005.24,CANCELLED
7862,C0932,P0293,2026-09-05,2302.48,REFUNDED
7863,C0880,P0200,2026-09-03,3193.36,CANCELLED
7864,C0086,P0422,2026-09-01,4218.07,COMPLETED
7865,C0291,P0006,2026-09-04,4221.65,REFUNDED
7866,C0613,P0288,2026-09-05,3213.31,CANCELLED
7867,C0898,P0401,2026-09-05,2388.47,COMPLETED
7868,C0557,P0458,2026-09-02,1219.85,CANCELLED
7869,C0419,P0306,2026-09-04,1176.85,CANCELLED
7870,C0264,P0102,2026-09-05,926.38,REFUNDED
7871,C0194,P0040,2026-09-01,2921.71,REFUNDED
7872,C0006,P0371,2026-09-01,2129.98,REFUNDED
7873,C0727,P0342,2026-09-03,4152.15,REFUNDED
7874,C0762,P0297,2026-09-02,3640.21,CANCELLED
7875,C0809,P0316,2026-09-05,1699.99,COMPLETED
7876,C0008,P0075,2026-09-01,3786.9,REFUNDED
7877,C0592,P0166,2026-09-02,2524.37,COMPLETED
7878,C0536,P0341,2026-09-05,4901.12,REFUNDED
7879,C0121,P0422,2026-09-04,4973.0,CANCELLED
7880,C0533,P0481,2026-09-05,1734.42,REFUNDED
7881,C0008,P0376,2026-09-05,3908.43,COMPLETED
7882,C0385,P0381,2026-09-03,1545.86,REFUNDED
7883,C0671,P0423,2026-09-05,1440.49,REFUNDED
7884,C0211,P0378,2026-09-04,2689.98,CANCELLED
7885,C0705,P0376,2026-09-05,263.79,CANCELLED
7886,C0824,P0163,2026-09-05,1552.18,CANCELLED
7887,C0324,P0008,2026-09-05,4372.57,CANCELLED
7888,C0419,P0078,2026-09-04,2222.01,REFUNDED
7889,C0371,P0460,2026-09-05,4019.86,REFUNDED
7890,C0110,P0235,2026-09-05,4226.3,COMPLETED
7891,C0159,P0479,2026-09-05,2729.94,COMPLETED
7892,C0437,P0076,2026-09-02,4954.59,CANCELLED
7893,C0668,P0256,2026-09-05,1965.73,REFUNDED
7894,C0600,P0443,2026-09-01,4289.41,COMPLETED
7895,C0260,P0163,2026-09-03,4233.37,CANCELLED
7896,C0268,P0059,2026-09-03,852.88,CANCELLED
7897,C0876,P0406,2026-09-04,304.75,CANCELLED
7898,C0549,P0497,2026-09-05,2992.04,CANCELLED
7899,C0434,P0346,2026-09-02,4251.11,CANCELLED
7900,C0579,P0209,2026-09-04,4460.45,CANCELLED
7901,C0375,P0135,2026-09-01,1831.4,REFUNDED
7902,C0627,P0267,2026-09-03,2919.62,CANCELLED
7903,C0283,P0370,2026-09-04,4454.37,REFUNDED
7904,C0697,P0002,2026-09-02,4023.59,REFUNDED
7905,C0407,P0231,2026-09-03,2097.1,COMPLETED
7906,C0774,P0483,2026-09-04,630.97,CANCELLED
7907,C0209,P0427,2026-09-02,582.14,REFUNDED
7908,C0424,P0439,2026-09-01,2446.38,COMPLETED
7909,C0566,P0065,2026-09-01,4966.49,REFUNDED
7910,C0803,P0325,2026-09-05,2389.65,REFUNDED
7911,C0571,P0231,2026-09-05,1568.03,REFUNDED
7912,C0495,P0328,2026-09-04,2275.4,CANCELLED
7913,C0184,P0497,2026-09-03,1485.15,COMPLETED
7914,C0380,P0297,2026-09-02,3728.74,REFUNDED
7915,C0573,P0050,2026-09-03,2120.72,CANCELLED
7916,C0569,P0019,2026-09-02,2333.61,REFUNDED
7917,C0496,P0112,2026-09-02,2583.09,COMPLETED
7918,C0260,P0382,2026-09-05,3961.73,REFUNDED
7919,C0315,P0097,2026-09-02,800.92,REFUNDED
7920,C0592,P0216,2026-09-05,1967.64,CANCELLED
7921,C0353,P0357,2026-09-04,2904.25,REFUNDED
7922,C0793,P0280,2026-09-02,1515.41,COMPLETED
7923,C0723,P0397,2026-09-05,1722.37,REFUNDED
7924,C0408,P0086,2026-09-02,4719.2,CANCELLED
7925,C0754,P0308,2026-09-02,3417.49,CANCELLED
7926,C0142,P0194,2026-09-05,3803.15,REFUNDED
7927,C0876,P0111,2026-09-01,2920.85,COMPLETED
7928,C0885,P0179,2026-09-02,3063.83,CANCELLED
7929,C0676,P0108,2026-09-01,1326.21,REFUNDED
7930,C0122,P0488,2026-09-05,3442.14,CANCELLED
7931,C0766,P0098,2026-09-04,2665.7,COMPLETED
7932,C0236,P0498,2026-09-01,1776.93,REFUNDED
7933,C0458,P0348,2026-09-04,2113.47,CANCELLED
7934,C0802,P0296,2026-09-02,4222.11,COMPLETED
7935,C0717,P0490,2026-09-05,1925.83,CANCELLED
7936,C0973,P0008,2026-09-02,2971.16,CANCELLED
7937,C0166,P0190,2026-09-02,3007.42,REFUNDED
7938,C0103,P0417,2026-09-05,4614.74,COMPLETED
7939,C0220,P0187,2026-09-05,4771.6,COMPLETED
7940,C0521,P0009,2026-09-01,3603.25,COMPLETED
7941,C0411,P0155,2026-09-05,2068.23,CANCELLED
7942,C0805,P0460,2026-09-05,1131.5,CANCELLED
7943,C0347,P0158,2026-09-02,704.47,REFUNDED
7944,C0821,P0258,2026-09-02,2078.35,COMPLETED
7945,C0564,P0420,2026-09-02,2761.91,CANCELLED
7946,C0629,P0445,2026-09-01,217.16,COMPLETED
7947,C0714,P0064,2026-09-01,3849.27,REFUNDED
7948,C0701,P0359,2026-09-01,2242.15,CANCELLED
7949,C0724,P0256,2026-09-01,2231.5,REFUNDED
7950,C0054,P0333,2026-09-02,2308.27,CANCELLED
7951,C0165,P0234,2026-09-02,3000.91,REFUNDED
7952,C0399,P0212,2026-09-02,2368.52,REFUNDED
7953,C0988,P0211,2026-09-01,3796.5,REFUNDED
7954,C0652,P0181,2026-09-01,1065.35,REFUNDED
7955,C0006,P0181,2026-09-01,2846.75,COMPLETED
7956,C0824,P0425,2026-09-05,4135.8,CANCELLED
7957,C0094,P0278,2026-09-04,764.36,COMPLETED
7958,C0844,P0219,2026-09-04,1152.96,REFUNDED
7959,C0149,P0268,2026-09-04,2368.76,REFUNDED
7960,C0483,P0499,2026-09-04,959.5,CANCELLED
7961,C0949,P0392,2026-09-01,3739.87,CANCELLED
7962,C0615,P0172,2026-09-01,3806.06,COMPLETED
7963,C0446,P0059,2026-09-01,2247.99,COMPLETED
7964,C0091,P0475,2026-09-05,3366.9,REFUNDED
7965,C0066,P0091,2026-09-05,472.72,REFUNDED
7966,C0270,P0235,2026-09-05,4734.44,COMPLETED
7967,C0228,P0220,2026-09-04,3808.48,CANCELLED
7968,C0380,P0192,2026-09-04,4942.36,REFUNDED
7969,C0082,P0091,2026-09-01,659.85,CANCELLED
7970,C0624,P0284,2026-09-01,2791.8,CANCELLED
7971,C0039,P0305,2026-09-05,2126.24,CANCELLED
7972,C0742,P0084,2026-09-01,977.79,CANCELLED
7973,C0394,P0278,2026-09-03,3975.22,COMPLETED
7974,C0954,P0224,2026-09-02,2063.99,COMPLETED
7975,C0411,P0196,2026-09-03,4835.84,CANCELLED
7976,C0629,P0146,2026-09-04,3283.13,COMPLETED
7977,C0672,P0433,2026-09-01,881.23,CANCELLED
7978,C0534,P0338,2026-09-03,1048.5,REFUNDED
7979,C0294,P0353,2026-09-01,1197.55,REFUNDED
7980,C0729,P0349,2026-09-02,3437.83,REFUNDED
7981,C0987,P0224,2026-09-05,3892.76,CANCELLED
7982,C0612,P0325,2026-09-03,306.83,COMPLETED
7983,C0059,P0146,2026-09-03,758.33,REFUNDED
7984,C0969,P0360,2026-09-02,3103.07,COMPLETED
7985,C0793,P0318,2026-09-01,4648.92,CANCELLED
7986,C0840,P0481,2026-09-05,1298.54,REFUNDED
7987,C0180,P0474,2026-09-05,1926.47,CANCELLED
7988,C0656,P0464,2026-09-01,3948.12,COMPLETED
7989,C0507,P0439,2026-09-04,4081.26,REFUNDED
7990,C0450,P0051,2026-09-03,4453.51,REFUNDED
7991,C0011,P0045,2026-09-04,4180.87,CANCELLED
7992,C0207,P0413,2026-09-05,4762.07,REFUNDED
7993,C0871,P0429,2026-09-02,1920.34,REFUNDED
7994,C0673,P0054,2026-09-02,4925.31,REFUNDED
7995,C0954,P0046,2026-09-03,1330.02,REFUNDED
7996,C0824,P0333,2026-09-03,1171.5,REFUNDED
7997,C0531,P0009,2026-09-04,4589.79,CANCELLED
7998,C0293,P0316,2026-09-05,2024.19,REFUNDED
7999,C0200,P0478,2026-09-03,1751.76,COMPLETED
8000,C0035,P0211,2026-09-01,696.05,CANCELLED
8001,C0803,P0054,2026-09-01,1738.07,CANCELLED
8002,C0614,P0255,2026-09-01,2711.54,REFUNDED
8003,C0523,P0384,2026-09-02,1989.35,CANCELLED
8004,C0529,P0385,2026-09-01,3903.71,COMPLETED
8005,C0716,P0320,2026-09-04,3013.99,COMPLETED
8006,C0238,P0475,2026-09-04,497.2,REFUNDED
8007,C0630,P0279,2026-09-02,2553.95,REFUNDED
8008,C0174,P0052,2026-09-01,1250.08,REFUNDED
8009,C0691,P0325,2026-09-03,3591.24,REFUNDED
8010,C0037,P0228,2026-09-03,290.37,CANCELLED
8011,C0369,P0258,2026-09-03,3938.08,COMPLETED
8012,C0245,P0298,2026-09-05,4314.36,REFUNDED
8013,C0671,P0413,2026-09-04,1361.26,CANCELLED
8014,C0001,P0017,2026-09-04,2678.76,REFUNDED
8015,C1000,P0342,2026-09-01,4148.74,REFUNDED
8016,C0162,P0149,2026-09-03,1714.84,CANCELLED
8017,C0089,P0437,2026-09-01,2681.95,CANCELLED
8018,C0283,P0216,2026-09-01,3910.37,COMPLETED
8019,C0799,P0109,2026-09-04,1736.18,COMPLETED
8020,C0410,P0115,2026-09-04,577.84,REFUNDED
8021,C0362,P0398,2026-09-04,4811.14,CANCELLED
8022,C0686,P0233,2026-09-04,3177.17,CANCELLED
8023,C0405,P0283,2026-09-03,3835.11,COMPLETED
8024,C0416,P0196,2026-09-01,2625.4,REFUNDED
8025,C0601,P0059,2026-09-01,98.54,REFUNDED
8026,C0206,P0101,2026-09-01,875.26,COMPLETED
8027,C0531,P0439,2026-09-04,1782.81,REFUNDED
8028,C0016,P0241,2026-09-03,1589.54,REFUNDED
8029,C0755,P0487,2026-09-03,758.7,COMPLETED
8030,C0721,P0064,2026-09-01,4020.7,COMPLETED
8031,C0071,P0180,2026-09-01,1653.72,REFUNDED
8032,C0942,P0496,2026-09-02,4873.41,COMPLETED
8033,C0093,P0407,2026-09-03,2080.48,REFUNDED
8034,C0563,P0468,2026-09-01,4967.12,COMPLETED
8035,C0292,P0238,2026-09-04,4854.58,COMPLETED
8036,C0744,P0212,2026-09-05,1857.56,CANCELLED
8037,C0850,P0465,2026-09-03,4013.54,REFUNDED
8038,C0573,P0421,2026-09-01,2424.37,REFUNDED
8039,C0937,P0331,2026-09-04,4305.22,COMPLETED
8040,C0597,P0361,2026-09-05,4758.42,CANCELLED
8041,C0357,P0402,2026-09-05,2775.71,CANCELLED
8042,C0356,P0380,2026-09-03,3205.83,CANCELLED
8043,C0987,P0203,2026-09-05,2260.82,REFUNDED
8044,C0836,P0004,2026-09-04,2014.59,COMPLETED
8045,C0284,P0482,2026-09-01,3409.74,COMPLETED
8046,C0232,P0192,2026-09-05,258.11,REFUNDED
8047,C0621,P0401,2026-09-05,3624.43,COMPLETED
8048,C0987,P0115,2026-09-01,4757.23,CANCELLED
8049,C0200,P0260,2026-09-03,885.48,CANCELLED
8050,C0466,P0146,2026-09-05,1283.08,REFUNDED
8051,C0953,P0138,2026-09-02,422.05,COMPLETED
8052,C0414,P0451,2026-09-04,2428.65,REFUNDED
8053,C0589,P0338,2026-09-04,4514.72,REFUNDED
8054,C0005,P0136,2026-09-05,510.5,REFUNDED
8055,C0268,P0158,2026-09-02,4845.75,COMPLETED
8056,C0180,P0430,2026-09-03,4522.66,COMPLETED
8057,C0417,P0463,2026-09-05,2822.9,REFUNDED
8058,C0519,P0408,2026-09-02,4824.07,COMPLETED
8059,C0110,P0466,2026-09-04,4616.39,COMPLETED
8060,C0573,P0213,2026-09-05,4759.53,COMPLETED
8061,C0075,P0345,2026-09-05,3889.64,COMPLETED
8062,C0516,P0124,2026-09-05,3326.07,CANCELLED
8063,C0302,P0003,2026-09-05,2722.73,COMPLETED
8064,C0349,P0461,2026-09-04,2386.28,COMPLETED
8065,C0970,P0466,2026-09-02,2646.19,REFUNDED
8066,C0120,P0213,2026-09-04,2445.98,CANCELLED
8067,C0823,P0017,2026-09-05,4602.44,COMPLETED
8068,C0526,P0008,2026-09-04,2621.0,COMPLETED
8069,C0980,P0014,2026-09-01,1054.76,COMPLETED
8070,C0264,P0079,2026-09-05,3998.03,REFUNDED
8071,C0898,P0405,2026-09-02,427.63,COMPLETED
8072,C0551,P0192,2026-09-05,4017.12,COMPLETED
8073,C0833,P0431,2026-09-04,4037.55,REFUNDED
8074,C0813,P0419,2026-09-05,2858.55,COMPLETED
8075,C0589,P0266,2026-09-05,3996.16,CANCELLED
8076,C0257,P0420,2026-09-05,909.72,COMPLETED
8077,C0711,P0380,2026-09-05,4096.3,COMPLETED
8078,C0454,P0308,2026-09-01,2395.75,COMPLETED
8079,C0990,P0163,2026-09-04,3349.34,COMPLETED
8080,C0387,P0172,2026-09-05,1991.89,COMPLETED
8081,C0577,P0088,2026-09-04,1537.06,CANCELLED
8082,C0496,P0492,2026-09-05,2164.2,REFUNDED
8083,C0789,P0293,2026-09-01,1210.55,REFUNDED
8084,C0250,P0221,2026-09-03,3813.2,COMPLETED
8085,C0776,P0124,2026-09-01,2732.41,REFUNDED
8086,C0348,P0285,2026-09-03,2557.46,COMPLETED
8087,C0985,P0499,2026-09-05,2381.49,CANCELLED
8088,C0795,P0201,2026-09-04,145.96,COMPLETED
8089,C0470,P0099,2026-09-02,438.98,REFUNDED
8090,C0698,P0316,2026-09-03,254.57,REFUNDED
8091,C0472,P0330,2026-09-04,2659.0,COMPLETED
8092,C0919,P0202,2026-09-01,1595.49,COMPLETED
8093,C0601,P0425,2026-09-05,3439.63,COMPLETED
8094,C0883,P0027,2026-09-04,792.81,CANCELLED
8095,C0029,P0411,2026-09-04,154.95,COMPLETED
8096,C0494,P0478,2026-09-01,3421.47,COMPLETED
8097,C0120,P0296,2026-09-05,3666.58,COMPLETED
8098,C0265,P0220,2026-09-02,3297.61,COMPLETED
8099,C0070,P0066,2026-09-02,67.95,REFUNDED
8100,C0392,P0481,2026-09-01,3629.63,REFUNDED
8101,C0649,P0326,2026-09-01,2471.04,CANCELLED
8102,C0808,P0200,2026-09-02,1522.91,CANCELLED
8103,C0226,P0373,2026-09-04,4738.22,COMPLETED
8104,C0694,P0089,2026-09-03,380.78,COMPLETED
8105,C0719,P0207,2026-09-04,1413.36,COMPLETED
8106,C0236,P0463,2026-09-05,2516.53,COMPLETED
8107,C0820,P0163,2026-09-05,730.57,REFUNDED
8108,C0324,P0265,2026-09-05,4331.2,CANCELLED
8109,C0423,P0082,2026-09-02,387.35,REFUNDED
8110,C0979,P0224,2026-09-04,4348.8,COMPLETED
8111,C0362,P0119,2026-09-01,1381.85,COMPLETED
8112,C0529,P0051,2026-09-03,2104.51,COMPLETED
8113,C0549,P0364,2026-09-01,4378.51,REFUNDED
8114,C0010,P0411,2026-09-05,1631.71,CANCELLED
8115,C0718,P0065,2026-09-01,3711.62,CANCELLED
8116,C0853,P0259,2026-09-05,3910.6,REFUNDED
8117,C0270,P0061,2026-09-03,1809.78,CANCELLED
8118,C0255,P0324,2026-09-02,2058.48,CANCELLED
8119,C0295,P0296,2026-09-01,3418.7,REFUNDED
8120,C0096,P0402,2026-09-04,2264.22,REFUNDED
8121,C0409,P0201,2026-09-03,1415.09,REFUNDED
8122,C0690,P0432,2026-09-03,4134.92,COMPLETED
8123,C0767,P0391,2026-09-05,1187.57,COMPLETED
8124,C0841,P0322,2026-09-03,3620.49,REFUNDED
8125,C0351,P0470,2026-09-01,324.24,COMPLETED
8126,C0078,P0134,2026-09-04,2696.04,REFUNDED
8127,C0568,P0429,2026-09-04,3846.66,COMPLETED
8128,C0954,P0284,2026-09-04,1497.16,REFUNDED
8129,C0183,P0082,2026-09-03,2737.12,REFUNDED
8130,C0488,P0486,2026-09-01,4697.31,REFUNDED
8131,C0322,P0166,2026-09-02,983.76,REFUNDED
8132,C0363,P0105,2026-09-04,116.31,COMPLETED
8133,C0224,P0048,2026-09-03,4839.6,CANCELLED
8134,C0916,P0048,2026-09-04,2563.06,CANCELLED
8135,C0588,P0014,2026-09-05,2492.39,CANCELLED
8136,C0276,P0224,2026-09-02,4515.33,COMPLETED
8137,C0188,P0006,2026-09-01,3459.53,COMPLETED
8138,C0970,P0322,2026-09-01,1120.03,CANCELLED
8139,C0765,P0395,2026-09-05,2697.8,CANCELLED
8140,C0700,P0304,2026-09-05,3239.11,REFUNDED
8141,C0953,P0079,2026-09-02,2159.91,COMPLETED
8142,C0932,P0015,2026-09-03,3988.32,CANCELLED
8143,C0195,P0317,2026-09-01,4328.92,COMPLETED
8144,C0511,P0363,2026-09-05,1711.09,REFUNDED
8145,C0755,P0279,2026-09-05,4890.23,CANCELLED
8146,C0205,P0472,2026-09-04,809.97,COMPLETED
8147,C0241,P0498,2026-09-02,716.18,CANCELLED
8148,C0754,P0041,2026-09-04,2452.86,COMPLETED
8149,C0248,P0293,2026-09-03,1376.06,CANCELLED
8150,C0894,P0196,2026-09-02,3335.12,CANCELLED
8151,C0272,P0013,2026-09-02,1744.09,REFUNDED
8152,C0212,P0381,2026-09-02,3533.29,CANCELLED
8153,C0235,P0376,2026-09-05,3123.76,CANCELLED
8154,C0208,P0067,2026-09-04,2328.5,CANCELLED
8155,C0855,P0233,2026-09-03,523.49,REFUNDED
8156,C0256,P0325,2026-09-05,269.21,COMPLETED
8157,C0857,P0324,2026-09-05,578.94,COMPLETED
8158,C0634,P0399,2026-09-01,2189.81,CANCELLED
8159,C0365,P0184,2026-09-04,3066.06,REFUNDED
8160,C0160,P0096,2026-09-01,4242.77,COMPLETED
8161,C0798,P0123,2026-09-03,2442.77,REFUNDED
8162,C0110,P0335,2026-09-03,704.56,REFUNDED
8163,C0123,P0460,2026-09-03,3106.25,REFUNDED
8164,C0943,P0114,2026-09-02,1784.47,CANCELLED
8165,C0081,P0153,2026-09-01,2878.71,COMPLETED
8166,C0693,P0100,2026-09-05,278.79,COMPLETED
8167,C0979,P0275,2026-09-03,4249.51,CANCELLED
8168,C0680,P0431,2026-09-03,815.95,COMPLETED
8169,C0505,P0126,2026-09-03,3632.92,REFUNDED
8170,C0629,P0372,2026-09-04,1796.52,COMPLETED
8171,C0007,P0400,2026-09-01,1229.46,COMPLETED
8172,C0783,P0414,2026-09-03,3539.91,CANCELLED
8173,C0878,P0403,2026-09-04,4849.18,COMPLETED
8174,C0555,P0194,2026-09-05,2277.32,COMPLETED
8175,C0981,P0395,2026-09-02,68.57,REFUNDED
8176,C0044,P0134,2026-09-01,1379.83,COMPLETED
8177,C0869,P0338,2026-09-05,3254.85,REFUNDED
8178,C0494,P0027,2026-09-02,1028.64,REFUNDED
8179,C0381,P0141,2026-09-02,2409.26,REFUNDED
8180,C0636,P0043,2026-09-03,1735.31,REFUNDED
8181,C0323,P0479,2026-09-04,849.55,COMPLETED
8182,C0505,P0074,2026-09-01,4551.98,REFUNDED
8183,C0920,P0322,2026-09-05,1751.17,REFUNDED
8184,C0903,P0012,2026-09-01,4825.1,COMPLETED
8185,C0919,P0327,2026-09-01,3176.58,CANCELLED
8186,C0589,P0297,2026-09-01,1891.17,REFUNDED
8187,C0890,P0444,2026-09-04,1647.43,REFUNDED
8188,C0282,P0053,2026-09-02,668.22,REFUNDED
8189,C0503,P0057,2026-09-03,2175.31,REFUNDED
8190,C0188,P0236,2026-09-04,1094.51,COMPLETED
8191,C0783,P0475,2026-09-03,3041.57,COMPLETED
8192,C0938,P0306,2026-09-01,2245.98,COMPLETED
8193,C0524,P0063,2026-09-04,1447.99,COMPLETED
8194,C0287,P0055,2026-09-02,866.12,COMPLETED
8195,C0408,P0073,2026-09-02,146.02,CANCELLED
8196,C0228,P0145,2026-09-02,3948.41,REFUNDED
8197,C0769,P0135,2026-09-03,1704.52,REFUNDED
8198,C0591,P0459,2026-09-04,4684.78,COMPLETED
8199,C0132,P0093,2026-09-02,1548.38,COMPLETED
8200,C0056,P0048,2026-09-05,4303.1,CANCELLED
8201,C0539,P0040,2026-09-02,4974.85,REFUNDED
8202,C0819,P0254,2026-09-05,4817.7,REFUNDED
8203,C0434,P0433,2026-09-05,4577.96,COMPLETED
8204,C0490,P0186,2026-09-03,1530.18,COMPLETED
8205,C0963,P0468,2026-09-03,4062.98,CANCELLED
8206,C0554,P0430,2026-09-01,4142.29,REFUNDED
8207,C0034,P0107,2026-09-01,2934.98,COMPLETED
8208,C0515,P0201,2026-09-01,834.33,REFUNDED
8209,C0356,P0052,2026-09-04,694.92,COMPLETED
8210,C0404,P0252,2026-09-05,3026.39,COMPLETED
8211,C0882,P0408,2026-09-05,2609.8,REFUNDED
8212,C0703,P0012,2026-09-02,2749.8,REFUNDED
8213,C0795,P0212,2026-09-02,3480.85,CANCELLED
8214,C0179,P0038,2026-09-03,930.2,COMPLETED
8215,C0469,P0250,2026-09-04,3283.02,REFUNDED
8216,C1000,P0492,2026-09-02,4764.72,CANCELLED
8217,C0124,P0321,2026-09-01,4840.84,CANCELLED
8218,C0716,P0040,2026-09-02,4578.92,COMPLETED
8219,C0531,P0108,2026-09-04,3651.71,CANCELLED
8220,C0472,P0352,2026-09-01,1216.39,COMPLETED
8221,C0324,P0215,2026-09-04,4623.82,REFUNDED
8222,C0706,P0193,2026-09-05,2199.5,COMPLETED
8223,C0009,P0456,2026-09-03,3957.55,COMPLETED
8224,C0013,P0161,2026-09-01,2426.08,COMPLETED
8225,C0691,P0325,2026-09-04,4415.25,COMPLETED
8226,C0216,P0466,2026-09-01,1326.52,COMPLETED
8227,C0389,P0231,2026-09-01,996.78,COMPLETED
8228,C0595,P0414,2026-09-03,1563.3,CANCELLED
8229,C0104,P0083,2026-09-05,3166.84,CANCELLED
8230,C0334,P0093,2026-09-01,1745.91,REFUNDED
8231,C0371,P0153,2026-09-01,1556.29,CANCELLED
8232,C0628,P0006,2026-09-01,4488.84,REFUNDED
8233,C0883,P0463,2026-09-05,2618.52,CANCELLED
8234,C0266,P0092,2026-09-03,865.72,COMPLETED
8235,C0192,P0338,2026-09-01,4873.71,REFUNDED
8236,C0562,P0291,2026-09-05,1913.14,REFUNDED
8237,C0270,P0324,2026-09-02,2408.94,COMPLETED
8238,C0243,P0311,2026-09-04,1720.91,COMPLETED
8239,C0276,P0438,2026-09-01,2060.2,CANCELLED
8240,C0483,P0017,2026-09-01,3569.47,CANCELLED
8241,C0982,P0061,2026-09-03,1571.56,REFUNDED
8242,C0628,P0500,2026-09-02,4476.92,COMPLETED
8243,C0352,P0176,2026-09-04,4339.42,COMPLETED
8244,C0375,P0178,2026-09-01,3255.57,REFUNDED
8245,C0189,P0248,2026-09-01,4182.84,COMPLETED
8246,C0511,P0315,2026-09-03,3086.25,CANCELLED
8247,C0435,P0308,2026-09-02,2878.2,CANCELLED
8248,C0216,P0280,2026-09-04,3826.35,REFUNDED
8249,C0430,P0003,2026-09-01,1170.65,COMPLETED
8250,C0718,P0082,2026-09-05,4644.07,COMPLETED
8251,C0771,P0268,2026-09-02,3254.01,CANCELLED
8252,C0382,P0380,2026-09-02,3221.5,CANCELLED
8253,C0374,P0131,2026-09-01,670.54,REFUNDED
8254,C0875,P0475,2026-09-01,2380.96,REFUNDED
8255,C0411,P0063,2026-09-04,4327.51,CANCELLED
8256,C0287,P0099,2026-09-01,4806.99,REFUNDED
8257,C0462,P0311,2026-09-04,3151.1,COMPLETED
8258,C0185,P0016,2026-09-05,3618.93,REFUNDED
8259,C0586,P0275,2026-09-03,2859.74,COMPLETED
8260,C0135,P0012,2026-09-01,96.94,COMPLETED
8261,C0590,P0266,2026-09-01,375.79,CANCELLED
8262,C0703,P0263,2026-09-04,3510.06,COMPLETED
8263,C0235,P0390,2026-09-03,2440.5,CANCELLED
8264,C0834,P0079,2026-09-01,2415.52,COMPLETED
8265,C0103,P0111,2026-09-05,680.85,REFUNDED
8266,C0739,P0444,2026-09-05,4400.96,CANCELLED
8267,C0277,P0187,2026-09-03,2057.31,CANCELLED
8268,C0824,P0059,2026-09-05,3487.89,COMPLETED
8269,C0242,P0461,2026-09-03,4846.58,CANCELLED
8270,C0569,P0112,2026-09-03,4174.78,CANCELLED
8271,C0443,P0016,2026-09-02,673.16,COMPLETED
8272,C0877,P0168,2026-09-02,1345.41,COMPLETED
8273,C0391,P0071,2026-09-05,811.26,COMPLETED
8274,C0201,P0113,2026-09-05,213.61,COMPLETED
8275,C0150,P0043,2026-09-04,2092.33,COMPLETED
8276,C0820,P0373,2026-09-04,3018.0,REFUNDED
8277,C0983,P0355,2026-09-05,312.6,REFUNDED
8278,C0757,P0482,2026-09-05,3814.35,CANCELLED
8279,C0154,P0065,2026-09-05,3603.27,COMPLETED
8280,C0485,P0138,2026-09-02,1378.73,CANCELLED
8281,C0826,P0141,2026-09-04,4159.41,REFUNDED
8282,C0010,P0247,2026-09-03,4873.98,CANCELLED
8283,C0181,P0103,2026-09-02,4566.24,COMPLETED
8284,C0432,P0489,2026-09-05,3409.91,REFUNDED
8285,C0512,P0048,2026-09-03,784.13,COMPLETED
8286,C0138,P0179,2026-09-03,1246.55,CANCELLED
8287,C0915,P0363,2026-09-04,4723.9,REFUNDED
8288,C0870,P0283,2026-09-01,612.56,COMPLETED
8289,C0646,P0334,2026-09-04,2327.57,CANCELLED
8290,C0530,P0151,2026-09-01,4106.98,COMPLETED
8291,C0547,P0240,2026-09-05,2010.21,COMPLETED
8292,C0738,P0382,2026-09-05,4561.64,REFUNDED
8293,C0324,P0415,2026-09-02,1330.19,REFUNDED
8294,C0805,P0254,2026-09-04,4802.01,CANCELLED
8295,C0499,P0224,2026-09-02,1674.88,COMPLETED
8296,C0308,P0263,2026-09-03,2879.31,COMPLETED
8297,C0257,P0485,2026-09-05,3950.4,REFUNDED
8298,C0576,P0205,2026-09-01,4400.07,CANCELLED
8299,C0880,P0473,2026-09-02,3188.97,COMPLETED
8300,C0582,P0099,2026-09-01,2632.43,CANCELLED
8301,C0049,P0129,2026-09-01,673.07,CANCELLED
8302,C0408,P0089,2026-09-03,3071.36,CANCELLED
8303,C0102,P0102,2026-09-03,1152.73,COMPLETED
8304,C0708,P0352,2026-09-01,4895.51,REFUNDED
8305,C0168,P0434,2026-09-02,3073.56,CANCELLED
8306,C0062,P0455,2026-09-03,4926.01,REFUNDED
8307,C0221,P0368,2026-09-05,1400.84,CANCELLED
8308,C0834,P0144,2026-09-05,4015.58,COMPLETED
8309,C0261,P0493,2026-09-04,859.74,REFUNDED
8310,C0488,P0202,2026-09-02,2897.28,CANCELLED
8311,C0860,P0053,2026-09-02,3204.99,CANCELLED
8312,C0645,P0299,2026-09-01,4178.62,CANCELLED
8313,C0099,P0407,2026-09-04,4815.99,CANCELLED
8314,C0461,P0393,2026-09-03,3254.53,COMPLETED
8315,C0763,P0301,2026-09-02,1649.06,COMPLETED
8316,C0343,P0160,2026-09-03,2115.42,CANCELLED
8317,C0267,P0085,2026-09-04,2106.42,REFUNDED
8318,C0370,P0407,2026-09-03,3483.02,CANCELLED
8319,C0369,P0106,2026-09-05,3948.21,CANCELLED
8320,C0574,P0489,2026-09-02,3996.39,CANCELLED
8321,C0571,P0370,2026-09-03,457.98,REFUNDED
8322,C0955,P0250,2026-09-02,1796.91,CANCELLED
8323,C0830,P0222,2026-09-04,4322.07,COMPLETED
8324,C0264,P0453,2026-09-05,148.4,REFUNDED
8325,C0353,P0229,2026-09-01,885.61,COMPLETED
8326,C0021,P0217,2026-09-04,2184.82,REFUNDED
8327,C0422,P0306,2026-09-03,4568.24,REFUNDED
8328,C0125,P0383,2026-09-05,3721.68,REFUNDED
8329,C0360,P0140,2026-09-04,2351.62,COMPLETED
8330,C0889,P0418,2026-09-01,3907.89,COMPLETED
8331,C0696,P0164,2026-09-04,2043.29,REFUNDED
8332,C0987,P0319,2026-09-04,102.46,CANCELLED
8333,C0621,P0056,2026-09-02,3612.53,CANCELLED
8334,C0204,P0311,2026-09-05,759.09,CANCELLED
8335,C0591,P0197,2026-09-05,2835.7,REFUNDED
8336,C0590,P0220,2026-09-02,2894.51,CANCELLED
8337,C0666,P0103,2026-09-03,3530.7,COMPLETED
8338,C0665,P0291,2026-09-03,3198.97,CANCELLED
8339,C0552,P0181,2026-09-05,2190.0,REFUNDED
8340,C0179,P0192,2026-09-05,4220.01,COMPLETED
8341,C0800,P0460,2026-09-02,2062.57,CANCELLED
8342,C0292,P0324,2026-09-05,4330.09,CANCELLED
8343,C0364,P0420,2026-09-03,3242.36,REFUNDED
8344,C0333,P0033,2026-09-02,1540.47,COMPLETED
8345,C0690,P0231,2026-09-03,2285.47,COMPLETED
8346,C0523,P0086,2026-09-02,2470.01,CANCELLED
8347,C0500,P0456,2026-09-04,4218.07,COMPLETED
8348,C0794,P0018,2026-09-03,3543.04,CANCELLED
8349,C0755,P0491,2026-09-04,1624.59,COMPLETED
8350,C0458,P0262,2026-09-02,3310.36,CANCELLED
8351,C0911,P0130,2026-09-05,309.86,REFUNDED
8352,C0081,P0301,2026-09-01,4609.33,REFUNDED
8353,C0391,P0210,2026-09-03,921.38,CANCELLED
8354,C0629,P0151,2026-09-03,1280.49,COMPLETED
8355,C0294,P0310,2026-09-01,2032.73,REFUNDED
8356,C0475,P0424,2026-09-04,2488.91,COMPLETED
8357,C0647,P0450,2026-09-04,760.86,REFUNDED
8358,C0980,P0331,2026-09-03,3541.38,COMPLETED
8359,C0149,P0487,2026-09-01,352.77,REFUNDED
8360,C0890,P0495,2026-09-04,2192.7,COMPLETED
8361,C0172,P0272,2026-09-03,4754.3,COMPLETED
8362,C0656,P0181,2026-09-04,4066.55,REFUNDED
8363,C0828,P0204,2026-09-05,1374.82,REFUNDED
8364,C0951,P0016,2026-09-03,2875.98,COMPLETED
8365,C0346,P0059,2026-09-03,3128.77,COMPLETED
8366,C0432,P0093,2026-09-01,1563.6,COMPLETED
8367,C0647,P0415,2026-09-03,1194.43,CANCELLED
8368,C0628,P0166,2026-09-04,2894.11,COMPLETED
8369,C0586,P0220,2026-09-02,2958.04,COMPLETED
8370,C0415,P0405,2026-09-02,1422.02,COMPLETED
8371,C0870,P0096,2026-09-05,4275.67,COMPLETED
8372,C0929,P0184,2026-09-02,3709.74,COMPLETED
8373,C0074,P0126,2026-09-01,3375.75,CANCELLED
8374,C0082,P0038,2026-09-05,4332.38,COMPLETED
8375,C0166,P0111,2026-09-01,3966.36,CANCELLED
8376,C0352,P0337,2026-09-05,3460.0,COMPLETED
8377,C0234,P0191,2026-09-03,913.86,CANCELLED
8378,C0322,P0191,2026-09-03,2370.61,REFUNDED
8379,C0325,P0075,2026-09-01,3484.87,COMPLETED
8380,C0669,P0400,2026-09-01,1705.15,COMPLETED
8381,C0299,P0161,2026-09-04,1030.73,REFUNDED
8382,C0728,P0063,2026-09-03,4144.82,REFUNDED
8383,C0274,P0005,2026-09-01,4138.68,COMPLETED
8384,C0620,P0164,2026-09-05,538.11,CANCELLED
8385,C0661,P0353,2026-09-01,1145.51,COMPLETED
8386,C0405,P0006,2026-09-02,147.48,COMPLETED
8387,C0278,P0368,2026-09-01,2432.94,CANCELLED
8388,C0909,P0169,2026-09-01,1422.31,COMPLETED
8389,C0456,P0110,2026-09-01,1280.33,CANCELLED
8390,C0800,P0239,2026-09-04,4495.82,CANCELLED
8391,C0884,P0291,2026-09-05,3412.11,COMPLETED
8392,C0962,P0408,2026-09-04,299.84,COMPLETED
8393,C0372,P0165,2026-09-01,4929.51,REFUNDED
8394,C0766,P0461,2026-09-05,2144.35,CANCELLED
8395,C0602,P0120,2026-09-01,552.28,REFUNDED
8396,C0534,P0288,2026-09-02,934.63,REFUNDED
8397,C0989,P0034,2026-09-03,1500.95,CANCELLED
8398,C0462,P0198,2026-09-03,2404.48,CANCELLED
8399,C0424,P0146,2026-09-04,1304.82,COMPLETED
8400,C0172,P0309,2026-09-04,3186.03,REFUNDED
8401,C0189,P0109,2026-09-01,2716.73,COMPLETED
8402,C0875,P0270,2026-09-02,994.84,CANCELLED
8403,C0024,P0112,2026-09-02,4103.71,COMPLETED
8404,C0129,P0053,2026-09-01,828.55,REFUNDED
8405,C0746,P0288,2026-09-04,1246.55,CANCELLED
8406,C0241,P0143,2026-09-05,1766.86,CANCELLED
8407,C0678,P0367,2026-09-03,1654.77,REFUNDED
8408,C0258,P0312,2026-09-02,409.48,CANCELLED
8409,C0964,P0485,2026-09-03,288.58,CANCELLED
8410,C0762,P0453,2026-09-03,1280.26,REFUNDED
8411,C0718,P0414,2026-09-01,703.74,CANCELLED
8412,C0768,P0441,2026-09-02,524.4,REFUNDED
8413,C0082,P0344,2026-09-01,190.27,REFUNDED
8414,C0216,P0039,2026-09-01,3558.07,CANCELLED
8415,C0171,P0294,2026-09-02,1859.91,COMPLETED
8416,C0407,P0458,2026-09-02,1814.65,REFUNDED
8417,C0106,P0331,2026-09-04,2694.89,REFUNDED
8418,C0098,P0216,2026-09-03,2518.35,COMPLETED
8419,C0066,P0350,2026-09-05,4029.66,COMPLETED
8420,C0960,P0388,2026-09-03,4782.31,CANCELLED
8421,C0900,P0223,2026-09-01,1370.53,COMPLETED
8422,C0485,P0163,2026-09-01,4988.45,CANCELLED
8423,C0562,P0417,2026-09-02,309.02,REFUNDED
8424,C0056,P0164,2026-09-04,801.83,REFUNDED
8425,C0027,P0102,2026-09-01,4482.04,REFUNDED
8426,C0790,P0101,2026-09-01,4098.21,COMPLETED
8427,C0407,P0026,2026-09-03,3391.76,CANCELLED
8428,C0537,P0411,2026-09-01,4734.2,REFUNDED
8429,C0784,P0253,2026-09-03,1996.69,CANCELLED
8430,C0086,P0256,2026-09-02,402.47,REFUNDED
8431,C0107,P0024,2026-09-02,2988.97,REFUNDED
8432,C0269,P0141,2026-09-03,823.53,COMPLETED
8433,C0633,P0216,2026-09-05,4074.41,COMPLETED
8434,C0160,P0062,2026-09-03,4286.46,REFUNDED
8435,C0087,P0064,2026-09-04,701.4,REFUNDED
8436,C0671,P0232,2026-09-05,1201.22,REFUNDED
8437,C0954,P0088,2026-09-03,4013.88,COMPLETED
8438,C0907,P0308,2026-09-01,226.19,REFUNDED
8439,C0400,P0168,2026-09-04,2457.25,COMPLETED
8440,C0317,P0303,2026-09-03,2608.52,COMPLETED
8441,C0235,P0197,2026-09-01,2952.59,COMPLETED
8442,C0254,P0122,2026-09-04,4230.18,CANCELLED
8443,C0756,P0296,2026-09-01,4120.36,CANCELLED
8444,C0291,P0011,2026-09-04,3677.16,REFUNDED
8445,C0454,P0146,2026-09-02,4435.33,CANCELLED
8446,C0642,P0010,2026-09-02,4521.92,CANCELLED
8447,C0130,P0330,2026-09-04,1779.02,REFUNDED
8448,C0135,P0402,2026-09-05,3727.47,CANCELLED
8449,C0540,P0439,2026-09-05,3659.67,CANCELLED
8450,C0859,P0295,2026-09-01,1584.8,CANCELLED
8451,C0175,P0003,2026-09-03,4806.94,CANCELLED
8452,C0030,P0467,2026-09-05,4661.42,COMPLETED
8453,C0036,P0237,2026-09-03,4871.83,REFUNDED
8454,C0680,P0146,2026-09-01,3101.53,CANCELLED
8455,C0366,P0068,2026-09-02,4378.71,COMPLETED
8456,C0882,P0431,2026-09-01,594.87,CANCELLED
8457,C0938,P0496,2026-09-01,3475.43,REFUNDED
8458,C0334,P0207,2026-09-01,4298.69,CANCELLED
8459,C0885,P0019,2026-09-04,1604.59,REFUNDED
8460,C0488,P0459,2026-09-03,2506.08,COMPLETED
8461,C0479,P0274,2026-09-05,650.32,COMPLETED
8462,C0999,P0471,2026-09-02,4662.51,CANCELLED
8463,C0892,P0271,2026-09-03,2189.6,COMPLETED
8464,C0554,P0021,2026-09-01,1191.54,REFUNDED
8465,C0958,P0173,2026-09-02,4796.02,COMPLETED
8466,C0279,P0331,2026-09-05,3177.43,COMPLETED
8467,C0562,P0009,2026-09-01,700.73,CANCELLED
8468,C0456,P0036,2026-09-01,1424.45,CANCELLED
8469,C0139,P0241,2026-09-03,1267.86,CANCELLED
8470,C0993,P0049,2026-09-03,4207.48,CANCELLED
8471,C0972,P0425,2026-09-02,2181.39,COMPLETED
8472,C0715,P0411,2026-09-01,3737.65,CANCELLED
8473,C0553,P0213,2026-09-02,713.93,CANCELLED
8474,C0182,P0371,2026-09-04,4267.77,COMPLETED
8475,C0606,P0155,2026-09-01,3373.19,COMPLETED
8476,C0612,P0141,2026-09-05,4369.41,COMPLETED
8477,C0468,P0163,2026-09-05,3302.81,REFUNDED
8478,C0647,P0386,2026-09-03,4464.3,COMPLETED
8479,C0767,P0178,2026-09-01,3594.79,REFUNDED
8480,C0652,P0205,2026-09-01,1225.36,COMPLETED
8481,C0899,P0041,2026-09-05,700.55,CANCELLED
8482,C0578,P0285,2026-09-03,4376.3,REFUNDED
8483,C0446,P0397,2026-09-05,53.84,CANCELLED
8484,C0537,P0161,2026-09-01,2207.3,COMPLETED
8485,C0656,P0253,2026-09-02,412.13,CANCELLED
8486,C0655,P0314,2026-09-03,255.6,CANCELLED
8487,C0547,P0025,2026-09-05,811.52,REFUNDED
8488,C0318,P0202,2026-09-05,1606.24,COMPLETED
8489,C0931,P0153,2026-09-02,2833.77,CANCELLED
8490,C0356,P0357,2026-09-05,1957.79,CANCELLED
8491,C0494,P0233,2026-09-03,4052.94,REFUNDED
8492,C0553,P0253,2026-09-03,3354.84,COMPLETED
8493,C0233,P0435,2026-09-02,2129.13,CANCELLED
8494,C0825,P0329,2026-09-03,2254.69,COMPLETED
8495,C0092,P0496,2026-09-05,4392.46,REFUNDED
8496,C0453,P0467,2026-09-03,1565.06,COMPLETED
8497,C0316,P0063,2026-09-02,3444.9,COMPLETED
8498,C0375,P0432,2026-09-01,3479.02,REFUNDED
8499,C0423,P0192,2026-09-03,2141.17,CANCELLED
8500,C0267,P0481,2026-09-04,4568.87,REFUNDED
8501,C0160,P0317,2026-09-01,2550.67,REFUNDED
8502,C0311,P0053,2026-09-01,3738.56,REFUNDED
8503,C0011,P0015,2026-09-01,2984.66,REFUNDED
8504,C0001,P0115,2026-09-04,591.06,COMPLETED
8505,C0536,P0025,2026-09-04,439.3,REFUNDED
8506,C0835,P0423,2026-09-05,1458.42,CANCELLED
8507,C0777,P0006,2026-09-05,3783.84,REFUNDED
8508,C0869,P0072,2026-09-01,3677.03,REFUNDED
8509,C0140,P0054,2026-09-01,4255.42,REFUNDED
8510,C0353,P0166,2026-09-04,3676.76,CANCELLED
8511,C0294,P0442,2026-09-05,3019.48,COMPLETED
8512,C0481,P0353,2026-09-04,2453.68,CANCELLED
8513,C0548,P0371,2026-09-05,2591.55,REFUNDED
8514,C0009,P0224,2026-09-01,2529.14,REFUNDED
8515,C0705,P0116,2026-09-01,535.91,CANCELLED
8516,C0945,P0088,2026-09-05,2989.79,COMPLETED
8517,C0504,P0046,2026-09-04,239.41,CANCELLED
8518,C0970,P0098,2026-09-04,4006.28,COMPLETED
8519,C0774,P0371,2026-09-04,4484.36,REFUNDED
8520,C0489,P0462,2026-09-03,3299.4,REFUNDED
8521,C0307,P0416,2026-09-01,1960.07,COMPLETED
8522,C0010,P0189,2026-09-02,1253.21,COMPLETED
8523,C0785,P0418,2026-09-04,2638.86,REFUNDED
8524,C0441,P0463,2026-09-05,2067.78,REFUNDED
8525,C0818,P0276,2026-09-03,2565.87,CANCELLED
8526,C0300,P0003,2026-09-02,3553.22,REFUNDED
8527,C0612,P0479,2026-09-02,3682.6,CANCELLED
8528,C0237,P0353,2026-09-02,488.55,REFUNDED
8529,C0816,P0445,2026-09-05,4095.64,REFUNDED
8530,C0008,P0027,2026-09-03,1798.44,COMPLETED
8531,C0562,P0133,2026-09-03,2131.3,COMPLETED
8532,C0383,P0453,2026-09-05,2999.63,REFUNDED
8533,C0194,P0402,2026-09-03,4965.41,CANCELLED
8534,C0422,P0023,2026-09-02,3157.17,COMPLETED
8535,C0904,P0057,2026-09-01,3321.15,REFUNDED
8536,C0575,P0025,2026-09-01,1939.96,COMPLETED
8537,C0448,P0485,2026-09-04,4966.64,REFUNDED
8538,C0405,P0156,2026-09-04,3805.79,REFUNDED
8539,C0256,P0039,2026-09-04,2704.7,CANCELLED
8540,C0168,P0136,2026-09-04,843.55,REFUNDED
8541,C0733,P0169,2026-09-02,2419.23,CANCELLED
8542,C0755,P0353,2026-09-03,2643.83,COMPLETED
8543,C0662,P0314,2026-09-03,109.56,REFUNDED
8544,C0400,P0406,2026-09-01,4748.77,REFUNDED
8545,C0849,P0416,2026-09-02,3586.95,REFUNDED
8546,C0388,P0195,2026-09-02,825.14,CANCELLED
8547,C0226,P0139,2026-09-03,58.8,CANCELLED
8548,C0270,P0358,2026-09-01,3209.68,CANCELLED
8549,C0082,P0088,2026-09-01,2792.18,REFUNDED
8550,C0433,P0474,2026-09-04,3382.49,CANCELLED
8551,C0641,P0071,2026-09-02,4721.02,CANCELLED
8552,C0246,P0299,2026-09-04,1487.4,COMPLETED
8553,C0530,P0236,2026-09-03,813.97,REFUNDED
8554,C0783,P0062,2026-09-03,1006.12,CANCELLED
8555,C0820,P0065,2026-09-02,1093.35,COMPLETED
8556,C0932,P0164,2026-09-04,2128.88,REFUNDED
8557,C0628,P0442,2026-09-02,137.83,REFUNDED
8558,C0827,P0076,2026-09-03,2603.04,COMPLETED
8559,C0711,P0386,2026-09-01,3649.4,CANCELLED
8560,C0702,P0300,2026-09-04,3574.01,REFUNDED
8561,C0279,P0455,2026-09-05,192.45,CANCELLED
8562,C0292,P0436,2026-09-03,2690.66,REFUNDED
8563,C0665,P0495,2026-09-02,296.1,CANCELLED
8564,C0761,P0459,2026-09-05,2031.69,COMPLETED
8565,C0545,P0212,2026-09-01,2245.05,REFUNDED
8566,C0829,P0327,2026-09-02,4427.32,COMPLETED
8567,C0276,P0229,2026-09-05,3813.16,REFUNDED
8568,C0423,P0343,2026-09-02,2940.74,COMPLETED
8569,C0193,P0063,2026-09-02,4943.8,REFUNDED
8570,C0874,P0268,2026-09-02,1887.58,REFUNDED
8571,C0071,P0271,2026-09-03,3225.64,REFUNDED
8572,C0187,P0124,2026-09-03,1766.06,CANCELLED
8573,C0140,P0296,2026-09-01,1456.08,REFUNDED
8574,C0297,P0245,2026-09-01,2765.69,CANCELLED
8575,C0114,P0339,2026-09-01,2087.7,CANCELLED
8576,C0653,P0251,2026-09-01,4463.91,COMPLETED
8577,C0467,P0500,2026-09-05,1338.05,COMPLETED
8578,C0633,P0144,2026-09-01,2429.99,CANCELLED
8579,C0464,P0165,2026-09-04,2843.28,COMPLETED
8580,C0279,P0396,2026-09-01,4721.91,CANCELLED
8581,C0718,P0375,2026-09-03,1925.64,COMPLETED
8582,C0638,P0248,2026-09-02,2599.76,COMPLETED
8583,C0504,P0116,2026-09-01,2118.39,CANCELLED
8584,C0193,P0048,2026-09-05,1894.24,COMPLETED
8585,C0329,P0136,2026-09-05,4348.57,CANCELLED
8586,C0020,P0393,2026-09-04,1721.25,REFUNDED
8587,C0156,P0152,2026-09-05,2482.55,COMPLETED
8588,C0051,P0365,2026-09-03,549.83,COMPLETED
8589,C0993,P0043,2026-09-02,2153.68,COMPLETED
8590,C0548,P0181,2026-09-01,1803.9,CANCELLED
8591,C0023,P0286,2026-09-02,274.9,CANCELLED
8592,C0191,P0428,2026-09-01,3360.73,COMPLETED
8593,C0996,P0447,2026-09-01,3988.25,COMPLETED
8594,C0105,P0125,2026-09-04,4114.08,CANCELLED
8595,C0289,P0338,2026-09-04,1075.78,COMPLETED
8596,C0276,P0332,2026-09-04,1553.17,COMPLETED
8597,C0129,P0377,2026-09-02,4634.34,CANCELLED
8598,C0733,P0439,2026-09-02,492.55,REFUNDED
8599,C0449,P0106,2026-09-05,291.63,COMPLETED
8600,C0745,P0356,2026-09-01,3147.79,COMPLETED
8601,C0009,P0040,2026-09-03,2222.53,CANCELLED
8602,C0239,P0039,2026-09-03,2963.43,CANCELLED
8603,C0093,P0498,2026-09-04,775.42,REFUNDED
8604,C0155,P0254,2026-09-03,3612.81,COMPLETED
8605,C0016,P0031,2026-09-05,716.78,CANCELLED
8606,C0506,P0109,2026-09-05,2669.82,REFUNDED
8607,C0223,P0007,2026-09-05,4808.56,CANCELLED
8608,C0351,P0344,2026-09-04,2171.19,COMPLETED
8609,C0431,P0111,2026-09-03,3804.19,CANCELLED
8610,C0320,P0240,2026-09-05,1108.94,COMPLETED
8611,C0805,P0420,2026-09-02,3864.13,CANCELLED
8612,C0819,P0198,2026-09-01,3532.35,COMPLETED
8613,C0511,P0097,2026-09-02,2436.45,REFUNDED
8614,C0381,P0250,2026-09-05,1247.67,REFUNDED
8615,C0475,P0054,2026-09-05,3401.18,CANCELLED
8616,C0714,P0175,2026-09-04,542.14,COMPLETED
8617,C0811,P0107,2026-09-03,2500.89,COMPLETED
8618,C0033,P0417,2026-09-02,2808.19,COMPLETED
8619,C0339,P0303,2026-09-04,585.91,CANCELLED
8620,C0083,P0390,2026-09-01,3924.69,CANCELLED
8621,C0864,P0271,2026-09-02,4206.26,COMPLETED
8622,C0769,P0264,2026-09-02,583.27,CANCELLED
8623,C0975,P0440,2026-09-04,1451.7,CANCELLED
8624,C0150,P0161,2026-09-02,2428.41,CANCELLED
8625,C0058,P0390,2026-09-01,810.81,CANCELLED
8626,C0273,P0484,2026-09-02,4267.96,CANCELLED
8627,C0795,P0160,2026-09-04,760.71,REFUNDED
8628,C0402,P0363,2026-09-03,3340.69,COMPLETED
8629,C0074,P0233,2026-09-03,735.55,REFUNDED
8630,C0557,P0336,2026-09-05,1906.0,REFUNDED
8631,C0482,P0079,2026-09-02,4099.42,CANCELLED
8632,C0186,P0435,2026-09-01,1718.23,COMPLETED
8633,C0197,P0259,2026-09-03,167.69,CANCELLED
8634,C0918,P0055,2026-09-04,336.13,CANCELLED
8635,C0862,P0469,2026-09-04,1743.4,COMPLETED
8636,C0257,P0067,2026-09-01,2969.78,COMPLETED
8637,C0837,P0113,2026-09-05,205.19,COMPLETED
8638,C0391,P0470,2026-09-02,4967.96,COMPLETED
8639,C0849,P0187,2026-09-01,3613.61,CANCELLED
8640,C0013,P0198,2026-09-04,3345.75,CANCELLED
8641,C0125,P0500,2026-09-01,2951.44,CANCELLED
8642,C0998,P0232,2026-09-01,2775.28,REFUNDED
8643,C0787,P0445,2026-09-03,1083.47,CANCELLED
8644,C0732,P0318,2026-09-02,4240.85,CANCELLED
8645,C0255,P0263,2026-09-02,2037.23,REFUNDED
8646,C0395,P0104,2026-09-05,2318.33,CANCELLED
8647,C0790,P0400,2026-09-01,2626.12,CANCELLED
8648,C0999,P0205,2026-09-02,2417.64,REFUNDED
8649,C0454,P0097,2026-09-02,1583.79,CANCELLED
8650,C0254,P0036,2026-09-04,532.11,COMPLETED
8651,C0756,P0143,2026-09-02,1112.05,COMPLETED
8652,C0035,P0217,2026-09-01,1050.88,REFUNDED
8653,C0204,P0085,2026-09-05,3978.09,REFUNDED
8654,C0472,P0352,2026-09-02,1446.39,REFUNDED
8655,C0753,P0158,2026-09-01,2654.45,REFUNDED
8656,C0790,P0488,2026-09-03,3873.61,CANCELLED
8657,C0097,P0446,2026-09-05,344.22,COMPLETED
8658,C0534,P0296,2026-09-01,198.05,REFUNDED
8659,C0682,P0332,2026-09-05,443.37,CANCELLED
8660,C0214,P0053,2026-09-05,1155.84,CANCELLED
8661,C0485,P0076,2026-09-04,829.07,COMPLETED
8662,C0399,P0237,2026-09-01,1570.71,REFUNDED
8663,C0698,P0449,2026-09-03,4687.35,COMPLETED
8664,C0985,P0055,2026-09-05,4930.28,CANCELLED
8665,C0320,P0382,2026-09-01,2484.01,COMPLETED
8666,C0959,P0057,2026-09-04,4869.61,COMPLETED
8667,C0331,P0124,2026-09-01,1426.0,REFUNDED
8668,C0163,P0009,2026-09-01,2216.53,COMPLETED
8669,C0645,P0458,2026-09-05,2862.29,COMPLETED
8670,C0746,P0236,2026-09-04,4810.78,CANCELLED
8671,C0044,P0096,2026-09-02,2093.24,CANCELLED
8672,C0763,P0137,2026-09-05,4952.33,CANCELLED
8673,C0960,P0015,2026-09-03,2095.9,REFUNDED
8674,C0563,P0244,2026-09-03,1968.06,REFUNDED
8675,C0534,P0339,2026-09-05,2584.32,COMPLETED
8676,C0126,P0272,2026-09-05,2507.83,CANCELLED
8677,C0260,P0232,2026-09-01,1013.52,REFUNDED
8678,C0493,P0181,2026-09-05,543.89,CANCELLED
8679,C0654,P0136,2026-09-03,3047.9,CANCELLED
8680,C0306,P0061,2026-09-05,1919.08,COMPLETED
8681,C0204,P0475,2026-09-04,769.1,REFUNDED
8682,C0370,P0282,2026-09-04,818.25,REFUNDED
8683,C0909,P0044,2026-09-02,3901.05,REFUNDED
8684,C0054,P0182,2026-09-01,3177.59,CANCELLED
8685,C0885,P0221,2026-09-04,325.65,COMPLETED
8686,C0683,P0109,2026-09-05,871.37,CANCELLED
8687,C0224,P0078,2026-09-05,1286.57,CANCELLED
8688,C0997,P0204,2026-09-01,691.71,REFUNDED
8689,C0116,P0258,2026-09-01,4488.37,COMPLETED
8690,C0242,P0221,2026-09-03,1470.5,CANCELLED
8691,C0649,P0261,2026-09-02,1892.79,COMPLETED
8692,C0445,P0171,2026-09-04,3730.61,REFUNDED
8693,C0333,P0028,2026-09-05,2285.46,REFUNDED
8694,C0016,P0226,2026-09-05,4247.63,REFUNDED
8695,C0172,P0140,2026-09-02,4769.6,REFUNDED
8696,C0814,P0190,2026-09-01,963.04,CANCELLED
8697,C0283,P0051,2026-09-05,440.12,CANCELLED
8698,C0599,P0026,2026-09-04,1876.36,REFUNDED
8699,C0123,P0333,2026-09-05,2841.12,REFUNDED
8700,C0406,P0196,2026-09-02,265.23,COMPLETED
8701,C0809,P0375,2026-09-05,1348.85,CANCELLED
8702,C0249,P0476,2026-09-05,4618.99,COMPLETED
8703,C0010,P0217,2026-09-04,4261.66,COMPLETED
8704,C0993,P0100,2026-09-02,871.71,COMPLETED
8705,C0044,P0151,2026-09-05,4317.18,CANCELLED
8706,C0596,P0097,2026-09-03,4418.68,CANCELLED
8707,C0803,P0207,2026-09-03,109.26,COMPLETED
8708,C0708,P0091,2026-09-03,393.78,CANCELLED
8709,C0487,P0305,2026-09-01,2042.61,CANCELLED
8710,C0705,P0142,2026-09-01,265.05,REFUNDED
8711,C0611,P0272,2026-09-05,2734.21,COMPLETED
8712,C0159,P0312,2026-09-02,618.05,REFUNDED
8713,C0381,P0253,2026-09-02,939.48,COMPLETED
8714,C0790,P0266,2026-09-04,2916.62,CANCELLED
8715,C0092,P0222,2026-09-02,2464.59,CANCELLED
8716,C0255,P0056,2026-09-01,2788.96,REFUNDED
8717,C0162,P0349,2026-09-01,3868.05,COMPLETED
8718,C0512,P0026,2026-09-02,2455.28,REFUNDED
8719,C0094,P0331,2026-09-05,3090.35,COMPLETED
8720,C0703,P0128,2026-09-02,2939.33,COMPLETED
8721,C0634,P0491,2026-09-05,1939.01,CANCELLED
8722,C0347,P0057,2026-09-03,1008.82,CANCELLED
8723,C0954,P0113,2026-09-05,460.34,REFUNDED
8724,C0993,P0059,2026-09-02,745.65,COMPLETED
8725,C0778,P0028,2026-09-02,1984.99,CANCELLED
8726,C0641,P0459,2026-09-02,1648.65,CANCELLED
8727,C0062,P0019,2026-09-02,2780.69,REFUNDED
8728,C0062,P0295,2026-09-01,4069.49,COMPLETED
8729,C0365,P0137,2026-09-03,4296.0,COMPLETED
8730,C0661,P0123,2026-09-01,1548.59,COMPLETED
8731,C0158,P0034,2026-09-03,818.7,REFUNDED
8732,C0719,P0273,2026-09-03,766.5,REFUNDED
8733,C0550,P0052,2026-09-04,4006.26,COMPLETED
8734,C0811,P0142,2026-09-03,1334.63,COMPLETED
8735,C0110,P0116,2026-09-02,2798.84,CANCELLED
8736,C0129,P0452,2026-09-02,1292.76,CANCELLED
8737,C0500,P0318,2026-09-05,2743.89,CANCELLED
8738,C0239,P0359,2026-09-01,1994.79,COMPLETED
8739,C0325,P0367,2026-09-01,3634.73,REFUNDED
8740,C0572,P0208,2026-09-04,1259.37,CANCELLED
8741,C0808,P0201,2026-09-03,2334.37,REFUNDED
8742,C0661,P0202,2026-09-05,2337.02,REFUNDED
8743,C0775,P0052,2026-09-05,1536.01,REFUNDED
8744,C0356,P0113,2026-09-02,255.68,CANCELLED
8745,C0825,P0376,2026-09-01,4717.96,COMPLETED
8746,C0914,P0422,2026-09-02,4196.11,CANCELLED
8747,C0450,P0451,2026-09-01,4363.86,COMPLETED
8748,C0751,P0355,2026-09-02,4571.33,REFUNDED
8749,C0198,P0138,2026-09-01,206.25,COMPLETED
8750,C0022,P0254,2026-09-02,804.87,REFUNDED
8751,C0706,P0106,2026-09-01,3411.25,COMPLETED
8752,C0387,P0088,2026-09-03,3174.93,CANCELLED
8753,C0367,P0403,2026-09-02,4070.26,REFUNDED
8754,C0742,P0105,2026-09-02,4604.43,CANCELLED
8755,C0138,P0178,2026-09-02,3950.53,COMPLETED
8756,C0257,P0327,2026-09-02,3041.2,CANCELLED
8757,C0921,P0148,2026-09-04,1280.26,CANCELLED
8758,C0041,P0362,2026-09-04,2890.08,REFUNDED
8759,C0497,P0306,2026-09-03,81.69,REFUNDED
8760,C0724,P0148,2026-09-02,472.09,REFUNDED
8761,C0449,P0376,2026-09-01,1355.29,CANCELLED
8762,C0573,P0002,2026-09-02,4656.86,COMPLETED
8763,C0302,P0049,2026-09-03,3950.38,REFUNDED
8764,C0556,P0095,2026-09-02,4373.12,COMPLETED
8765,C0714,P0258,2026-09-01,2860.91,CANCELLED
8766,C0502,P0465,2026-09-02,3734.57,REFUNDED
8767,C0195,P0359,2026-09-05,4162.56,REFUNDED
8768,C0581,P0319,2026-09-01,4082.18,CANCELLED
8769,C0192,P0245,2026-09-04,4030.98,COMPLETED
8770,C0557,P0379,2026-09-03,3097.41,REFUNDED
8771,C0357,P0157,2026-09-01,3681.51,CANCELLED
8772,C0332,P0437,2026-09-04,4242.64,CANCELLED
8773,C0750,P0465,2026-09-03,1922.91,REFUNDED
8774,C0480,P0353,2026-09-04,3306.0,COMPLETED
8775,C0282,P0123,2026-09-02,3016.27,COMPLETED
8776,C0889,P0088,2026-09-01,4447.53,COMPLETED
8777,C0852,P0162,2026-09-01,3645.09,REFUNDED
8778,C0614,P0349,2026-09-03,2075.57,CANCELLED
8779,C0937,P0036,2026-09-05,2783.45,REFUNDED
8780,C0882,P0086,2026-09-02,3896.46,REFUNDED
8781,C0568,P0096,2026-09-04,1482.86,REFUNDED
8782,C0165,P0171,2026-09-04,4845.67,COMPLETED
8783,C0071,P0461,2026-09-04,1141.2,CANCELLED
8784,C0544,P0234,2026-09-03,438.54,CANCELLED
8785,C0159,P0073,2026-09-04,511.52,COMPLETED
8786,C0461,P0493,2026-09-05,3790.31,CANCELLED
8787,C0303,P0007,2026-09-01,2602.56,COMPLETED
8788,C0840,P0342,2026-09-05,598.78,CANCELLED
8789,C0270,P0243,2026-09-05,4296.43,CANCELLED
8790,C0555,P0220,2026-09-02,4281.73,COMPLETED
8791,C0376,P0172,2026-09-02,3185.77,CANCELLED
8792,C0465,P0011,2026-09-01,1594.65,REFUNDED
8793,C0001,P0091,2026-09-01,4746.45,COMPLETED
8794,C0795,P0499,2026-09-02,1741.94,COMPLETED
8795,C0654,P0136,2026-09-05,475.32,COMPLETED
8796,C0519,P0452,2026-09-01,3534.16,COMPLETED
8797,C0389,P0040,2026-09-04,825.03,CANCELLED
8798,C0752,P0088,2026-09-01,3199.1,COMPLETED
8799,C0190,P0348,2026-09-04,2252.42,COMPLETED
8800,C0905,P0390,2026-09-03,2956.87,REFUNDED
8801,C0020,P0437,2026-09-04,61.02,COMPLETED
8802,C0635,P0005,2026-09-05,1593.5,COMPLETED
8803,C0878,P0305,2026-09-01,240.83,CANCELLED
8804,C0373,P0181,2026-09-02,1837.73,COMPLETED
8805,C0795,P0497,2026-09-05,56.75,COMPLETED
8806,C0636,P0243,2026-09-05,3736.96,CANCELLED
8807,C0245,P0299,2026-09-02,3972.31,COMPLETED
8808,C0329,P0001,2026-09-01,4043.03,COMPLETED
8809,C0739,P0251,2026-09-01,4518.54,CANCELLED
8810,C0065,P0448,2026-09-03,2293.51,COMPLETED
8811,C0675,P0127,2026-09-02,1514.77,REFUNDED
8812,C0991,P0242,2026-09-05,4096.76,REFUNDED
8813,C0552,P0057,2026-09-03,2320.92,REFUNDED
8814,C0839,P0024,2026-09-01,1102.77,CANCELLED
8815,C0397,P0420,2026-09-05,157.82,REFUNDED
8816,C0195,P0009,2026-09-04,567.6,COMPLETED
8817,C0537,P0291,2026-09-04,4056.15,REFUNDED
8818,C0700,P0349,2026-09-02,1800.75,COMPLETED
8819,C0510,P0149,2026-09-02,4556.6,COMPLETED
8820,C0785,P0428,2026-09-05,1395.24,COMPLETED
8821,C0565,P0117,2026-09-01,2395.32,COMPLETED
8822,C0158,P0269,2026-09-02,4734.51,REFUNDED
8823,C0628,P0258,2026-09-01,804.71,CANCELLED
8824,C0290,P0086,2026-09-04,1674.21,COMPLETED
8825,C0331,P0387,2026-09-04,4884.75,CANCELLED
8826,C0420,P0076,2026-09-01,3018.24,REFUNDED
8827,C0657,P0397,2026-09-05,3963.27,REFUNDED
8828,C0330,P0049,2026-09-01,2302.22,REFUNDED
8829,C0114,P0052,2026-09-03,1375.26,REFUNDED
8830,C0099,P0156,2026-09-04,1151.3,CANCELLED
8831,C0536,P0412,2026-09-05,4296.36,COMPLETED
8832,C0675,P0377,2026-09-03,4689.93,CANCELLED
8833,C0069,P0172,2026-09-04,1364.35,COMPLETED
8834,C0045,P0232,2026-09-04,3110.27,CANCELLED
8835,C0856,P0252,2026-09-04,2924.09,REFUNDED
8836,C0961,P0377,2026-09-01,4609.48,CANCELLED
8837,C0133,P0180,2026-09-04,2650.05,CANCELLED
8838,C0183,P0280,2026-09-02,68.36,REFUNDED
8839,C0895,P0132,2026-09-04,4715.71,REFUNDED
8840,C0033,P0340,2026-09-02,1272.31,REFUNDED
8841,C0207,P0250,2026-09-01,577.39,CANCELLED
8842,C0110,P0130,2026-09-05,1182.36,REFUNDED
8843,C0498,P0187,2026-09-05,3751.58,CANCELLED
8844,C0197,P0235,2026-09-04,4994.45,COMPLETED
8845,C0102,P0007,2026-09-03,1480.21,COMPLETED
8846,C0033,P0424,2026-09-03,969.82,COMPLETED
8847,C0585,P0181,2026-09-01,3168.86,REFUNDED
8848,C0658,P0155,2026-09-03,4819.19,COMPLETED
8849,C0857,P0364,2026-09-05,400.5,CANCELLED
8850,C0398,P0171,2026-09-03,4175.61,COMPLETED
8851,C0674,P0457,2026-09-03,133.76,CANCELLED
8852,C0502,P0266,2026-09-03,880.76,CANCELLED
8853,C0539,P0397,2026-09-01,3807.43,COMPLETED
8854,C0639,P0340,2026-09-04,2282.06,CANCELLED
8855,C0719,P0439,2026-09-04,1207.03,CANCELLED
8856,C0605,P0443,2026-09-04,373.57,COMPLETED
8857,C0263,P0462,2026-09-02,3247.22,REFUNDED
8858,C0051,P0432,2026-09-03,275.09,CANCELLED
8859,C0376,P0306,2026-09-05,2470.11,COMPLETED
8860,C0227,P0248,2026-09-02,4742.36,CANCELLED
8861,C0621,P0058,2026-09-02,1245.11,COMPLETED
8862,C0736,P0139,2026-09-05,3442.95,COMPLETED
8863,C0073,P0352,2026-09-04,229.22,REFUNDED
8864,C0014,P0266,2026-09-03,182.47,REFUNDED
8865,C0953,P0373,2026-09-01,2692.39,CANCELLED
8866,C0944,P0328,2026-09-03,2059.93,COMPLETED
8867,C0214,P0011,2026-09-05,1694.82,REFUNDED
8868,C0672,P0076,2026-09-04,2064.67,CANCELLED
8869,C0504,P0211,2026-09-02,518.37,REFUNDED
8870,C0951,P0439,2026-09-04,1644.49,CANCELLED
8871,C0912,P0113,2026-09-02,2011.02,COMPLETED
8872,C0853,P0338,2026-09-02,1973.06,REFUNDED
8873,C0082,P0073,2026-09-02,1478.67,REFUNDED
8874,C0480,P0183,2026-09-04,354.09,CANCELLED
8875,C0821,P0255,2026-09-02,2232.02,REFUNDED
8876,C0655,P0016,2026-09-04,4755.39,REFUNDED
8877,C0063,P0126,2026-09-01,2030.03,REFUNDED
8878,C0370,P0296,2026-09-01,3017.26,REFUNDED
8879,C0572,P0380,2026-09-03,4390.23,CANCELLED
8880,C0762,P0357,2026-09-02,1923.93,CANCELLED
8881,C0961,P0499,2026-09-03,3196.11,CANCELLED
8882,C0912,P0221,2026-09-02,2940.2,REFUNDED
8883,C0426,P0185,2026-09-04,2618.19,CANCELLED
8884,C0842,P0106,2026-09-02,1394.54,REFUNDED
8885,C0378,P0382,2026-09-03,1299.01,CANCELLED
8886,C0814,P0046,2026-09-05,393.22,COMPLETED
8887,C0726,P0100,2026-09-03,109.98,CANCELLED
8888,C0060,P0472,2026-09-03,3265.68,REFUNDED
8889,C0844,P0489,2026-09-02,2056.17,REFUNDED
8890,C0632,P0194,2026-09-01,577.29,REFUNDED
8891,C0273,P0328,2026-09-05,4941.73,COMPLETED
8892,C0542,P0056,2026-09-05,4610.7,REFUNDED
8893,C0042,P0495,2026-09-01,2307.17,COMPLETED
8894,C0752,P0141,2026-09-05,2369.25,COMPLETED
8895,C0073,P0450,2026-09-04,3779.79,CANCELLED
8896,C0855,P0321,2026-09-05,2250.35,CANCELLED
8897,C0312,P0348,2026-09-05,4750.94,CANCELLED
8898,C0080,P0279,2026-09-01,3837.83,CANCELLED
8899,C0968,P0461,2026-09-05,1148.52,REFUNDED
8900,C0222,P0468,2026-09-04,2428.33,CANCELLED
8901,C0984,P0231,2026-09-02,2891.9,REFUNDED
8902,C0532,P0491,2026-09-02,1584.21,REFUNDED
8903,C0100,P0449,2026-09-03,1026.49,REFUNDED
8904,C0104,P0270,2026-09-01,1049.85,REFUNDED
8905,C0743,P0090,2026-09-05,4951.64,COMPLETED
8906,C0237,P0136,2026-09-05,233.01,CANCELLED
8907,C0545,P0467,2026-09-04,2662.64,CANCELLED
8908,C0395,P0348,2026-09-03,597.71,CANCELLED
8909,C0195,P0179,2026-09-02,4430.59,COMPLETED
8910,C0198,P0455,2026-09-02,2239.63,CANCELLED
8911,C0539,P0170,2026-09-05,2889.99,CANCELLED
8912,C0673,P0201,2026-09-03,3806.5,REFUNDED
8913,C0255,P0302,2026-09-02,4169.13,REFUNDED
8914,C0584,P0214,2026-09-02,4963.87,COMPLETED
8915,C0641,P0484,2026-09-03,1426.26,COMPLETED
8916,C0971,P0142,2026-09-04,166.95,CANCELLED
8917,C0184,P0159,2026-09-02,4613.47,REFUNDED
8918,C0572,P0098,2026-09-03,1376.85,COMPLETED
8919,C0768,P0022,2026-09-01,1503.94,REFUNDED
8920,C0572,P0297,2026-09-03,4726.83,CANCELLED
8921,C0426,P0267,2026-09-05,4060.26,REFUNDED
8922,C0765,P0360,2026-09-02,1704.23,REFUNDED
8923,C0109,P0176,2026-09-02,2979.99,REFUNDED
8924,C0785,P0428,2026-09-02,2266.31,COMPLETED
8925,C0654,P0314,2026-09-03,1175.88,CANCELLED
8926,C0591,P0063,2026-09-02,1204.8,COMPLETED
8927,C0367,P0222,2026-09-01,3326.8,CANCELLED
8928,C0691,P0408,2026-09-02,1550.04,COMPLETED
8929,C0470,P0233,2026-09-01,2844.99,REFUNDED
8930,C0720,P0291,2026-09-01,2065.43,COMPLETED
8931,C0682,P0496,2026-09-03,3521.58,COMPLETED
8932,C0438,P0406,2026-09-05,1745.09,CANCELLED
8933,C0905,P0406,2026-09-04,4703.61,CANCELLED
8934,C0107,P0178,2026-09-04,1182.62,REFUNDED
8935,C0171,P0148,2026-09-01,4928.91,COMPLETED
8936,C0812,P0057,2026-09-03,2426.22,COMPLETED
8937,C0185,P0497,2026-09-03,3414.54,REFUNDED
8938,C0564,P0005,2026-09-03,4101.79,CANCELLED
8939,C0412,P0256,2026-09-04,3648.12,REFUNDED
8940,C0517,P0475,2026-09-04,1832.96,REFUNDED
8941,C0346,P0351,2026-09-05,4539.01,CANCELLED
8942,C0674,P0076,2026-09-03,4388.35,REFUNDED
8943,C0162,P0239,2026-09-04,3797.8,REFUNDED
8944,C0547,P0349,2026-09-03,1590.03,CANCELLED
8945,C0615,P0077,2026-09-04,3488.92,CANCELLED
8946,C0454,P0268,2026-09-04,2949.05,REFUNDED
8947,C0956,P0495,2026-09-05,941.56,COMPLETED
8948,C0361,P0149,2026-09-03,3151.21,REFUNDED
8949,C0925,P0320,2026-09-03,4900.74,CANCELLED
8950,C0323,P0286,2026-09-02,1111.49,COMPLETED
8951,C0564,P0341,2026-09-03,1960.29,CANCELLED
8952,C0333,P0084,2026-09-02,602.76,CANCELLED
8953,C0866,P0156,2026-09-04,3711.51,REFUNDED
8954,C0381,P0250,2026-09-03,2414.23,CANCELLED
8955,C0423,P0148,2026-09-05,4165.79,CANCELLED
8956,C0783,P0034,2026-09-04,1215.02,COMPLETED
8957,C0649,P0410,2026-09-03,4972.53,CANCELLED
8958,C0441,P0151,2026-09-04,1121.46,CANCELLED
8959,C0846,P0008,2026-09-04,2861.23,COMPLETED
8960,C0744,P0233,2026-09-05,1552.02,COMPLETED
8961,C0332,P0021,2026-09-05,2166.48,COMPLETED
8962,C0624,P0112,2026-09-04,4569.54,COMPLETED
8963,C0247,P0145,2026-09-01,1401.58,COMPLETED
8964,C0577,P0423,2026-09-04,2501.78,REFUNDED
8965,C0559,P0304,2026-09-02,3627.73,CANCELLED
8966,C0220,P0064,2026-09-03,4649.02,COMPLETED
8967,C0385,P0028,2026-09-02,1020.58,CANCELLED
8968,C0785,P0251,2026-09-01,3743.93,COMPLETED
8969,C0564,P0157,2026-09-02,2822.78,REFUNDED
8970,C0949,P0003,2026-09-03,1777.53,COMPLETED
8971,C0763,P0221,2026-09-03,2653.96,CANCELLED
8972,C0261,P0181,2026-09-03,4296.22,CANCELLED
8973,C0369,P0339,2026-09-01,4850.26,REFUNDED
8974,C0985,P0428,2026-09-05,1255.83,CANCELLED
8975,C0464,P0001,2026-09-01,3127.58,COMPLETED
8976,C0459,P0026,2026-09-05,4335.5,REFUNDED
8977,C0983,P0129,2026-09-03,3311.32,COMPLETED
8978,C0407,P0071,2026-09-05,1970.7,COMPLETED
8979,C0001,P0180,2026-09-03,2293.51,CANCELLED
8980,C0744,P0450,2026-09-05,507.82,CANCELLED
8981,C0036,P0146,2026-09-01,3521.41,REFUNDED
8982,C0292,P0403,2026-09-03,4955.61,CANCELLED
8983,C0611,P0440,2026-09-02,4796.85,COMPLETED
8984,C0017,P0258,2026-09-04,1403.72,REFUNDED
8985,C0531,P0341,2026-09-05,1043.75,CANCELLED
8986,C0139,P0491,2026-09-02,665.62,REFUNDED
8987,C0912,P0394,2026-09-03,3837.28,REFUNDED
8988,C0310,P0288,2026-09-03,4591.18,COMPLETED
8989,C0007,P0080,2026-09-05,1983.06,CANCELLED
8990,C0308,P0489,2026-09-04,4689.27,CANCELLED
8991,C0228,P0045,2026-09-04,2180.58,CANCELLED
8992,C0220,P0366,2026-09-03,1858.19,COMPLETED
8993,C0877,P0139,2026-09-04,2818.11,CANCELLED
8994,C0323,P0074,2026-09-02,551.28,COMPLETED
8995,C0023,P0376,2026-09-01,4369.93,CANCELLED
8996,C0791,P0101,2026-09-02,4132.54,REFUNDED
8997,C0842,P0222,2026-09-01,2339.41,COMPLETED
8998,C0966,P0300,2026-09-04,670.21,CANCELLED
8999,C0707,P0471,2026-09-03,4410.14,CANCELLED
9000,C0843,P0042,2026-09-02,651.1,REFUNDED
9001,C0283,P0149,2026-09-02,724.43,REFUNDED
9002,C0942,P0113,2026-09-03,171.26,CANCELLED
9003,C0567,P0017,2026-09-05,3502.56,COMPLETED
9004,C0524,P0243,2026-09-01,2957.87,CANCELLED
9005,C0570,P0478,2026-09-03,3081.16,REFUNDED
9006,C0585,P0182,2026-09-02,4675.59,CANCELLED
9007,C0949,P0128,2026-09-04,1886.42,REFUNDED
9008,C0586,P0416,2026-09-01,1351.72,CANCELLED
9009,C0159,P0348,2026-09-03,1546.19,CANCELLED
9010,C0097,P0327,2026-09-01,1082.7,CANCELLED
9011,C0039,P0198,2026-09-03,2983.02,COMPLETED
9012,C0472,P0217,2026-09-05,3485.11,CANCELLED
9013,C0365,P0205,2026-09-05,2266.91,CANCELLED
9014,C0160,P0496,2026-09-02,553.04,REFUNDED
9015,C0142,P0463,2026-09-02,1515.05,REFUNDED
9016,C0272,P0051,2026-09-02,4887.04,REFUNDED
9017,C0376,P0458,2026-09-04,3247.15,CANCELLED
9018,C0911,P0134,2026-09-01,1835.07,REFUNDED
9019,C0597,P0472,2026-09-03,74.27,REFUNDED
9020,C0256,P0155,2026-09-03,4375.96,COMPLETED
9021,C0239,P0306,2026-09-03,3016.53,CANCELLED
9022,C0263,P0160,2026-09-02,1224.82,COMPLETED
9023,C0831,P0089,2026-09-01,3323.99,COMPLETED
9024,C0308,P0289,2026-09-04,2403.41,COMPLETED
9025,C0095,P0224,2026-09-05,4207.64,CANCELLED
9026,C0585,P0348,2026-09-04,540.33,REFUNDED
9027,C0410,P0449,2026-09-02,2727.98,REFUNDED
9028,C0583,P0166,2026-09-04,2005.84,CANCELLED
9029,C0940,P0412,2026-09-02,4771.13,CANCELLED
9030,C0223,P0297,2026-09-01,2936.8,CANCELLED
9031,C0752,P0072,2026-09-01,797.03,REFUNDED
9032,C0080,P0350,2026-09-01,1644.66,REFUNDED
9033,C0741,P0394,2026-09-05,3041.47,COMPLETED
9034,C0333,P0103,2026-09-01,4268.61,COMPLETED
9035,C0812,P0129,2026-09-04,321.06,REFUNDED
9036,C0495,P0070,2026-09-05,168.08,CANCELLED
9037,C0178,P0214,2026-09-03,4623.39,CANCELLED
9038,C0500,P0284,2026-09-02,1977.68,COMPLETED
9039,C0846,P0103,2026-09-02,315.3,COMPLETED
9040,C0921,P0155,2026-09-01,287.16,CANCELLED
9041,C0707,P0157,2026-09-01,447.01,REFUNDED
9042,C0720,P0044,2026-09-03,4794.18,REFUNDED
9043,C0591,P0153,2026-09-05,4104.13,COMPLETED
9044,C0840,P0291,2026-09-04,3352.75,REFUNDED
9045,C0930,P0475,2026-09-01,3761.74,CANCELLED
9046,C0098,P0322,2026-09-05,461.66,REFUNDED
9047,C0610,P0237,2026-09-03,1667.18,REFUNDED
9048,C0658,P0280,2026-09-03,415.31,CANCELLED
9049,C0308,P0094,2026-09-02,398.55,CANCELLED
9050,C0039,P0193,2026-09-02,2947.83,COMPLETED
9051,C0749,P0401,2026-09-03,1003.01,COMPLETED
9052,C0828,P0449,2026-09-03,1326.72,REFUNDED
9053,C0591,P0427,2026-09-02,1299.27,CANCELLED
9054,C0391,P0224,2026-09-04,3868.01,CANCELLED
9055,C0081,P0050,2026-09-05,3136.26,CANCELLED
9056,C0799,P0071,2026-09-04,2595.64,REFUNDED
9057,C0058,P0270,2026-09-03,739.61,REFUNDED
9058,C0944,P0227,2026-09-03,484.21,REFUNDED
9059,C0790,P0356,2026-09-04,1193.39,REFUNDED
9060,C0343,P0161,2026-09-01,282.05,COMPLETED
9061,C0357,P0258,2026-09-01,3712.34,COMPLETED
9062,C0901,P0479,2026-09-04,2584.37,COMPLETED
9063,C0837,P0351,2026-09-02,3292.99,COMPLETED
9064,C0445,P0365,2026-09-02,1006.43,REFUNDED
9065,C0427,P0184,2026-09-01,4275.79,REFUNDED
9066,C0953,P0240,2026-09-05,3346.75,CANCELLED
9067,C0889,P0182,2026-09-04,1908.57,CANCELLED
9068,C0124,P0219,2026-09-03,2886.16,COMPLETED
9069,C0891,P0239,2026-09-02,303.61,CANCELLED
9070,C0789,P0216,2026-09-02,3417.98,COMPLETED
9071,C0233,P0493,2026-09-04,4753.05,COMPLETED
9072,C0766,P0211,2026-09-04,4570.37,REFUNDED
9073,C0669,P0237,2026-09-04,4108.6,CANCELLED
9074,C0870,P0015,2026-09-02,4270.85,COMPLETED
9075,C0617,P0468,2026-09-05,2416.45,CANCELLED
9076,C0951,P0287,2026-09-04,1023.38,REFUNDED
9077,C0012,P0014,2026-09-04,4664.23,REFUNDED
9078,C0650,P0491,2026-09-03,414.2,COMPLETED
9079,C0797,P0393,2026-09-04,1355.3,COMPLETED
9080,C0648,P0216,2026-09-02,1348.88,CANCELLED
9081,C0392,P0046,2026-09-02,668.1,COMPLETED
9082,C0056,P0387,2026-09-04,3397.53,CANCELLED
9083,C0313,P0072,2026-09-01,4722.48,REFUNDED
9084,C0537,P0315,2026-09-01,2357.71,REFUNDED
9085,C0043,P0465,2026-09-03,3159.08,CANCELLED
9086,C0327,P0155,2026-09-01,3159.24,CANCELLED
9087,C0553,P0403,2026-09-01,2092.83,CANCELLED
9088,C0579,P0125,2026-09-03,4510.17,COMPLETED
9089,C0154,P0298,2026-09-02,1845.86,REFUNDED
9090,C0335,P0263,2026-09-04,1619.2,REFUNDED
9091,C0515,P0192,2026-09-05,2124.01,CANCELLED
9092,C0715,P0066,2026-09-01,3049.25,COMPLETED
9093,C0227,P0318,2026-09-01,675.9,REFUNDED
9094,C0157,P0279,2026-09-03,405.52,COMPLETED
9095,C0052,P0461,2026-09-03,4957.01,REFUNDED
9096,C0690,P0290,2026-09-05,2757.4,REFUNDED
9097,C0750,P0450,2026-09-01,4399.99,CANCELLED
9098,C0403,P0151,2026-09-01,153.91,CANCELLED
9099,C0995,P0028,2026-09-01,1105.95,REFUNDED
9100,C0457,P0387,2026-09-02,453.98,COMPLETED
9101,C0771,P0433,2026-09-04,3649.81,CANCELLED
9102,C0610,P0202,2026-09-02,2018.29,COMPLETED
9103,C0590,P0065,2026-09-02,1472.76,REFUNDED
9104,C0517,P0207,2026-09-01,2429.43,CANCELLED
9105,C0093,P0344,2026-09-03,362.5,CANCELLED
9106,C0228,P0004,2026-09-02,3166.98,COMPLETED
9107,C0443,P0237,2026-09-03,4875.0,CANCELLED
9108,C0297,P0414,2026-09-04,1155.55,COMPLETED
9109,C0806,P0391,2026-09-02,193.83,REFUNDED
9110,C0404,P0448,2026-09-01,988.44,CANCELLED
9111,C0152,P0266,2026-09-04,1345.9,REFUNDED
9112,C0136,P0236,2026-09-01,626.02,COMPLETED
9113,C0345,P0430,2026-09-05,3157.57,COMPLETED
9114,C0085,P0028,2026-09-03,3057.38,CANCELLED
9115,C0488,P0044,2026-09-02,2146.62,COMPLETED
9116,C0586,P0029,2026-09-05,986.91,REFUNDED
9117,C0764,P0139,2026-09-01,4569.65,CANCELLED
9118,C0051,P0425,2026-09-02,3066.97,COMPLETED
9119,C0562,P0333,2026-09-04,377.28,COMPLETED
9120,C0409,P0055,2026-09-05,4245.7,CANCELLED
9121,C0269,P0171,2026-09-01,2201.0,COMPLETED
9122,C0088,P0305,2026-09-04,124.01,COMPLETED
9123,C0409,P0050,2026-09-02,1256.9,CANCELLED
9124,C0514,P0421,2026-09-01,1165.37,CANCELLED
9125,C0445,P0149,2026-09-02,2908.16,COMPLETED
9126,C0793,P0290,2026-09-01,385.21,COMPLETED
9127,C0715,P0247,2026-09-02,2879.25,REFUNDED
9128,C0134,P0354,2026-09-04,1179.17,REFUNDED
9129,C0781,P0170,2026-09-05,939.44,CANCELLED
9130,C0139,P0443,2026-09-03,1749.28,REFUNDED
9131,C0493,P0032,2026-09-03,3952.55,CANCELLED
9132,C0573,P0063,2026-09-02,2691.62,COMPLETED
9133,C0203,P0380,2026-09-05,4433.28,CANCELLED
9134,C0500,P0300,2026-09-04,3193.57,COMPLETED
9135,C0405,P0346,2026-09-02,2041.48,REFUNDED
9136,C0668,P0262,2026-09-01,2298.36,COMPLETED
9137,C0586,P0379,2026-09-05,553.41,REFUNDED
9138,C0201,P0368,2026-09-02,1933.64,CANCELLED
9139,C0575,P0028,2026-09-05,3032.39,CANCELLED
9140,C0631,P0360,2026-09-04,2332.42,REFUNDED
9141,C0754,P0105,2026-09-02,1337.18,COMPLETED
9142,C0537,P0265,2026-09-03,4236.29,REFUNDED
9143,C0253,P0074,2026-09-02,2859.97,COMPLETED
9144,C0249,P0288,2026-09-03,4236.02,REFUNDED
9145,C0074,P0380,2026-09-05,868.81,REFUNDED
9146,C0273,P0496,2026-09-03,973.18,COMPLETED
9147,C0796,P0254,2026-09-02,965.8,CANCELLED
9148,C0441,P0070,2026-09-02,3093.76,COMPLETED
9149,C0332,P0115,2026-09-02,3819.97,REFUNDED
9150,C0702,P0459,2026-09-02,1327.78,REFUNDED
9151,C0947,P0346,2026-09-02,3434.78,COMPLETED
9152,C0590,P0328,2026-09-04,1428.18,CANCELLED
9153,C0092,P0437,2026-09-02,4809.1,COMPLETED
9154,C0116,P0080,2026-09-05,4017.1,CANCELLED
9155,C0688,P0155,2026-09-02,3747.61,COMPLETED
9156,C0424,P0322,2026-09-05,2174.56,COMPLETED
9157,C0434,P0160,2026-09-05,3532.2,COMPLETED
9158,C0375,P0369,2026-09-05,2733.54,REFUNDED
9159,C0357,P0480,2026-09-02,2561.11,REFUNDED
9160,C0196,P0004,2026-09-01,4366.94,COMPLETED
9161,C0329,P0413,2026-09-03,4424.78,COMPLETED
9162,C0353,P0249,2026-09-03,418.21,REFUNDED
9163,C0609,P0320,2026-09-04,3926.61,CANCELLED
9164,C0672,P0353,2026-09-02,1151.69,CANCELLED
9165,C0025,P0103,2026-09-03,279.34,CANCELLED
9166,C0789,P0059,2026-09-02,1324.64,COMPLETED
9167,C0313,P0035,2026-09-02,3044.75,REFUNDED
9168,C0174,P0001,2026-09-02,2622.7,REFUNDED
9169,C0359,P0079,2026-09-04,1636.35,CANCELLED
9170,C0632,P0310,2026-09-04,2523.43,COMPLETED
9171,C0842,P0451,2026-09-01,471.61,CANCELLED
9172,C0823,P0062,2026-09-05,1703.02,REFUNDED
9173,C0453,P0267,2026-09-03,3527.28,CANCELLED
9174,C0639,P0050,2026-09-01,2989.47,COMPLETED
9175,C0150,P0127,2026-09-04,3316.63,REFUNDED
9176,C0452,P0105,2026-09-04,3486.55,COMPLETED
9177,C0046,P0054,2026-09-01,3866.07,REFUNDED
9178,C0947,P0243,2026-09-01,4553.74,COMPLETED
9179,C0838,P0013,2026-09-05,3508.07,REFUNDED
9180,C0240,P0427,2026-09-04,876.15,REFUNDED
9181,C0205,P0259,2026-09-01,2433.33,COMPLETED
9182,C0702,P0228,2026-09-05,2420.6,COMPLETED
9183,C0383,P0201,2026-09-02,3068.26,COMPLETED
9184,C0160,P0029,2026-09-04,900.07,CANCELLED
9185,C0776,P0475,2026-09-05,1813.84,REFUNDED
9186,C0746,P0063,2026-09-04,534.95,REFUNDED
9187,C0874,P0154,2026-09-01,802.12,COMPLETED
9188,C0088,P0208,2026-09-05,3580.53,REFUNDED
9189,C0116,P0248,2026-09-02,1368.91,COMPLETED
9190,C0758,P0095,2026-09-02,1981.36,REFUNDED
9191,C0056,P0420,2026-09-04,1215.13,COMPLETED
9192,C0249,P0121,2026-09-01,883.08,COMPLETED
9193,C0972,P0431,2026-09-01,2091.66,REFUNDED
9194,C0636,P0435,2026-09-01,4437.31,COMPLETED
9195,C0949,P0280,2026-09-04,4834.8,CANCELLED
9196,C0152,P0134,2026-09-01,2006.59,CANCELLED
9197,C0890,P0421,2026-09-02,161.31,REFUNDED
9198,C0853,P0314,2026-09-04,771.48,REFUNDED
9199,C0840,P0349,2026-09-01,1653.8,CANCELLED
9200,C0295,P0225,2026-09-03,1519.94,CANCELLED
9201,C0015,P0440,2026-09-05,2699.18,CANCELLED
9202,C0352,P0337,2026-09-02,83.23,CANCELLED
9203,C0711,P0316,2026-09-05,3131.32,CANCELLED
9204,C0824,P0064,2026-09-05,1756.27,COMPLETED
9205,C0114,P0222,2026-09-02,3115.18,CANCELLED
9206,C0313,P0075,2026-09-01,2860.48,CANCELLED
9207,C0461,P0326,2026-09-04,2474.04,CANCELLED
9208,C0483,P0012,2026-09-04,3859.33,CANCELLED
9209,C0024,P0095,2026-09-03,3621.35,CANCELLED
9210,C0340,P0073,2026-09-05,4852.35,CANCELLED
9211,C0215,P0420,2026-09-03,3993.44,CANCELLED
9212,C0758,P0382,2026-09-04,1018.05,CANCELLED
9213,C0551,P0337,2026-09-04,4161.36,CANCELLED
9214,C0217,P0124,2026-09-02,4884.89,REFUNDED
9215,C0209,P0088,2026-09-03,4270.94,COMPLETED
9216,C0560,P0262,2026-09-04,1613.44,COMPLETED
9217,C0536,P0380,2026-09-03,1763.97,CANCELLED
9218,C0769,P0359,2026-09-02,2843.41,REFUNDED
9219,C0265,P0280,2026-09-02,3235.32,COMPLETED
9220,C0562,P0103,2026-09-02,772.94,REFUNDED
9221,C0495,P0244,2026-09-02,3613.07,CANCELLED
9222,C0638,P0246,2026-09-02,1383.69,REFUNDED
9223,C0748,P0149,2026-09-02,472.43,CANCELLED
9224,C0145,P0149,2026-09-02,368.73,COMPLETED
9225,C0712,P0342,2026-09-05,3393.29,CANCELLED
9226,C0716,P0052,2026-09-01,4938.81,REFUNDED
9227,C0685,P0492,2026-09-01,4817.72,REFUNDED
9228,C0019,P0302,2026-09-05,2307.45,COMPLETED
9229,C0386,P0253,2026-09-03,1131.17,COMPLETED
9230,C0597,P0189,2026-09-03,2662.14,COMPLETED
9231,C0928,P0342,2026-09-02,784.67,COMPLETED
9232,C0680,P0141,2026-09-03,1807.97,CANCELLED
9233,C0540,P0201,2026-09-05,4791.32,REFUNDED
9234,C0045,P0198,2026-09-05,2341.93,COMPLETED
9235,C0262,P0358,2026-09-02,2183.89,REFUNDED
9236,C0175,P0410,2026-09-02,561.88,CANCELLED
9237,C0062,P0055,2026-09-02,1855.6,CANCELLED
9238,C0291,P0238,2026-09-03,2800.27,COMPLETED
9239,C0206,P0214,2026-09-04,3664.9,COMPLETED
9240,C0809,P0417,2026-09-01,843.82,COMPLETED
9241,C0714,P0218,2026-09-04,1079.57,REFUNDED
9242,C0633,P0076,2026-09-02,3992.59,REFUNDED
9243,C0278,P0015,2026-09-05,2738.05,REFUNDED
9244,C0055,P0146,2026-09-03,1839.39,COMPLETED
9245,C0477,P0235,2026-09-02,4783.39,COMPLETED
9246,C0671,P0062,2026-09-03,208.76,REFUNDED
9247,C0968,P0289,2026-09-01,4741.28,COMPLETED
9248,C0009,P0200,2026-09-04,3512.16,COMPLETED
9249,C0069,P0006,2026-09-02,2911.28,REFUNDED
9250,C0398,P0298,2026-09-04,872.34,COMPLETED
9251,C0677,P0156,2026-09-02,1301.09,COMPLETED
9252,C0278,P0018,2026-09-01,3205.59,CANCELLED
9253,C0679,P0331,2026-09-01,739.61,REFUNDED
9254,C0873,P0334,2026-09-05,2358.37,REFUNDED
9255,C0935,P0458,2026-09-01,4809.67,COMPLETED
9256,C0676,P0337,2026-09-03,4200.87,CANCELLED
9257,C0369,P0318,2026-09-04,897.85,REFUNDED
9258,C0886,P0228,2026-09-04,597.62,REFUNDED
9259,C0111,P0022,2026-09-03,4445.48,CANCELLED
9260,C0020,P0465,2026-09-01,3430.61,CANCELLED
9261,C0300,P0465,2026-09-02,2632.43,REFUNDED
9262,C0889,P0182,2026-09-01,1053.48,COMPLETED
9263,C0905,P0493,2026-09-04,900.24,CANCELLED
9264,C0665,P0072,2026-09-03,2234.81,COMPLETED
9265,C0396,P0240,2026-09-02,3595.53,COMPLETED
9266,C0237,P0452,2026-09-05,4908.87,CANCELLED
9267,C0390,P0371,2026-09-03,3824.36,CANCELLED
9268,C0521,P0235,2026-09-01,1488.51,COMPLETED
9269,C0727,P0142,2026-09-05,1777.23,CANCELLED
9270,C0102,P0005,2026-09-03,960.27,COMPLETED
9271,C0926,P0082,2026-09-02,2386.08,CANCELLED
9272,C0324,P0184,2026-09-01,82.59,COMPLETED
9273,C0497,P0257,2026-09-01,3105.05,CANCELLED
9274,C0888,P0439,2026-09-02,4232.52,CANCELLED
9275,C0612,P0441,2026-09-04,2774.55,CANCELLED
9276,C0545,P0258,2026-09-02,731.75,REFUNDED
9277,C0091,P0108,2026-09-04,2376.3,COMPLETED
9278,C0191,P0179,2026-09-01,4156.54,CANCELLED
9279,C0204,P0463,2026-09-05,393.31,REFUNDED
9280,C0513,P0362,2026-09-03,3425.3,COMPLETED
9281,C0990,P0269,2026-09-04,842.82,REFUNDED
9282,C0469,P0200,2026-09-02,3084.71,CANCELLED
9283,C0575,P0263,2026-09-05,2177.92,CANCELLED
9284,C0949,P0033,2026-09-04,4445.72,REFUNDED
9285,C0730,P0090,2026-09-03,3164.69,CANCELLED
9286,C0023,P0336,2026-09-04,1664.92,CANCELLED
9287,C0041,P0078,2026-09-01,827.2,COMPLETED
9288,C0254,P0181,2026-09-03,3670.28,COMPLETED
9289,C0945,P0336,2026-09-03,1669.83,CANCELLED
9290,C0543,P0369,2026-09-04,1693.48,CANCELLED
9291,C0313,P0289,2026-09-01,3437.93,REFUNDED
9292,C0342,P0174,2026-09-03,146.45,COMPLETED
9293,C0502,P0236,2026-09-03,4787.13,REFUNDED
9294,C0403,P0367,2026-09-03,4430.76,CANCELLED
9295,C0763,P0440,2026-09-05,210.19,REFUNDED
9296,C0161,P0403,2026-09-01,618.38,COMPLETED
9297,C0019,P0072,2026-09-02,1552.69,CANCELLED
9298,C0356,P0143,2026-09-01,2711.94,REFUNDED
9299,C0701,P0402,2026-09-03,1316.87,REFUNDED
9300,C0361,P0391,2026-09-01,688.04,CANCELLED
9301,C0364,P0338,2026-09-04,2174.91,COMPLETED
9302,C0641,P0156,2026-09-03,905.95,COMPLETED
9303,C0310,P0473,2026-09-01,3465.9,COMPLETED
9304,C0242,P0202,2026-09-01,113.68,REFUNDED
9305,C0514,P0035,2026-09-05,2120.79,CANCELLED
9306,C0283,P0470,2026-09-03,4980.36,COMPLETED
9307,C0832,P0430,2026-09-03,716.47,CANCELLED
9308,C0064,P0331,2026-09-04,1241.1,REFUNDED
9309,C0641,P0248,2026-09-03,239.52,CANCELLED
9310,C0264,P0193,2026-09-01,3741.82,CANCELLED
9311,C0900,P0493,2026-09-05,2668.29,COMPLETED
9312,C0397,P0242,2026-09-01,63.96,CANCELLED
9313,C0912,P0311,2026-09-05,4526.85,COMPLETED
9314,C0835,P0338,2026-09-04,3364.84,REFUNDED
9315,C0031,P0093,2026-09-05,3429.87,COMPLETED
9316,C0967,P0295,2026-09-02,4391.92,COMPLETED
9317,C0569,P0363,2026-09-05,3216.74,COMPLETED
9318,C0972,P0475,2026-09-03,1027.58,REFUNDED
9319,C0287,P0260,2026-09-04,2311.64,CANCELLED
9320,C0231,P0398,2026-09-05,4044.05,REFUNDED
9321,C0156,P0338,2026-09-04,2892.86,REFUNDED
9322,C0350,P0270,2026-09-03,4904.02,COMPLETED
9323,C0919,P0133,2026-09-02,3849.22,CANCELLED
9324,C0403,P0067,2026-09-01,750.65,CANCELLED
9325,C0673,P0358,2026-09-04,4785.67,COMPLETED
9326,C0141,P0166,2026-09-01,199.17,COMPLETED
9327,C0090,P0302,2026-09-02,3050.42,CANCELLED
9328,C0748,P0490,2026-09-01,4362.44,REFUNDED
9329,C0392,P0298,2026-09-03,3561.85,COMPLETED
9330,C0534,P0179,2026-09-02,1144.51,REFUNDED
9331,C0984,P0300,2026-09-04,2139.03,CANCELLED
9332,C0695,P0317,2026-09-02,4504.27,REFUNDED
9333,C0628,P0425,2026-09-01,2160.05,REFUNDED
9334,C0894,P0207,2026-09-01,1958.26,REFUNDED
9335,C0641,P0035,2026-09-05,2812.85,COMPLETED
9336,C0703,P0024,2026-09-04,3648.07,REFUNDED
9337,C0233,P0016,2026-09-01,1562.47,REFUNDED
9338,C0428,P0437,2026-09-02,1281.21,REFUNDED
9339,C0247,P0376,2026-09-01,4297.73,REFUNDED
9340,C0587,P0082,2026-09-02,1308.48,CANCELLED
9341,C0157,P0119,2026-09-03,1428.32,REFUNDED
9342,C0437,P0050,2026-09-01,1300.97,CANCELLED
9343,C0994,P0341,2026-09-02,4717.19,COMPLETED
9344,C0320,P0055,2026-09-05,1978.2,CANCELLED
9345,C0932,P0256,2026-09-02,2207.68,REFUNDED
9346,C0620,P0479,2026-09-04,1356.32,REFUNDED
9347,C0338,P0348,2026-09-05,2348.32,CANCELLED
9348,C0460,P0244,2026-09-04,201.61,REFUNDED
9349,C0556,P0166,2026-09-04,2755.65,REFUNDED
9350,C0135,P0390,2026-09-05,1486.24,COMPLETED
9351,C0212,P0119,2026-09-05,3685.18,REFUNDED
9352,C0669,P0396,2026-09-04,2783.98,REFUNDED
9353,C0142,P0414,2026-09-04,544.27,REFUNDED
9354,C0595,P0470,2026-09-01,3657.9,REFUNDED
9355,C0555,P0376,2026-09-05,520.17,CANCELLED
9356,C0701,P0408,2026-09-05,2065.72,CANCELLED
9357,C0820,P0122,2026-09-04,756.37,CANCELLED
9358,C0208,P0054,2026-09-02,4729.59,REFUNDED
9359,C0884,P0461,2026-09-01,4159.17,CANCELLED
9360,C0142,P0451,2026-09-02,891.28,CANCELLED
9361,C0317,P0090,2026-09-04,67.79,CANCELLED
9362,C0706,P0373,2026-09-04,691.49,CANCELLED
9363,C0723,P0457,2026-09-04,524.67,CANCELLED
9364,C0921,P0197,2026-09-02,1825.39,COMPLETED
9365,C0537,P0387,2026-09-01,1623.36,COMPLETED
9366,C0932,P0499,2026-09-05,139.88,REFUNDED
9367,C0139,P0216,2026-09-02,3068.71,COMPLETED
9368,C0441,P0473,2026-09-02,4039.97,COMPLETED
9369,C0931,P0033,2026-09-04,3095.61,CANCELLED
9370,C1000,P0032,2026-09-04,4892.21,COMPLETED
9371,C0789,P0314,2026-09-01,2107.73,CANCELLED
9372,C0149,P0129,2026-09-04,3667.5,COMPLETED
9373,C0672,P0059,2026-09-03,3875.54,CANCELLED
9374,C0956,P0020,2026-09-05,654.74,COMPLETED
9375,C0579,P0434,2026-09-05,4190.46,REFUNDED
9376,C0940,P0384,2026-09-05,3556.32,REFUNDED
9377,C0162,P0038,2026-09-05,1893.77,CANCELLED
9378,C0326,P0227,2026-09-04,3505.75,CANCELLED
9379,C0070,P0391,2026-09-05,3496.75,REFUNDED
9380,C0571,P0192,2026-09-04,709.14,CANCELLED
9381,C0546,P0311,2026-09-03,3976.26,CANCELLED
9382,C0972,P0324,2026-09-02,2785.74,CANCELLED
9383,C0737,P0431,2026-09-02,287.57,CANCELLED
9384,C0122,P0016,2026-09-05,2540.91,COMPLETED
9385,C0189,P0473,2026-09-03,2763.83,COMPLETED
9386,C0326,P0090,2026-09-02,4921.33,REFUNDED
9387,C0860,P0165,2026-09-01,3257.21,REFUNDED
9388,C0901,P0056,2026-09-05,3198.01,CANCELLED
9389,C0150,P0358,2026-09-01,1213.31,CANCELLED
9390,C0745,P0231,2026-09-04,4610.11,REFUNDED
9391,C0031,P0194,2026-09-03,3713.84,REFUNDED
9392,C0784,P0069,2026-09-03,4775.5,CANCELLED
9393,C0327,P0327,2026-09-02,4261.62,COMPLETED
9394,C0902,P0294,2026-09-01,1565.01,COMPLETED
9395,C0997,P0285,2026-09-05,4975.54,REFUNDED
9396,C0424,P0103,2026-09-05,913.07,CANCELLED
9397,C0985,P0101,2026-09-03,1732.32,CANCELLED
9398,C0422,P0130,2026-09-02,4358.31,CANCELLED
9399,C0311,P0252,2026-09-02,1032.46,COMPLETED
9400,C0454,P0225,2026-09-01,1852.46,REFUNDED
9401,C0764,P0348,2026-09-02,3869.36,REFUNDED
9402,C0957,P0147,2026-09-01,480.35,REFUNDED
9403,C0842,P0116,2026-09-02,4577.45,COMPLETED
9404,C0916,P0104,2026-09-01,3892.65,CANCELLED
9405,C0653,P0380,2026-09-05,4094.5,CANCELLED
9406,C0956,P0083,2026-09-01,1630.74,COMPLETED
9407,C0757,P0223,2026-09-03,3444.82,REFUNDED
9408,C0281,P0417,2026-09-01,4182.38,CANCELLED
9409,C0156,P0271,2026-09-03,2341.88,COMPLETED
9410,C0798,P0415,2026-09-04,3535.42,REFUNDED
9411,C0193,P0405,2026-09-04,2783.21,COMPLETED
9412,C0110,P0099,2026-09-03,926.98,REFUNDED
9413,C0135,P0045,2026-09-03,249.87,REFUNDED
9414,C0190,P0299,2026-09-05,458.16,COMPLETED
9415,C0027,P0013,2026-09-04,2253.45,COMPLETED
9416,C0781,P0323,2026-09-03,2681.04,REFUNDED
9417,C0627,P0492,2026-09-04,142.47,CANCELLED
9418,C0632,P0343,2026-09-01,1227.9,REFUNDED
9419,C0274,P0050,2026-09-01,1310.9,COMPLETED
9420,C0621,P0105,2026-09-01,4821.01,CANCELLED
9421,C0581,P0018,2026-09-02,4021.59,CANCELLED
9422,C0628,P0415,2026-09-04,2691.55,REFUNDED
9423,C0237,P0072,2026-09-05,3997.78,COMPLETED
9424,C0611,P0458,2026-09-04,84.62,REFUNDED
9425,C0238,P0003,2026-09-04,3808.2,CANCELLED
9426,C0237,P0185,2026-09-03,2380.89,COMPLETED
9427,C0704,P0397,2026-09-03,4192.01,CANCELLED
9428,C0027,P0209,2026-09-05,2187.24,REFUNDED
9429,C0368,P0291,2026-09-04,4006.4,CANCELLED
9430,C0082,P0280,2026-09-04,4255.25,COMPLETED
9431,C0705,P0443,2026-09-04,1582.02,REFUNDED
9432,C0799,P0037,2026-09-03,4510.4,COMPLETED
9433,C0489,P0175,2026-09-05,931.55,COMPLETED
9434,C0138,P0095,2026-09-04,4958.69,CANCELLED
9435,C0515,P0350,2026-09-05,1139.92,COMPLETED
9436,C0867,P0374,2026-09-04,4788.53,COMPLETED
9437,C0620,P0491,2026-09-03,1675.96,REFUNDED
9438,C0481,P0467,2026-09-01,3476.08,CANCELLED
9439,C0730,P0373,2026-09-04,1510.33,COMPLETED
9440,C0666,P0329,2026-09-02,3667.65,REFUNDED
9441,C0383,P0271,2026-09-04,3001.47,CANCELLED
9442,C0189,P0255,2026-09-03,946.18,REFUNDED
9443,C0873,P0098,2026-09-04,1663.63,REFUNDED
9444,C0397,P0427,2026-09-01,3977.59,COMPLETED
9445,C0504,P0107,2026-09-03,2839.48,REFUNDED
9446,C0486,P0293,2026-09-03,2242.63,REFUNDED
9447,C0141,P0424,2026-09-01,2252.34,COMPLETED
9448,C0168,P0243,2026-09-01,3017.94,CANCELLED
9449,C0198,P0257,2026-09-04,4913.64,CANCELLED
9450,C0232,P0181,2026-09-02,486.9,CANCELLED
9451,C0034,P0183,2026-09-03,3419.07,CANCELLED
9452,C0419,P0317,2026-09-03,3937.01,CANCELLED
9453,C0783,P0461,2026-09-02,4947.72,COMPLETED
9454,C0993,P0287,2026-09-04,3997.53,CANCELLED
9455,C0016,P0437,2026-09-02,1156.32,CANCELLED
9456,C0948,P0071,2026-09-01,3557.77,CANCELLED
9457,C0277,P0411,2026-09-05,3805.05,REFUNDED
9458,C0974,P0035,2026-09-04,2365.29,COMPLETED
9459,C0423,P0225,2026-09-03,4859.25,REFUNDED
9460,C0228,P0219,2026-09-05,2238.65,REFUNDED
9461,C0761,P0321,2026-09-04,1288.06,REFUNDED
9462,C0688,P0193,2026-09-05,3846.92,REFUNDED
9463,C0208,P0448,2026-09-02,3430.0,COMPLETED
9464,C0776,P0037,2026-09-04,484.43,COMPLETED
9465,C0210,P0292,2026-09-04,1975.82,REFUNDED
9466,C0068,P0041,2026-09-01,2769.99,CANCELLED
9467,C0182,P0066,2026-09-01,4895.58,CANCELLED
9468,C0950,P0401,2026-09-05,4251.9,REFUNDED
9469,C0978,P0265,2026-09-03,4841.5,REFUNDED
9470,C0450,P0153,2026-09-02,2873.68,CANCELLED
9471,C0888,P0052,2026-09-05,4562.24,COMPLETED
9472,C0632,P0061,2026-09-04,242.93,CANCELLED
9473,C0502,P0256,2026-09-02,3794.74,REFUNDED
9474,C0705,P0119,2026-09-03,4397.06,COMPLETED
9475,C0333,P0027,2026-09-02,3313.52,CANCELLED
9476,C0888,P0308,2026-09-01,4823.09,CANCELLED
9477,C0469,P0277,2026-09-03,948.59,REFUNDED
9478,C0909,P0170,2026-09-05,3894.11,REFUNDED
9479,C0253,P0012,2026-09-04,1047.02,COMPLETED
9480,C0438,P0115,2026-09-01,3561.13,CANCELLED
9481,C0415,P0421,2026-09-02,2995.81,CANCELLED
9482,C0795,P0482,2026-09-03,1911.01,REFUNDED
9483,C0043,P0149,2026-09-03,88.42,CANCELLED
9484,C0623,P0473,2026-09-01,2594.39,COMPLETED
9485,C0753,P0425,2026-09-02,1397.86,REFUNDED
9486,C0845,P0129,2026-09-05,2191.48,CANCELLED
9487,C0390,P0200,2026-09-02,3754.25,CANCELLED
9488,C0738,P0361,2026-09-04,693.03,CANCELLED
9489,C0321,P0184,2026-09-04,2562.56,REFUNDED
9490,C0404,P0035,2026-09-02,2909.95,CANCELLED
9491,C0627,P0447,2026-09-04,2605.26,COMPLETED
9492,C0962,P0447,2026-09-03,3106.27,CANCELLED
9493,C0761,P0081,2026-09-02,1175.04,CANCELLED
9494,C0586,P0496,2026-09-01,3449.95,REFUNDED
9495,C0609,P0148,2026-09-03,4607.37,REFUNDED
9496,C0550,P0039,2026-09-05,1439.78,CANCELLED
9497,C0538,P0274,2026-09-03,4517.39,COMPLETED
9498,C0657,P0295,2026-09-05,3715.34,REFUNDED
9499,C0897,P0124,2026-09-05,3751.12,COMPLETED
9500,C0722,P0437,2026-09-05,3666.09,CANCELLED
9501,C0806,P0266,2026-09-05,2882.61,REFUNDED
9502,C0040,P0478,2026-09-03,3787.75,COMPLETED
9503,C0534,P0313,2026-09-05,2421.86,CANCELLED
9504,C0112,P0257,2026-09-04,4425.09,CANCELLED
9505,C0463,P0160,2026-09-03,4235.92,CANCELLED
9506,C0468,P0205,2026-09-03,676.9,REFUNDED
9507,C0847,P0317,2026-09-04,570.41,COMPLETED
9508,C0899,P0030,2026-09-04,4536.5,CANCELLED
9509,C0044,P0280,2026-09-02,1675.38,REFUNDED
9510,C0899,P0358,2026-09-03,2000.04,CANCELLED
9511,C0252,P0457,2026-09-03,290.76,CANCELLED
9512,C0532,P0057,2026-09-03,3926.57,COMPLETED
9513,C0551,P0299,2026-09-03,4252.38,REFUNDED
9514,C0406,P0242,2026-09-02,1095.66,CANCELLED
9515,C0753,P0480,2026-09-03,3399.96,COMPLETED
9516,C0041,P0470,2026-09-03,3753.43,COMPLETED
9517,C0572,P0135,2026-09-01,4415.54,COMPLETED
9518,C0397,P0335,2026-09-03,3399.3,COMPLETED
9519,C0529,P0016,2026-09-05,4418.45,REFUNDED
9520,C0784,P0017,2026-09-01,770.39,CANCELLED
9521,C0646,P0174,2026-09-04,1859.2,CANCELLED
9522,C0986,P0216,2026-09-05,3231.41,COMPLETED
9523,C0051,P0134,2026-09-05,4719.76,COMPLETED
9524,C0195,P0103,2026-09-05,4310.86,COMPLETED
9525,C0299,P0172,2026-09-02,2584.9,CANCELLED
9526,C0451,P0455,2026-09-05,2587.02,CANCELLED
9527,C0408,P0392,2026-09-02,569.32,COMPLETED
9528,C0906,P0031,2026-09-03,3876.19,REFUNDED
9529,C0312,P0072,2026-09-03,1328.1,COMPLETED
9530,C0793,P0105,2026-09-05,1212.52,CANCELLED
9531,C0848,P0281,2026-09-04,2898.13,CANCELLED
9532,C0293,P0419,2026-09-03,2009.83,REFUNDED
9533,C0473,P0376,2026-09-02,1251.43,CANCELLED
9534,C0171,P0169,2026-09-05,3573.23,COMPLETED
9535,C0433,P0474,2026-09-03,4487.9,REFUNDED
9536,C0302,P0388,2026-09-04,92.34,COMPLETED
9537,C0628,P0340,2026-09-03,70.16,COMPLETED
9538,C0942,P0468,2026-09-01,1224.2,COMPLETED
9539,C0056,P0450,2026-09-05,2957.56,REFUNDED
9540,C0707,P0032,2026-09-05,3096.61,REFUNDED
9541,C0530,P0121,2026-09-02,4902.08,CANCELLED
9542,C0926,P0253,2026-09-02,4255.78,REFUNDED
9543,C0146,P0038,2026-09-02,4716.06,CANCELLED
9544,C0475,P0413,2026-09-01,3284.69,REFUNDED
9545,C0850,P0486,2026-09-05,1521.09,CANCELLED
9546,C0662,P0289,2026-09-03,1419.63,REFUNDED
9547,C0463,P0464,2026-09-05,2339.65,REFUNDED
9548,C0093,P0313,2026-09-04,4508.24,CANCELLED
9549,C0740,P0360,2026-09-02,3314.27,REFUNDED
9550,C0513,P0428,2026-09-05,4354.26,CANCELLED
9551,C0116,P0392,2026-09-04,1583.05,REFUNDED
9552,C0185,P0414,2026-09-02,596.08,CANCELLED
9553,C0798,P0019,2026-09-05,4816.9,REFUNDED
9554,C0600,P0178,2026-09-05,2286.9,CANCELLED
9555,C0961,P0037,2026-09-05,2928.58,REFUNDED
9556,C0916,P0487,2026-09-05,4150.28,REFUNDED
9557,C0713,P0214,2026-09-03,3731.9,REFUNDED
9558,C0560,P0307,2026-09-01,720.42,REFUNDED
9559,C0139,P0379,2026-09-02,3219.24,CANCELLED
9560,C0403,P0314,2026-09-02,4634.95,REFUNDED
9561,C0424,P0476,2026-09-01,1459.81,COMPLETED
9562,C0332,P0042,2026-09-01,1199.68,COMPLETED
9563,C0462,P0455,2026-09-05,3854.53,REFUNDED
9564,C0026,P0283,2026-09-04,4160.21,CANCELLED
9565,C0184,P0246,2026-09-02,4967.9,COMPLETED
9566,C0465,P0485,2026-09-01,590.17,COMPLETED
9567,C0605,P0067,2026-09-02,1985.45,CANCELLED
9568,C0919,P0139,2026-09-01,4686.58,COMPLETED
9569,C0730,P0371,2026-09-04,3681.45,CANCELLED
9570,C0918,P0022,2026-09-01,1284.95,REFUNDED
9571,C0207,P0054,2026-09-04,2919.71,COMPLETED
9572,C0904,P0019,2026-09-03,4602.04,CANCELLED
9573,C0466,P0255,2026-09-03,1086.02,REFUNDED
9574,C0093,P0260,2026-09-05,3075.56,COMPLETED
9575,C0257,P0116,2026-09-03,1680.48,CANCELLED
9576,C0332,P0333,2026-09-02,3152.04,REFUNDED
9577,C0709,P0180,2026-09-03,3567.66,COMPLETED
9578,C0665,P0221,2026-09-04,2860.07,COMPLETED
9579,C0929,P0245,2026-09-03,318.24,CANCELLED
9580,C0729,P0156,2026-09-03,4071.26,REFUNDED
9581,C0816,P0401,2026-09-04,3535.01,REFUNDED
9582,C0168,P0436,2026-09-05,2882.89,COMPLETED
9583,C0736,P0449,2026-09-02,2174.51,CANCELLED
9584,C0751,P0498,2026-09-02,2556.09,CANCELLED
9585,C0127,P0117,2026-09-01,1605.42,COMPLETED
9586,C0094,P0011,2026-09-02,2561.55,COMPLETED
9587,C0117,P0477,2026-09-01,1153.69,COMPLETED
9588,C0724,P0029,2026-09-01,3376.06,COMPLETED
9589,C0461,P0014,2026-09-03,1682.84,COMPLETED
9590,C0650,P0397,2026-09-03,3346.67,CANCELLED
9591,C0372,P0401,2026-09-05,3996.97,CANCELLED
9592,C0088,P0416,2026-09-04,406.61,CANCELLED
9593,C0537,P0101,2026-09-03,2410.91,REFUNDED
9594,C0725,P0274,2026-09-04,1581.68,REFUNDED
9595,C0394,P0312,2026-09-01,4127.87,COMPLETED
9596,C0745,P0441,2026-09-02,4955.36,COMPLETED
9597,C0811,P0195,2026-09-05,3402.09,CANCELLED
9598,C0999,P0350,2026-09-02,2469.59,CANCELLED
9599,C0524,P0351,2026-09-05,4778.46,COMPLETED
9600,C0627,P0378,2026-09-01,1092.05,COMPLETED
9601,C0973,P0010,2026-09-01,4980.59,REFUNDED
9602,C0164,P0283,2026-09-02,3278.17,COMPLETED
9603,C0388,P0247,2026-09-03,534.42,REFUNDED
9604,C0564,P0027,2026-09-01,3449.21,REFUNDED
9605,C0390,P0199,2026-09-02,2356.56,CANCELLED
9606,C0045,P0393,2026-09-01,4788.64,COMPLETED
9607,C0787,P0194,2026-09-02,514.9,CANCELLED
9608,C0175,P0357,2026-09-04,4609.97,REFUNDED
9609,C0935,P0065,2026-09-03,3202.26,REFUNDED
9610,C0344,P0221,2026-09-04,1006.86,COMPLETED
9611,C0580,P0360,2026-09-03,3305.07,REFUNDED
9612,C0893,P0219,2026-09-05,3227.5,CANCELLED
9613,C0676,P0282,2026-09-05,62.94,REFUNDED
9614,C0884,P0071,2026-09-04,2563.91,CANCELLED
9615,C0154,P0060,2026-09-02,1128.66,COMPLETED
9616,C0167,P0225,2026-09-03,2940.15,CANCELLED
9617,C0890,P0061,2026-09-05,785.63,COMPLETED
9618,C0149,P0460,2026-09-03,1026.99,CANCELLED
9619,C0184,P0316,2026-09-04,3572.42,COMPLETED
9620,C0788,P0463,2026-09-01,1641.66,COMPLETED
9621,C0730,P0189,2026-09-05,117.59,COMPLETED
9622,C0053,P0181,2026-09-04,4525.74,COMPLETED
9623,C0430,P0100,2026-09-01,2073.56,CANCELLED
9624,C0316,P0176,2026-09-05,2959.95,COMPLETED
9625,C0317,P0224,2026-09-05,1733.33,CANCELLED
9626,C0748,P0471,2026-09-02,4771.98,CANCELLED
9627,C0788,P0030,2026-09-01,1698.5,CANCELLED
9628,C0985,P0122,2026-09-03,3840.85,COMPLETED
9629,C0457,P0119,2026-09-03,3653.82,REFUNDED
9630,C0296,P0048,2026-09-05,1159.83,REFUNDED
9631,C0642,P0302,2026-09-03,3836.65,CANCELLED
9632,C0186,P0006,2026-09-02,4811.93,CANCELLED
9633,C0121,P0117,2026-09-03,4652.0,CANCELLED
9634,C0921,P0212,2026-09-03,3432.71,CANCELLED
9635,C0135,P0383,2026-09-04,1993.31,CANCELLED
9636,C0984,P0386,2026-09-04,1018.06,REFUNDED
9637,C0208,P0455,2026-09-02,2320.07,REFUNDED
9638,C0004,P0414,2026-09-01,1602.13,CANCELLED
9639,C0638,P0407,2026-09-01,3371.31,COMPLETED
9640,C0784,P0275,2026-09-02,1688.52,REFUNDED
9641,C0260,P0291,2026-09-05,638.46,REFUNDED
9642,C0013,P0024,2026-09-05,3134.19,CANCELLED
9643,C0470,P0411,2026-09-03,821.58,COMPLETED
9644,C0510,P0008,2026-09-01,2991.47,COMPLETED
9645,C0876,P0448,2026-09-02,315.47,CANCELLED
9646,C0511,P0369,2026-09-03,741.29,COMPLETED
9647,C0557,P0128,2026-09-02,683.4,REFUNDED
9648,C0827,P0417,2026-09-02,1375.8,COMPLETED
9649,C0006,P0030,2026-09-04,2462.13,COMPLETED
9650,C0623,P0040,2026-09-02,1495.49,REFUNDED
9651,C0904,P0030,2026-09-02,3971.44,COMPLETED
9652,C0506,P0065,2026-09-01,1682.21,CANCELLED
9653,C0244,P0225,2026-09-02,215.23,COMPLETED
9654,C0223,P0093,2026-09-02,1252.98,COMPLETED
9655,C0603,P0145,2026-09-03,1816.83,COMPLETED
9656,C0676,P0023,2026-09-04,1872.32,COMPLETED
9657,C0488,P0161,2026-09-03,3489.56,CANCELLED
9658,C0465,P0180,2026-09-02,4934.14,REFUNDED
9659,C0420,P0309,2026-09-03,257.41,COMPLETED
9660,C0453,P0336,2026-09-04,4910.69,REFUNDED
9661,C0082,P0456,2026-09-02,231.9,CANCELLED
9662,C0616,P0126,2026-09-01,2084.81,CANCELLED
9663,C0615,P0150,2026-09-01,2377.8,REFUNDED
9664,C0007,P0067,2026-09-03,414.53,CANCELLED
9665,C0251,P0311,2026-09-02,2119.58,COMPLETED
9666,C0904,P0204,2026-09-04,1580.38,REFUNDED
9667,C0561,P0246,2026-09-05,4688.24,CANCELLED
9668,C0285,P0337,2026-09-04,3975.19,COMPLETED
9669,C0635,P0063,2026-09-05,2839.82,REFUNDED
9670,C0644,P0337,2026-09-04,4006.64,REFUNDED
9671,C0571,P0040,2026-09-05,4006.02,COMPLETED
9672,C0840,P0040,2026-09-01,600.23,CANCELLED
9673,C0846,P0129,2026-09-01,842.58,CANCELLED
9674,C0213,P0481,2026-09-05,2777.51,COMPLETED
9675,C0051,P0279,2026-09-03,1283.94,COMPLETED
9676,C0190,P0106,2026-09-02,3330.23,REFUNDED
9677,C0152,P0254,2026-09-05,511.56,REFUNDED
9678,C0057,P0362,2026-09-03,3192.59,REFUNDED
9679,C0669,P0377,2026-09-04,2414.16,COMPLETED
9680,C0358,P0417,2026-09-05,3675.47,COMPLETED
9681,C0038,P0183,2026-09-01,3939.19,COMPLETED
9682,C0149,P0460,2026-09-02,4221.56,REFUNDED
9683,C0875,P0469,2026-09-01,1658.39,COMPLETED
9684,C0034,P0440,2026-09-04,2216.12,REFUNDED
9685,C0684,P0113,2026-09-04,2055.84,CANCELLED
9686,C0592,P0228,2026-09-03,4535.33,REFUNDED
9687,C0859,P0366,2026-09-01,885.86,REFUNDED
9688,C0618,P0155,2026-09-04,789.66,REFUNDED
9689,C0306,P0483,2026-09-03,4893.2,REFUNDED
9690,C0340,P0188,2026-09-02,3263.08,CANCELLED
9691,C0943,P0400,2026-09-01,3298.27,REFUNDED
9692,C0090,P0283,2026-09-03,3179.99,REFUNDED
9693,C0051,P0150,2026-09-02,1855.15,CANCELLED
9694,C0112,P0445,2026-09-03,1515.4,COMPLETED
9695,C0427,P0335,2026-09-01,2125.27,REFUNDED
9696,C0183,P0126,2026-09-02,3490.12,COMPLETED
9697,C0166,P0270,2026-09-02,1279.25,REFUNDED
9698,C0689,P0458,2026-09-05,71.64,CANCELLED
9699,C0292,P0137,2026-09-03,1320.52,COMPLETED
9700,C0626,P0164,2026-09-01,1880.1,REFUNDED
9701,C0677,P0358,2026-09-02,4065.83,REFUNDED
9702,C0709,P0278,2026-09-02,1733.54,COMPLETED
9703,C0717,P0258,2026-09-05,1698.19,REFUNDED
9704,C0610,P0054,2026-09-05,674.04,COMPLETED
9705,C0587,P0028,2026-09-03,2069.06,COMPLETED
9706,C0807,P0178,2026-09-04,3543.18,REFUNDED
9707,C0576,P0462,2026-09-04,2172.08,COMPLETED
9708,C0182,P0211,2026-09-03,2523.63,REFUNDED
9709,C0990,P0362,2026-09-02,2462.08,COMPLETED
9710,C0467,P0487,2026-09-04,2717.72,CANCELLED
9711,C0768,P0319,2026-09-03,4019.95,CANCELLED
9712,C0593,P0249,2026-09-02,1592.49,REFUNDED
9713,C0369,P0144,2026-09-02,3978.25,COMPLETED
9714,C0954,P0041,2026-09-02,1198.83,COMPLETED
9715,C0037,P0105,2026-09-02,727.65,REFUNDED
9716,C0096,P0467,2026-09-05,2079.22,CANCELLED
9717,C0787,P0071,2026-09-02,4931.51,CANCELLED
9718,C0307,P0431,2026-09-05,2903.96,CANCELLED
9719,C0331,P0500,2026-09-02,3023.0,CANCELLED
9720,C0378,P0267,2026-09-01,1351.12,COMPLETED
9721,C0920,P0119,2026-09-02,4126.23,CANCELLED
9722,C0389,P0157,2026-09-01,225.06,REFUNDED
9723,C0840,P0380,2026-09-02,2621.77,REFUNDED
9724,C0070,P0284,2026-09-03,3486.69,REFUNDED
9725,C0777,P0108,2026-09-04,4132.81,CANCELLED
9726,C0438,P0063,2026-09-05,2031.52,CANCELLED
9727,C0864,P0191,2026-09-01,1916.3,COMPLETED
9728,C0564,P0372,2026-09-02,3320.41,REFUNDED
9729,C0067,P0418,2026-09-02,4107.1,COMPLETED
9730,C0300,P0404,2026-09-01,753.48,REFUNDED
9731,C0483,P0073,2026-09-02,4801.46,COMPLETED
9732,C0138,P0019,2026-09-01,4454.47,COMPLETED
9733,C0125,P0121,2026-09-02,2835.89,CANCELLED
9734,C0712,P0358,2026-09-02,959.52,CANCELLED
9735,C0881,P0226,2026-09-03,3443.98,REFUNDED
9736,C0282,P0333,2026-09-04,790.85,REFUNDED
9737,C0338,P0392,2026-09-04,2842.96,CANCELLED
9738,C0540,P0233,2026-09-04,1903.9,CANCELLED
9739,C0424,P0488,2026-09-01,1718.94,COMPLETED
9740,C0538,P0059,2026-09-01,165.65,COMPLETED
9741,C0215,P0011,2026-09-04,565.71,COMPLETED
9742,C0713,P0256,2026-09-04,3877.63,REFUNDED
9743,C0215,P0429,2026-09-03,233.77,CANCELLED
9744,C0627,P0018,2026-09-01,3234.41,REFUNDED
9745,C0060,P0139,2026-09-04,4584.24,COMPLETED
9746,C0112,P0143,2026-09-04,167.6,REFUNDED
9747,C0586,P0302,2026-09-02,3620.45,COMPLETED
9748,C0748,P0197,2026-09-04,4783.12,REFUNDED
9749,C0645,P0154,2026-09-05,3407.17,REFUNDED
9750,C0542,P0424,2026-09-05,904.59,REFUNDED
9751,C0090,P0495,2026-09-03,326.29,CANCELLED
9752,C0496,P0044,2026-09-03,2940.89,COMPLETED
9753,C0742,P0031,2026-09-02,1083.49,COMPLETED
9754,C0706,P0143,2026-09-01,1581.23,CANCELLED
9755,C0620,P0438,2026-09-02,214.16,CANCELLED
9756,C0957,P0313,2026-09-03,2210.3,COMPLETED
9757,C0808,P0197,2026-09-03,2404.34,CANCELLED
9758,C0724,P0254,2026-09-02,859.77,REFUNDED
9759,C0295,P0010,2026-09-01,616.8,REFUNDED
9760,C0438,P0442,2026-09-01,952.49,COMPLETED
9761,C0624,P0196,2026-09-02,415.73,REFUNDED
9762,C0869,P0197,2026-09-02,3262.81,REFUNDED
9763,C0325,P0228,2026-09-05,3445.04,COMPLETED
9764,C0266,P0023,2026-09-05,3786.8,REFUNDED
9765,C0539,P0115,2026-09-03,4098.59,COMPLETED
9766,C0589,P0106,2026-09-04,2961.42,COMPLETED
9767,C0639,P0195,2026-09-02,3194.21,REFUNDED
9768,C0363,P0095,2026-09-02,4203.44,CANCELLED
9769,C0950,P0338,2026-09-01,3716.13,REFUNDED
9770,C0133,P0221,2026-09-02,829.88,CANCELLED
9771,C0630,P0273,2026-09-03,4603.33,COMPLETED
9772,C0577,P0027,2026-09-02,3926.82,REFUNDED
9773,C0509,P0339,2026-09-01,3066.53,CANCELLED
9774,C0533,P0157,2026-09-02,606.75,REFUNDED
9775,C0747,P0017,2026-09-05,4258.0,CANCELLED
9776,C0648,P0278,2026-09-03,1160.44,CANCELLED
9777,C0510,P0391,2026-09-04,2427.9,CANCELLED
9778,C0505,P0179,2026-09-01,840.1,COMPLETED
9779,C0828,P0480,2026-09-05,4602.24,REFUNDED
9780,C0185,P0014,2026-09-01,258.51,REFUNDED
9781,C0905,P0466,2026-09-01,325.48,CANCELLED
9782,C0625,P0312,2026-09-04,2818.17,COMPLETED
9783,C0239,P0387,2026-09-02,4428.08,REFUNDED
9784,C0726,P0458,2026-09-02,2578.99,COMPLETED
9785,C0298,P0173,2026-09-02,3279.22,COMPLETED
9786,C0199,P0473,2026-09-03,2250.13,CANCELLED
9787,C0002,P0425,2026-09-01,1434.65,CANCELLED
9788,C0122,P0465,2026-09-03,2297.45,REFUNDED
9789,C0025,P0135,2026-09-01,318.0,CANCELLED
9790,C0477,P0415,2026-09-04,1466.06,REFUNDED
9791,C0641,P0386,2026-09-04,2820.32,COMPLETED
9792,C0816,P0303,2026-09-03,2480.43,CANCELLED
9793,C0121,P0111,2026-09-05,2730.29,COMPLETED
9794,C0756,P0388,2026-09-04,4451.24,COMPLETED
9795,C0869,P0015,2026-09-01,3956.97,REFUNDED
9796,C0213,P0175,2026-09-04,4458.79,CANCELLED
9797,C0819,P0372,2026-09-04,4670.99,CANCELLED
9798,C0631,P0425,2026-09-03,357.59,COMPLETED
9799,C0425,P0319,2026-09-03,1007.9,CANCELLED
9800,C0424,P0223,2026-09-04,835.96,REFUNDED
9801,C0047,P0444,2026-09-01,3318.16,CANCELLED
9802,C0342,P0219,2026-09-05,4161.44,REFUNDED
9803,C0359,P0401,2026-09-05,3749.09,REFUNDED
9804,C0574,P0374,2026-09-02,177.67,COMPLETED
9805,C0826,P0476,2026-09-03,441.79,REFUNDED
9806,C0653,P0377,2026-09-01,4984.3,CANCELLED
9807,C0218,P0386,2026-09-04,2135.87,COMPLETED
9808,C0012,P0030,2026-09-03,2905.76,REFUNDED
9809,C0656,P0414,2026-09-05,312.43,REFUNDED
9810,C0207,P0056,2026-09-02,1491.12,REFUNDED
9811,C0707,P0284,2026-09-05,2108.99,COMPLETED
9812,C0289,P0199,2026-09-04,2124.48,REFUNDED
9813,C0261,P0488,2026-09-02,2541.18,REFUNDED
9814,C0810,P0370,2026-09-04,1654.02,COMPLETED
9815,C0070,P0478,2026-09-02,3716.23,COMPLETED
9816,C0316,P0348,2026-09-03,1390.22,REFUNDED
9817,C0308,P0148,2026-09-05,2071.34,COMPLETED
9818,C0519,P0440,2026-09-01,4230.98,CANCELLED
9819,C0564,P0481,2026-09-02,2113.93,COMPLETED
9820,C0332,P0274,2026-09-02,3478.42,CANCELLED
9821,C0786,P0238,2026-09-03,146.29,REFUNDED
9822,C0007,P0218,2026-09-05,2161.61,CANCELLED
9823,C0117,P0294,2026-09-01,4160.06,CANCELLED
9824,C0703,P0369,2026-09-05,1363.08,CANCELLED
9825,C0342,P0291,2026-09-03,820.38,CANCELLED
9826,C0350,P0394,2026-09-04,3156.75,CANCELLED
9827,C0406,P0266,2026-09-04,4588.24,REFUNDED
9828,C0742,P0134,2026-09-05,4996.65,COMPLETED
9829,C0583,P0084,2026-09-03,925.58,COMPLETED
9830,C0631,P0492,2026-09-03,2332.11,CANCELLED
9831,C0984,P0196,2026-09-05,2292.59,REFUNDED
9832,C0030,P0240,2026-09-02,2355.59,COMPLETED
9833,C0853,P0382,2026-09-02,1290.51,CANCELLED
9834,C0180,P0474,2026-09-04,2499.35,CANCELLED
9835,C0199,P0122,2026-09-02,4535.39,CANCELLED
9836,C0339,P0068,2026-09-02,1341.31,CANCELLED
9837,C0854,P0465,2026-09-04,2235.52,CANCELLED
9838,C0347,P0008,2026-09-05,4061.79,COMPLETED
9839,C0945,P0144,2026-09-01,3510.42,REFUNDED
9840,C0689,P0410,2026-09-02,1399.29,COMPLETED
9841,C0491,P0350,2026-09-01,1624.5,COMPLETED
9842,C0939,P0487,2026-09-02,2367.11,REFUNDED
9843,C0486,P0141,2026-09-01,3888.41,CANCELLED
9844,C0817,P0044,2026-09-01,311.65,COMPLETED
9845,C0037,P0128,2026-09-01,2198.18,REFUNDED
9846,C0662,P0395,2026-09-01,754.28,REFUNDED
9847,C0140,P0278,2026-09-05,3093.37,CANCELLED
9848,C0494,P0152,2026-09-04,2525.61,REFUNDED
9849,C0160,P0173,2026-09-05,2296.11,CANCELLED
9850,C0643,P0293,2026-09-01,4610.33,REFUNDED
9851,C0472,P0203,2026-09-02,2751.49,REFUNDED
9852,C0914,P0020,2026-09-03,817.56,REFUNDED
9853,C0886,P0316,2026-09-05,2636.14,COMPLETED
9854,C0550,P0141,2026-09-04,3988.05,COMPLETED
9855,C0918,P0186,2026-09-05,724.84,REFUNDED
9856,C0344,P0138,2026-09-01,3993.41,CANCELLED
9857,C0474,P0338,2026-09-01,775.81,REFUNDED
9858,C0803,P0129,2026-09-04,2035.22,CANCELLED
9859,C0834,P0401,2026-09-01,3611.79,REFUNDED
9860,C0424,P0335,2026-09-04,3551.85,CANCELLED
9861,C0951,P0415,2026-09-03,3791.65,COMPLETED
9862,C0761,P0396,2026-09-01,1322.93,REFUNDED
9863,C0058,P0312,2026-09-02,2215.86,REFUNDED
9864,C0856,P0007,2026-09-05,56.48,CANCELLED
9865,C0534,P0064,2026-09-02,1019.58,REFUNDED
9866,C0307,P0158,2026-09-03,2488.82,CANCELLED
9867,C0579,P0292,2026-09-01,3245.1,CANCELLED
9868,C0743,P0339,2026-09-05,4710.46,CANCELLED
9869,C0695,P0165,2026-09-05,214.71,CANCELLED
9870,C0324,P0429,2026-09-05,1966.6,CANCELLED
9871,C0569,P0136,2026-09-03,3600.31,COMPLETED
9872,C0549,P0434,2026-09-03,2736.61,REFUNDED
9873,C0020,P0092,2026-09-02,102.34,COMPLETED
9874,C0214,P0228,2026-09-05,1046.26,REFUNDED
9875,C0592,P0237,2026-09-03,3465.37,REFUNDED
9876,C0702,P0009,2026-09-01,4820.29,CANCELLED
9877,C0340,P0226,2026-09-04,2037.03,CANCELLED
9878,C0819,P0005,2026-09-01,1562.79,REFUNDED
9879,C0939,P0239,2026-09-02,2386.15,CANCELLED
9880,C0910,P0019,2026-09-02,4356.23,COMPLETED
9881,C0815,P0495,2026-09-02,4198.66,REFUNDED
9882,C0363,P0184,2026-09-04,3198.09,COMPLETED
9883,C0068,P0246,2026-09-04,764.51,REFUNDED
9884,C0993,P0327,2026-09-03,2934.03,REFUNDED
9885,C0153,P0433,2026-09-02,995.0,COMPLETED
9886,C0288,P0285,2026-09-02,659.89,REFUNDED
9887,C0861,P0112,2026-09-05,912.29,CANCELLED
9888,C0032,P0210,2026-09-04,3820.67,REFUNDED
9889,C0348,P0030,2026-09-02,1349.42,CANCELLED
9890,C0385,P0297,2026-09-02,2805.39,REFUNDED
9891,C0642,P0481,2026-09-01,1836.77,CANCELLED
9892,C0548,P0041,2026-09-03,4915.76,REFUNDED
9893,C0863,P0142,2026-09-03,3377.64,CANCELLED
9894,C0170,P0460,2026-09-02,1386.78,REFUNDED
9895,C0585,P0313,2026-09-02,4200.35,COMPLETED
9896,C0621,P0283,2026-09-01,3969.43,COMPLETED
9897,C0399,P0161,2026-09-04,469.47,COMPLETED
9898,C0192,P0489,2026-09-02,3039.45,REFUNDED
9899,C0610,P0033,2026-09-04,4886.67,REFUNDED
9900,C0120,P0226,2026-09-03,2804.02,REFUNDED
9901,C0886,P0093,2026-09-03,1345.37,REFUNDED
9902,C0802,P0133,2026-09-05,147.62,CANCELLED
9903,C0770,P0393,2026-09-04,2227.96,REFUNDED
9904,C0316,P0403,2026-09-02,4658.26,COMPLETED
9905,C0723,P0142,2026-09-02,636.57,CANCELLED
9906,C0879,P0133,2026-09-01,55.81,COMPLETED
9907,C0323,P0445,2026-09-05,2596.46,COMPLETED
9908,C0727,P0254,2026-09-02,3633.46,REFUNDED
9909,C0033,P0066,2026-09-02,2031.91,CANCELLED
9910,C0279,P0117,2026-09-03,4367.5,COMPLETED
9911,C0424,P0323,2026-09-03,558.72,COMPLETED
9912,C0089,P0090,2026-09-03,894.22,REFUNDED
9913,C0509,P0076,2026-09-04,2423.72,CANCELLED
9914,C0899,P0447,2026-09-01,3261.88,COMPLETED
9915,C0244,P0317,2026-09-03,3636.43,CANCELLED
9916,C0381,P0336,2026-09-05,321.33,CANCELLED
9917,C0463,P0026,2026-09-05,4143.7,COMPLETED
9918,C0850,P0120,2026-09-04,338.17,REFUNDED
9919,C0974,P0059,2026-09-05,1169.14,CANCELLED
9920,C0310,P0336,2026-09-05,2152.01,REFUNDED
9921,C0222,P0020,2026-09-05,2762.46,COMPLETED
9922,C0538,P0095,2026-09-03,1896.3,CANCELLED
9923,C0310,P0351,2026-09-01,2241.04,COMPLETED
9924,C0180,P0260,2026-09-03,1927.57,REFUNDED
9925,C0115,P0441,2026-09-04,3511.97,REFUNDED
9926,C0384,P0226,2026-09-01,3258.18,CANCELLED
9927,C0804,P0297,2026-09-02,1503.67,REFUNDED
9928,C0039,P0163,2026-09-01,462.03,COMPLETED
9929,C0797,P0022,2026-09-03,315.86,CANCELLED
9930,C0207,P0284,2026-09-05,4873.51,COMPLETED
9931,C0936,P0368,2026-09-04,503.37,COMPLETED
9932,C0095,P0117,2026-09-05,4635.55,REFUNDED
9933,C0455,P0032,2026-09-03,2874.72,COMPLETED
9934,C0519,P0488,2026-09-01,52.49,COMPLETED
9935,C0026,P0366,2026-09-05,3397.61,COMPLETED
9936,C0819,P0133,2026-09-03,302.43,REFUNDED
9937,C0495,P0500,2026-09-02,575.37,REFUNDED
9938,C0927,P0132,2026-09-04,2798.57,COMPLETED
9939,C0513,P0009,2026-09-04,1842.5,REFUNDED
9940,C0158,P0348,2026-09-03,3646.24,REFUNDED
9941,C0195,P0433,2026-09-05,108.51,COMPLETED
9942,C0349,P0440,2026-09-02,287.92,COMPLETED
9943,C0946,P0435,2026-09-04,1772.68,COMPLETED
9944,C0496,P0181,2026-09-04,1480.85,COMPLETED
9945,C0751,P0277,2026-09-02,2394.1,REFUNDED
9946,C0895,P0368,2026-09-02,3446.08,REFUNDED
9947,C0537,P0023,2026-09-05,4654.94,CANCELLED
9948,C0318,P0308,2026-09-03,1186.74,CANCELLED
9949,C0795,P0121,2026-09-04,3429.25,CANCELLED
9950,C0336,P0180,2026-09-02,919.34,CANCELLED
9951,C0147,P0056,2026-09-03,455.45,COMPLETED
9952,C0788,P0040,2026-09-02,4949.3,CANCELLED
9953,C0893,P0260,2026-09-04,902.14,COMPLETED
9954,C0101,P0228,2026-09-04,4511.04,COMPLETED
9955,C0842,P0058,2026-09-04,2379.81,COMPLETED
9956,C0961,P0262,2026-09-03,4527.11,REFUNDED
9957,C0529,P0040,2026-09-02,3963.25,CANCELLED
9958,C0693,P0122,2026-09-02,2393.19,COMPLETED
9959,C0136,P0105,2026-09-03,3259.69,CANCELLED
9960,C0211,P0167,2026-09-05,3388.47,CANCELLED
9961,C0742,P0293,2026-09-02,3287.07,REFUNDED
9962,C0038,P0191,2026-09-01,4307.47,COMPLETED
9963,C0471,P0425,2026-09-04,1702.13,CANCELLED
9964,C0397,P0422,2026-09-01,1188.84,CANCELLED
9965,C0731,P0349,2026-09-04,3015.77,CANCELLED
9966,C0886,P0213,2026-09-03,1640.39,CANCELLED
9967,C0535,P0037,2026-09-05,4341.99,COMPLETED
9968,C0119,P0329,2026-09-01,4939.43,CANCELLED
9969,C0005,P0219,2026-09-02,3753.42,REFUNDED
9970,C0319,P0449,2026-09-05,1309.3,COMPLETED
9971,C0955,P0145,2026-09-02,3812.42,REFUNDED
9972,C0046,P0074,2026-09-01,1765.42,REFUNDED
9973,C0704,P0013,2026-09-03,1948.71,REFUNDED
9974,C0869,P0168,2026-09-05,3407.1,COMPLETED
9975,C0609,P0311,2026-09-02,3096.87,CANCELLED
9976,C0893,P0404,2026-09-02,3722.88,CANCELLED
9977,C0090,P0185,2026-09-05,3361.3,REFUNDED
9978,C0342,P0172,2026-09-03,870.53,CANCELLED
9979,C0479,P0500,2026-09-01,1442.34,CANCELLED
9980,C0911,P0209,2026-09-01,2052.09,CANCELLED
9981,C0048,P0460,2026-09-03,609.38,COMPLETED
9982,C0106,P0334,2026-09-04,3903.87,REFUNDED
9983,C0534,P0192,2026-09-02,1095.39,CANCELLED
9984,C0785,P0241,2026-09-01,1494.02,CANCELLED
9985,C0675,P0483,2026-09-02,4708.73,CANCELLED
9986,C0764,P0499,2026-09-05,3945.18,COMPLETED
9987,C0320,P0151,2026-09-03,4261.4,CANCELLED
9988,C0024,P0319,2026-09-03,509.93,CANCELLED
9989,C0592,P0016,2026-09-05,4495.45,CANCELLED
9990,C0777,P0083,2026-09-04,978.89,CANCELLED
9991,C0320,P0189,2026-09-02,2320.0,COMPLETED
9992,C0655,P0023,2026-09-04,3915.83,REFUNDED
9993,C0914,P0149,2026-09-02,3082.42,COMPLETED
9994,C0215,P0477,2026-09-04,1187.36,COMPLETED
9995,C0329,P0077,2026-09-02,2248.49,CANCELLED
9996,C0206,P0467,2026-09-04,2147.56,CANCELLED
9997,C0198,P0303,2026-09-02,3770.39,REFUNDED
9998,C0294,P0014,2026-09-05,3720.72,REFUNDED
9999,C0284,P0055,2026-09-03,3868.66,COMPLETED
10000,C0546,P0312,2026-09-02,3449.3,REFUNDED
